sequence_index,phase,time_s,cluster_id,observed_liquid_share,prior_liquid_share,posterior_liquid_share,observed_sand_share,prior_sand_share,posterior_sand_share,prior_half_length_m,posterior_half_length_m,fiber_liquid_allocation,posterior_cluster_factor,posterior_sand_transport_factor,allocation_source
0,calibration,1.0,0,0.16666666666666666,0.16666666666666666,0.16666666666666666,0.16666666666666666,0.16666666666666666,0.16666666666666666,3.199114912525334e-05,3.200043036895673e-05,0.16666666666666669,1.0,1.0,fiber_incremental_liquid_weight
0,calibration,1.0,1,0.16666666666666666,0.16666666666666666,0.16666666666666666,0.16666666666666666,0.16666666666666666,0.16666666666666666,3.199114912525334e-05,3.200043036895673e-05,0.16666666666666669,1.0,1.0,fiber_incremental_liquid_weight
0,calibration,1.0,2,0.16666666666666666,0.16666666666666666,0.16666666666666666,0.16666666666666666,0.16666666666666666,0.16666666666666666,3.199114912525334e-05,3.200043036895673e-05,0.16666666666666669,1.0,1.0,fiber_incremental_liquid_weight
0,calibration,1.0,3,0.16666666666666666,0.16666666666666666,0.16666666666666666,0.16666666666666666,0.16666666666666666,0.16666666666666666,3.199114912525334e-05,3.200043036895673e-05,0.16666666666666669,1.0,1.0,fiber_incremental_liquid_weight
0,calibration,1.0,4,0.16666666666666666,0.16666666666666666,0.16666666666666666,0.16666666666666666,0.16666666666666666,0.16666666666666666,3.199114912525334e-05,3.200043036895673e-05,0.16666666666666669,1.0,1.0,fiber_incremental_liquid_weight
0,calibration,1.0,5,0.16666666666666666,0.16666666666666666,0.16666666666666666,0.16666666666666666,0.16666666666666666,0.16666666666666666,3.199114912525334e-05,3.200043036895673e-05,0.16666666666666669,1.0,1.0,fiber_incremental_liquid_weight
1,calibration,75.0,0,0.16666666666666666,0.16666666666666666,0.16666666666666666,0.16666666666666666,0.16666666666666666,0.16666666666666666,0.0010119040267990084,0.0010163878049010708,0.16666666666666666,1.0,1.0,fiber_incremental_liquid_weight
1,calibration,75.0,1,0.16666666666666666,0.16666666666666666,0.16666666666666666,0.16666666666666666,0.16666666666666666,0.16666666666666666,0.0010119040267990084,0.0010163878049010708,0.16666666666666666,1.0,1.0,fiber_incremental_liquid_weight
1,calibration,75.0,2,0.16666666666666666,0.16666666666666666,0.16666666666666666,0.16666666666666666,0.16666666666666666,0.16666666666666666,0.0010119040267990084,0.0010163878049010708,0.16666666666666666,1.0,1.0,fiber_incremental_liquid_weight
1,calibration,75.0,3,0.16666666666666666,0.16666666666666666,0.16666666666666666,0.16666666666666666,0.16666666666666666,0.16666666666666666,0.0010119040267990084,0.0010163878049010708,0.16666666666666666,1.0,1.0,fiber_incremental_liquid_weight
1,calibration,75.0,4,0.16666666666666666,0.16666666666666666,0.16666666666666666,0.16666666666666666,0.16666666666666666,0.16666666666666666,0.0010119040267990084,0.0010163878049010708,0.16666666666666666,1.0,1.0,fiber_incremental_liquid_weight
1,calibration,75.0,5,0.16666666666666666,0.16666666666666666,0.16666666666666666,0.16666666666666666,0.16666666666666666,0.16666666666666666,0.0010119040267990084,0.0010163878049010708,0.16666666666666666,1.0,1.0,fiber_incremental_liquid_weight
2,calibration,150.0,0,0.16666666666666666,0.16666666666666666,0.16666666666666666,0.16666666666666666,0.16666666666666666,0.16666666666666666,0.001769540417095044,0.001776104283907211,0.16666666666666666,1.0,1.0,fiber_incremental_liquid_weight
2,calibration,150.0,1,0.16666666666666666,0.16666666666666666,0.16666666666666666,0.16666666666666666,0.16666666666666666,0.16666666666666666,0.001769540417095044,0.001776104283907211,0.16666666666666666,1.0,1.0,fiber_incremental_liquid_weight
2,calibration,150.0,2,0.16666666666666666,0.16666666666666666,0.16666666666666666,0.16666666666666666,0.16666666666666666,0.16666666666666666,0.001769540417095044,0.001776104283907211,0.16666666666666666,1.0,1.0,fiber_incremental_liquid_weight
2,calibration,150.0,3,0.16666666666666666,0.16666666666666666,0.16666666666666666,0.16666666666666666,0.16666666666666666,0.16666666666666666,0.001769540417095044,0.001776104283907211,0.16666666666666666,1.0,1.0,fiber_incremental_liquid_weight
2,calibration,150.0,4,0.16666666666666666,0.16666666666666666,0.16666666666666666,0.16666666666666666,0.16666666666666666,0.16666666666666666,0.001769540417095044,0.001776104283907211,0.16666666666666666,1.0,1.0,fiber_incremental_liquid_weight
2,calibration,150.0,5,0.16666666666666666,0.16666666666666666,0.16666666666666666,0.16666666666666666,0.16666666666666666,0.16666666666666666,0.001769540417095044,0.001776104283907211,0.16666666666666666,1.0,1.0,fiber_incremental_liquid_weight
3,calibration,226.0,0,0.16666666666666666,0.16666666666666666,0.16666666666666666,0.16666666666666666,0.16666666666666666,0.16666666666666666,0.0024647038808093087,0.002468021223555558,0.16666666666666666,1.0,1.0,fiber_incremental_liquid_weight
3,calibration,226.0,1,0.16666666666666666,0.16666666666666666,0.16666666666666666,0.16666666666666666,0.16666666666666666,0.16666666666666666,0.0024647038808093087,0.002468021223555558,0.16666666666666666,1.0,1.0,fiber_incremental_liquid_weight
3,calibration,226.0,2,0.16666666666666666,0.16666666666666666,0.16666666666666666,0.16666666666666666,0.16666666666666666,0.16666666666666666,0.0024647038808093087,0.002468021223555558,0.16666666666666666,1.0,1.0,fiber_incremental_liquid_weight
3,calibration,226.0,3,0.16666666666666666,0.16666666666666666,0.16666666666666666,0.16666666666666666,0.16666666666666666,0.16666666666666666,0.0024647038808093087,0.002468021223555558,0.16666666666666666,1.0,1.0,fiber_incremental_liquid_weight
3,calibration,226.0,4,0.16666666666666666,0.16666666666666666,0.16666666666666666,0.16666666666666666,0.16666666666666666,0.16666666666666666,0.0024647038808093087,0.002468021223555558,0.16666666666666666,1.0,1.0,fiber_incremental_liquid_weight
3,calibration,226.0,5,0.16666666666666666,0.16666666666666666,0.16666666666666666,0.16666666666666666,0.16666666666666666,0.16666666666666666,0.0024647038808093087,0.002468021223555558,0.16666666666666666,1.0,1.0,fiber_incremental_liquid_weight
4,calibration,301.0,0,0.1662492927720709,0.1662492927720709,0.1662492927720709,0.16666666666666666,0.18326424517869877,0.18326424517825446,7.299283661029475,7.312344731406473,0.20601224048961958,1.0,1.0,fiber_incremental_liquid_weight
4,calibration,301.0,1,0.16751215715857903,0.16751215715857903,0.16751215715857903,0.16666666666666666,0.17216114344854497,0.17216114344839778,7.331519938253303,7.344638691042035,0.17705108204328174,1.0,1.0,fiber_incremental_liquid_weight
4,calibration,301.0,2,0.18362939426276018,0.18362939426276018,0.18362939426276018,0.16666666666666666,0.1817617758669132,0.18176177586650893,7.755586444715973,7.769464006552641,0.171386855474219,1.0,1.0,fiber_incremental_liquid_weight
4,calibration,301.0,3,0.16131401556657415,0.16131401556657415,0.16131401556657415,0.16666666666666666,0.1602769048717919,0.16027690487196286,7.168699845197151,7.181527253685133,0.1608264330573223,1.0,1.0,fiber_incremental_liquid_weight
4,calibration,301.0,4,0.16569385525361932,0.16569385525361932,0.16569385525361932,0.16666666666666666,0.15779918637279658,0.15779918637303406,7.29270172592515,7.305751018828959,0.1485699427977119,1.0,1.0,fiber_incremental_liquid_weight
4,calibration,301.0,5,0.15560128498639658,0.15560128498639658,0.15560128498639658,0.16666666666666666,0.14473674426125457,0.14473674426184183,7.019204745672813,7.031764653114588,0.13615344613784552,1.0,1.0,fiber_incremental_liquid_weight
5,calibration,376.0,0,0.17108715581829106,0.17108715581829106,0.17108715581829106,0.16666666666666666,0.17535052607541562,0.17535346626204618,13.445864282494739,13.46117052406266,0.17010360414416578,1.0,1.0,fiber_incremental_liquid_weight
5,calibration,376.0,1,0.17454761314022216,0.17454761314022216,0.17454761314022216,0.16666666666666666,0.16818398450550429,0.16818546214065916,13.61150218364742,13.626996980868928,0.1534629385175407,1.0,1.0,fiber_incremental_liquid_weight
5,calibration,376.0,2,0.18384170475341088,0.18384170475341088,0.18384170475341088,0.16666666666666666,0.18701836908749273,0.1870164161037046,14.05657457613714,14.07257602621573,0.18823552942117683,1.0,1.0,fiber_incremental_liquid_weight
5,calibration,376.0,3,0.15862127103552198,0.15862127103552198,0.15862127103552198,0.16666666666666666,0.16145912577408755,0.16145868654317153,12.856699157695918,12.871334716923599,0.16989879595183807,1.0,1.0,fiber_incremental_liquid_weight
5,calibration,376.0,4,0.16402861479205805,0.16402861479205805,0.16402861479205805,0.16666666666666666,0.16013510240671924,0.16013423454307615,13.138218313517191,13.153174343048185,0.15896715868634745,1.0,1.0,fiber_incremental_liquid_weight
5,calibration,376.0,5,0.14787364046049598,0.14787364046049598,0.14787364046049598,0.16666666666666666,0.14785289215078048,0.14785173440734234,12.335320812007858,12.34936285469099,0.15933197327893114,1.0,1.0,fiber_incremental_liquid_weight
6,calibration,451.0,0,0.16880511525931322,0.16880511525931322,0.16880511525931322,0.16666666666666666,0.1720675508042105,0.17206938306482417,18.35989198782735,18.37898608485493,0.16717272082883317,1.0,1.0,fiber_incremental_liquid_weight
6,calibration,451.0,1,0.16925930963653063,0.16925930963653063,0.16925930963653063,0.16666666666666666,0.16775247789637054,0.16775271933288577,18.38751633101334,18.406639157070995,0.16365258770350813,1.0,1.0,fiber_incremental_liquid_weight
6,calibration,451.0,2,0.18207462169942598,0.18207462169942598,0.18207462169942598,0.16666666666666666,0.18836012768341823,0.188359378415875,19.229523375117324,19.24952187975787,0.19182310588423537,1.0,1.0,fiber_incremental_liquid_weight
6,calibration,451.0,3,0.16253128079019435,0.16253128079019435,0.16253128079019435,0.16666666666666666,0.16642744758195105,0.16642467694914953,17.95008601008583,17.968753913151776,0.1855957591903676,1.0,1.0,fiber_incremental_liquid_weight
6,calibration,451.0,4,0.16900165319562893,0.16900165319562893,0.16900165319562893,0.16666666666666666,0.16491333205530048,0.16491066718085276,18.401899920165846,18.421037705006864,0.1700654317372695,1.0,1.0,fiber_incremental_liquid_weight
6,calibration,451.0,5,0.14832801941890683,0.14832801941890683,0.14832801941890683,0.16666666666666666,0.1404790639787492,0.1404831750564129,16.995393611436498,17.01306864432089,0.12169039465578624,1.0,1.0,fiber_incremental_liquid_weight
7,calibration,526.0,0,0.1758539283946649,0.1758539283946649,0.1758539283946649,0.16666666666666666,0.17633975093398863,0.1763381904323967,23.517313266931303,23.530745590908843,0.1887625441657666,1.0,1.0,fiber_incremental_liquid_weight
7,calibration,526.0,1,0.1670051990317461,0.1670051990317461,0.1670051990317461,0.16666666666666666,0.16477297509819105,0.16477406397291217,22.784857829801737,22.797871799071018,0.1509065175407016,1.0,1.0,fiber_incremental_liquid_weight
7,calibration,526.0,2,0.1821083731759141,0.1821083731759141,0.1821083731759141,0.16666666666666666,0.19336221666109896,0.1933603884961057,24.033704198359718,24.047431468031565,0.21986862117684705,1.0,1.0,fiber_incremental_liquid_weight
7,calibration,526.0,3,0.1597328321368692,0.1597328321368692,0.1597328321368692,0.16666666666666666,0.16281240419988263,0.16281372421669318,22.19765780238932,22.210336382113105,0.15574315183807352,1.0,1.0,fiber_incremental_liquid_weight
7,calibration,526.0,4,0.16837943021355586,0.16837943021355586,0.16837943021355586,0.16666666666666666,0.16454287156977737,0.16454300597169647,22.948617713864657,22.961725217450223,0.1577250863474539,1.0,1.0,fiber_incremental_liquid_weight
7,calibration,526.0,5,0.1469202370472499,0.1469202370472499,0.1469202370472499,0.16666666666666666,0.13816978153706133,0.1381706269101956,21.118504552406982,21.13056675491495,0.12699407893115724,1.0,1.0,fiber_incremental_liquid_weight
8,calibration,601.0,0,0.17564353834732452,0.17564353834732452,0.17564353834732452,0.16666666666666666,0.17666890891236894,0.17666882081772822,27.892239428276767,27.901970930133878,0.1753784842850964,1.0,1.0,fiber_incremental_liquid_weight
8,calibration,601.0,1,0.16841334018616866,0.16841334018616866,0.16841334018616866,0.16666666666666666,0.1662761742430579,0.16627577412068006,27.184111177602624,27.19359561606404,0.1705365836932311,1.0,1.0,fiber_incremental_liquid_weight
8,calibration,601.0,2,0.18090720118782477,0.18090720118782477,0.18090720118782477,0.16666666666666666,0.1945060694864067,0.19450576430734545,28.41474316729752,28.42465696882689,0.21105736801404476,1.0,1.0,fiber_incremental_liquid_weight
8,calibration,601.0,3,0.15642510422020442,0.15642510422020442,0.15642510422020442,0.16666666666666666,0.15787502631968084,0.1578763418579505,26.01648398435931,26.025561041899277,0.1386581397986174,1.0,1.0,fiber_incremental_liquid_weight
8,calibration,601.0,4,0.16910993090057674,0.16910993090057674,0.16910993090057674,0.16666666666666666,0.16741744633942368,0.16741668066466772,27.310705759356335,27.320234366211277,0.17914707209087033,1.0,1.0,fiber_incremental_liquid_weight
8,calibration,601.0,5,0.14950088515790075,0.14950088515790075,0.14950088515790075,0.16666666666666666,0.13725637469906202,0.1372566182316281,25.33119519583567,25.340033158586017,0.12522235211814,1.0,1.0,fiber_incremental_liquid_weight
9,calibration,677.0,0,0.17536367355079935,0.17536367355079935,0.17536367355079935,0.16666666666666666,0.17714096076276126,0.17714092277264448,32.105230770608095,32.10764072371039,0.17841678497587157,1.0,1.0,fiber_incremental_liquid_weight
9,calibration,677.0,1,0.16985152180012916,0.16985152180012916,0.16985152180012916,0.16666666666666666,0.16697153686326152,0.16697148087963193,31.485068494301615,31.487431895425757,0.16667333445220897,1.0,1.0,fiber_incremental_liquid_weight
9,calibration,677.0,2,0.18006296650638626,0.18006296650638626,0.18006296650638626,0.16666666666666666,0.1908863917223095,0.19088668295034142,32.646787049124185,32.64923765370919,0.17343877044783568,1.0,1.0,fiber_incremental_liquid_weight
9,calibration,677.0,3,0.1568015508925107,0.1568015508925107,0.1568015508925107,0.16666666666666666,0.15977264604789115,0.15977249346428032,30.02200749507069,30.024261072707837,0.18168452784136097,1.0,1.0,fiber_incremental_liquid_weight
9,calibration,677.0,4,0.16877731988735672,0.16877731988735672,0.16877731988735672,0.16666666666666666,0.167561722611056,0.1675617109404476,31.43194039923927,31.434299812346044,0.1660445076796736,1.0,1.0,fiber_incremental_liquid_weight
9,calibration,677.0,5,0.14914296736281787,0.14914296736281787,0.14914296736281787,0.16666666666666666,0.1376667419927206,0.13766670899265432,29.14661040822643,29.148798274891416,0.13374207460304927,1.0,1.0,fiber_incremental_liquid_weight
10,calibration,752.0,0,0.17375818539431842,0.17375818539431842,0.17375818539431842,0.16666666666666666,0.17478090169696606,0.17478218471005716,35.91735210273292,35.94027016871265,0.15356136216107935,1.0,1.0,fiber_incremental_liquid_weight
10,calibration,752.0,1,0.16863857443011185,0.16863857443011185,0.16863857443011185,0.16666666666666666,0.17110352801417855,0.17110128164840618,35.26456942317685,35.28707096300295,0.20935692001978812,1.0,1.0,fiber_incremental_liquid_weight
10,calibration,752.0,2,0.18175086237513713,0.18175086237513713,0.18175086237513713,0.16666666666666666,0.18863360324860207,0.18863482812357538,36.93181367141404,36.95537904282705,0.17109943698247396,1.0,1.0,fiber_incremental_liquid_weight
10,calibration,752.0,3,0.1585401859384803,0.1585401859384803,0.1585401859384803,0.16666666666666666,0.15909420001280622,0.15909456876348674,33.9958224067817,34.01751438726861,0.157171397918759,1.0,1.0,fiber_incremental_liquid_weight
10,calibration,752.0,4,0.1683966093251706,0.1683966093251706,0.1683966093251706,0.16666666666666666,0.16659692169288987,0.16659744619550854,35.306302580169685,35.328830748997916,0.15544216201676128,1.0,1.0,fiber_incremental_liquid_weight
10,calibration,752.0,5,0.14891558253678164,0.14891558253678164,0.14891558253678164,0.16666666666666666,0.13979084533455732,0.139789690558966,32.755815496879386,32.77671625645181,0.1533687209011384,1.0,1.0,fiber_incremental_liquid_weight
11,calibration,827.0,0,0.17319647682763054,0.17319647682763054,0.17319647682763054,0.16666666666666666,0.17294618021725103,0.1729466154013657,39.7567636843375,39.768312581549644,0.15198218938695818,1.0,1.0,fiber_incremental_liquid_weight
11,calibration,827.0,1,0.16807519420494704,0.16807519420494704,0.16807519420494704,0.16666666666666666,0.17199225900002948,0.17199204781362368,39.03111563819713,39.04245374273099,0.18488405933276125,1.0,1.0,fiber_incremental_liquid_weight
11,calibration,827.0,2,0.18123683358498882,0.18123683358498882,0.18123683358498882,0.16666666666666666,0.18750302922600007,0.1875032974938084,40.88769125578891,40.89956867486921,0.17675574784867423,1.0,1.0,fiber_incremental_liquid_weight
11,calibration,827.0,3,0.1588850044001797,0.1588850044001797,0.1588850044001797,0.16666666666666666,0.15888410747807985,0.15888415736325637,37.750542579306654,37.76150869162437,0.15972926905408996,1.0,1.0,fiber_incremental_liquid_weight
11,calibration,827.0,4,0.16841862286358233,0.16841862286358233,0.16841862286358233,0.16666666666666666,0.16548114724233728,0.16548141183622786,39.15427810516394,39.16565198702319,0.1502285762425067,1.0,1.0,fiber_incremental_liquid_weight
11,calibration,827.0,5,0.15018786811867155,0.15018786811867155,0.15018786811867155,0.16666666666666666,0.14319327683630242,0.14319247009171807,36.51157986933077,36.52218607677541,0.17642015813500972,1.0,1.0,fiber_incremental_liquid_weight
12,calibration,902.0,0,0.1722286167867323,0.1722286167867323,0.1722286167867323,0.16666666666666666,0.16830579180350494,0.16830775799721526,44.81184167143355,44.83555808557553,0.12269356318799143,1.0,1.0,fiber_incremental_liquid_weight
12,calibration,902.0,1,0.16567863360038976,0.16567863360038976,0.16567863360038976,0.16666666666666666,0.16645746250801874,0.16645980736482863,43.75581244371673,43.77896996035357,0.12180742134918895,1.0,1.0,fiber_incremental_liquid_weight
12,calibration,902.0,2,0.18034707818263304,0.18034707818263304,0.18034707818263304,0.16666666666666666,0.18184014817230168,0.18184254749827067,46.093917991256866,46.11831293705092,0.13099366184221417,1.0,1.0,fiber_incremental_liquid_weight
12,calibration,902.0,3,0.1635446686718726,0.1635446686718726,0.1635446686718726,0.16666666666666666,0.17670360301202506,0.17669605338614144,43.43909702755448,43.46208692434588,0.35444438919394156,1.0,1.0,fiber_incremental_liquid_weight
12,calibration,902.0,4,0.1680806845752031,0.1680806845752031,0.1680806845752031,0.16666666666666666,0.162780343300258,0.1627814876712635,44.211102583314,44.234501059686096,0.12966390478002598,1.0,1.0,fiber_incremental_liquid_weight
12,calibration,902.0,5,0.1501203181831692,0.1501203181831692,0.1501203181831692,0.16666666666666666,0.14391265120389163,0.14391234608228057,41.269951267590706,41.291793156238306,0.1403970596466379,1.0,1.0,fiber_incremental_liquid_weight
13,calibration,977.0,0,0.1655346721941342,0.1655346721941342,0.1655346721941342,0.16666666666666666,0.16382210298417008,0.16382107295384118,50.08034528473692,50.06716060040841,0.12598341146131345,1.0,1.0,fiber_incremental_liquid_weight
13,calibration,977.0,1,0.1632484914990532,0.1632484914990532,0.1632484914990532,0.16666666666666666,0.16408534950294815,0.1640848042618172,49.64113047282959,49.62806142086372,0.14506883407642182,1.0,1.0,fiber_incremental_liquid_weight
13,calibration,977.0,2,0.1741742456993082,0.1741742456993082,0.1741742456993082,0.16666666666666666,0.17639158750283046,0.17639033581180616,51.62065838439661,51.60706818085949,0.13208015654149088,1.0,1.0,fiber_incremental_liquid_weight
13,calibration,977.0,3,0.1843556197330763,0.1843556197330763,0.1843556197330763,0.16666666666666666,0.18866168789545934,0.18866443553575163,53.447646021765095,53.433574826031666,0.29062520056713753,1.0,1.0,fiber_incremental_liquid_weight
13,calibration,977.0,4,0.16484361918555226,0.16484361918555226,0.16484361918555226,0.16666666666666666,0.1636803219717657,0.16368052836895558,49.96207552355923,49.948921976185886,0.16757642191282213,1.0,1.0,fiber_incremental_liquid_weight
13,calibration,977.0,5,0.14784335168887588,0.14784335168887588,0.14784335168887588,0.16666666666666666,0.14335895014282624,0.14335882306782818,46.77765359435987,46.76533841177149,0.1386659754408141,1.0,1.0,fiber_incremental_liquid_weight
14,calibration,1052.0,0,0.16252663923164637,0.16252663923164637,0.16252663923164637,0.16666666666666666,0.16051849906306842,0.16051735227860403,55.47062994763795,55.44839942321837,0.1303420328912405,1.0,1.0,fiber_incremental_liquid_weight
14,calibration,1052.0,1,0.1629770397149397,0.1629770397149397,0.1629770397149397,0.16666666666666666,0.16518069267163288,0.16518107320749523,55.543939701649606,55.52167979746134,0.17999253492097922,1.0,1.0,fiber_incremental_liquid_weight
14,calibration,1052.0,2,0.17366728808819495,0.17366728808819495,0.17366728808819495,0.16666666666666666,0.178575890225657,0.17857664913671586,57.70363887687068,57.68051344717281,0.20254176614193792,1.0,1.0,fiber_incremental_liquid_weight
14,calibration,1052.0,3,0.18749845624778072,0.18749845624778072,0.18749845624778072,0.16666666666666666,0.19012616375797123,0.19012667132790653,60.46686105644276,60.44262823210744,0.19665961517251723,1.0,1.0,fiber_incremental_liquid_weight
14,calibration,1052.0,4,0.16654451167441703,0.16654451167441703,0.16654451167441703,0.16666666666666666,0.1631668065259381,0.16316662814136634,56.29386699737159,56.2713065507688,0.15420779564496317,1.0,1.0,fiber_incremental_liquid_weight
14,calibration,1052.0,5,0.14678606504302127,0.14678606504302127,0.14678606504302127,0.16666666666666666,0.14243194775573234,0.1424316259079121,52.14904227431598,52.12814291624431,0.13625625522836202,1.0,1.0,fiber_incremental_liquid_weight
15,calibration,1128.0,0,0.16361176268994984,0.16361176268994984,0.16361176268994984,0.16666666666666666,0.1619067199324671,0.16190710508308898,61.514431331198175,61.49728559680729,0.17524637251268274,1.0,1.0,fiber_incremental_liquid_weight
15,calibration,1128.0,1,0.16434318111948734,0.16434318111948734,0.16434318111948734,0.16666666666666666,0.16660630344552138,0.1666066985377137,61.66244671482878,61.64525972455048,0.1853185772468915,1.0,1.0,fiber_incremental_liquid_weight
15,calibration,1128.0,2,0.1749037836679849,0.1749037836679849,0.1749037836679849,0.16666666666666666,0.18030149388679537,0.18030197203599213,64.02031717827776,64.00247298578171,0.2011178229029292,1.0,1.0,fiber_incremental_liquid_weight
15,calibration,1128.0,3,0.1835404110000159,0.1835404110000159,0.1835404110000159,0.16666666666666666,0.18686741477598146,0.18686651126805534,65.93683329738091,65.91845492005014,0.1510259250476481,1.0,1.0,fiber_incremental_liquid_weight
15,calibration,1128.0,4,0.16688798168435195,0.16688798168435195,0.16688798168435195,0.16666666666666666,0.16237260202803142,0.1623723819137582,62.27288373367835,62.25552659810633,0.14856710040832632,1.0,1.0,fiber_incremental_liquid_weight
15,calibration,1128.0,5,0.1467128798382101,0.1467128798382101,0.1467128798382101,0.16666666666666666,0.14194546593120339,0.1419453311613916,57.59401523126305,57.57796222278536,0.13872420188152218,1.0,1.0,fiber_incremental_liquid_weight
16,calibration,1203.0,0,0.16483558138153026,0.16483558138153026,0.16483558138153026,0.16666666666666666,0.1618680139285298,0.16186806569130477,67.41257278968608,67.50512915875888,0.15693971231129272,1.0,1.0,fiber_incremental_liquid_weight
16,calibration,1203.0,1,0.1646846725352543,0.1646846725352543,0.1646846725352543,0.16666666666666666,0.1700873257559899,0.17008271686363002,67.35255388148904,67.44502784557433,0.22215541728341498,1.0,1.0,fiber_incremental_liquid_weight
16,calibration,1203.0,2,0.17895128627672016,0.17895128627672016,0.17895128627672016,0.16666666666666666,0.18313982614065505,0.18313606837997537,70.83259128935872,70.92984328836211,0.21590707825085925,1.0,1.0,fiber_incremental_liquid_weight
16,calibration,1203.0,3,0.17929398999077903,0.17929398999077903,0.17929398999077903,0.16666666666666666,0.1830244058627374,0.1830294934084981,70.93001286377724,71.02739862102224,0.13756733225247447,1.0,1.0,fiber_incremental_liquid_weight
16,calibration,1203.0,4,0.16517614300334618,0.16517614300334618,0.16517614300334618,0.16666666666666666,0.16051478077455714,0.1605172405276881,67.53455928490115,67.62728313945338,0.1333794934031317,1.0,1.0,fiber_incremental_liquid_weight
16,calibration,1203.0,5,0.1470583268123699,0.1470583268123699,0.1470583268123699,0.16666666666666666,0.14136564753753061,0.14136641512890366,62.9443866995345,63.030808321575215,0.13405096649882686,1.0,1.0,fiber_incremental_liquid_weight
17,calibration,1278.0,0,0.16384721573033983,0.16384721573033983,0.16384721573033983,0.16666666666666666,0.16208032163150343,0.16207972133981358,72.7393647185188,72.96255147940106,0.1628370404767061,1.0,1.0,fiber_incremental_liquid_weight
17,calibration,1278.0,1,0.16354658736060804,0.16354658736060804,0.16354658736060804,0.16666666666666666,0.1712673295014064,0.17126397923888145,72.62969468501804,72.85254494447992,0.1985225846606462,1.0,1.0,fiber_incremental_liquid_weight
17,calibration,1278.0,2,0.17941905909909467,0.17941905909909467,0.17941905909909467,0.16666666666666666,0.1820676954308896,0.18207071695011023,76.82122307958055,77.05693423835258,0.16457248658531573,1.0,1.0,fiber_incremental_liquid_weight
17,calibration,1278.0,3,0.18112599323020387,0.18112599323020387,0.18112599323020387,0.16666666666666666,0.18061410784411222,0.18062093891739434,77.27784192075174,77.51495412668046,0.14318867270320873,1.0,1.0,fiber_incremental_liquid_weight
17,calibration,1278.0,4,0.16572435673091154,0.16572435673091154,0.16572435673091154,0.16666666666666666,0.16368205713368006,0.1636731065568119,73.27228360550994,73.4971055255754,0.20457823950090026,1.0,1.0,fiber_incremental_liquid_weight
17,calibration,1278.0,5,0.14633678784884208,0.14633678784884208,0.14633678784884208,0.16666666666666666,0.14028848845840827,0.1402915369969885,67.95189949776837,68.16039684172222,0.12630097607322294,1.0,1.0,fiber_incremental_liquid_weight
18,calibration,1353.0,0,0.16422347062426843,0.16422347062426843,0.16422347062426843,0.16666666666666666,0.16362645509823437,0.16362327152718098,78.41690120566072,78.59081677677274,0.18731800911758412,1.0,1.0,fiber_incremental_liquid_weight
18,calibration,1353.0,1,0.16389017363016017,0.16389017363016017,0.16389017363016017,0.16666666666666666,0.17080624053163374,0.17080718267419107,78.29094211714774,78.46457833206894,0.17326681111989062,1.0,1.0,fiber_incremental_liquid_weight
18,calibration,1353.0,2,0.17950223486234188,0.17950223486234188,0.17950223486234188,0.16666666666666666,0.182070059944792,0.18207006129707576,82.73104030624833,82.91452391631621,0.17863057238928684,1.0,1.0,fiber_incremental_liquid_weight
18,calibration,1353.0,3,0.1792097502588855,0.1792097502588855,0.1792097502588855,0.16666666666666666,0.1783305775693601,0.17833529171492615,82.66087767970973,82.84420568080716,0.1400420053339911,1.0,1.0,fiber_incremental_liquid_weight
18,calibration,1353.0,4,0.1666441162052886,0.1666441162052886,0.1666441162052886,0.16666666666666666,0.16416191702492985,0.16416091092879448,79.15302930941594,79.32857748953964,0.16785154559508297,1.0,1.0,fiber_incremental_liquid_weight
18,calibration,1353.0,5,0.14653025441905537,0.14653025441905537,0.14653025441905537,0.16666666666666666,0.14100474983104996,0.14100328185783145,73.2128041358519,73.37517789008383,0.1528910564441644,1.0,1.0,fiber_incremental_liquid_weight
19,calibration,1428.0,0,0.16501730543355234,0.16501730543355234,0.16501730543355234,0.16666666666666666,0.16375739193019992,0.16375704683418818,84.08483223702487,84.31432394043986,0.1642168898594369,1.0,1.0,fiber_incremental_liquid_weight
19,calibration,1428.0,1,0.1645814432437588,0.1645814432437588,0.1645814432437588,0.16666666666666666,0.17115166430022483,0.17115077793817576,83.92117775329716,84.15022279653284,0.185469907700197,1.0,1.0,fiber_incremental_liquid_weight
19,calibration,1428.0,2,0.18013944829559184,0.18013944829559184,0.18013944829559184,0.16666666666666666,0.1820076426981551,0.18200780330317176,88.65422292038267,88.8961858058598,0.17610041415600733,1.0,1.0,fiber_incremental_liquid_weight
19,calibration,1428.0,3,0.1759274327066,0.1759274327066,0.1759274327066,0.16666666666666666,0.17551549123632362,0.17552274667156695,87.3993672797526,87.63790530308935,0.1288070659851437,1.0,1.0,fiber_incremental_liquid_weight
19,calibration,1428.0,4,0.16704439702801202,0.16704439702801202,0.16704439702801202,0.16666666666666666,0.1655858732793498,0.1655822068064426,84.76370401041005,84.99504855024666,0.1863417955893945,1.0,1.0,fiber_incremental_liquid_weight
19,calibration,1428.0,5,0.1472899732924851,0.1472899732924851,0.1472899732924851,0.16666666666666666,0.14198193655574676,0.1419794184464548,78.52935128884434,78.74368048610728,0.15906392670982067,1.0,1.0,fiber_incremental_liquid_weight
20,calibration,1503.0,0,0.16621757384926392,0.16621757384926392,0.16621757384926392,0.16666666666666666,0.16453466013766296,0.1645322424514883,89.88767777249318,90.18659622465127,0.17564052202900624,1.0,1.0,fiber_incremental_liquid_weight
20,calibration,1503.0,1,0.16436962295961288,0.16436962295961288,0.16436962295961288,0.16666666666666666,0.17206576312521707,0.17206291833459061,89.24817595879158,89.5449677691558,0.19966673008506847,1.0,1.0,fiber_incremental_liquid_weight
20,calibration,1503.0,2,0.18032731408979383,0.18032731408979383,0.18032731408979383,0.16666666666666666,0.1799747478026502,0.1799810687981295,94.424968054504,94.73897511303952,0.13958599551294784,1.0,1.0,fiber_incremental_liquid_weight
20,calibration,1503.0,3,0.17260491954373403,0.17260491954373403,0.17260491954373403,0.16666666666666666,0.17529592587061174,0.175296631081688,91.95093830053877,92.2567180562562,0.17083051181505637,1.0,1.0,fiber_incremental_liquid_weight
20,calibration,1503.0,4,0.16928259765103149,0.16928259765103149,0.16928259765103149,0.16666666666666666,0.16522820765469037,0.16522930827739224,90.95639328028153,91.25886570995137,0.15237005708391957,1.0,1.0,fiber_incremental_liquid_weight
20,calibration,1503.0,5,0.1471979719065638,0.1471979719065638,0.1471979719065638,0.16666666666666666,0.14290069540916756,0.1428978310567114,83.54307263647914,83.82089231743956,0.16190618347400146,1.0,1.0,fiber_incremental_liquid_weight
21,calibration,1579.0,0,0.16738503426746337,0.16738503426746337,0.16738503426746337,0.16666666666666666,0.16499726048115518,0.16499503993499248,95.81107350023757,96.29566493460128,0.17017458436316996,1.0,1.0,fiber_incremental_liquid_weight
21,calibration,1579.0,1,0.16336674103957965,0.16336674103957965,0.16336674103957965,0.16666666666666666,0.17177895160670492,0.17178030759977975,94.37167215131649,94.8489834087777,0.17818506804515824,1.0,1.0,fiber_incremental_liquid_weight
21,calibration,1579.0,2,0.17921060182477577,0.17921060182477577,0.17921060182477577,0.16666666666666666,0.17890823683304952,0.17891335980194767,99.84588229192389,100.35088090583706,0.15356900402492563,1.0,1.0,fiber_incremental_liquid_weight
21,calibration,1579.0,3,0.1698189178976351,0.1698189178976351,0.1698189178976351,0.16666666666666666,0.17439273849191905,0.17439705474439426,96.62544826642988,97.11415863007431,0.16128631867737767,1.0,1.0,fiber_incremental_liquid_weight
21,calibration,1579.0,4,0.17286057665923985,0.17286057665923985,0.17286057665923985,0.16666666666666666,0.16606498461318467,0.16606099410580172,97.76711734031929,98.2616020162,0.17036782790483335,1.0,1.0,fiber_incremental_liquid_weight
21,calibration,1579.0,5,0.14735812831130632,0.14735812831130632,0.14735812831130632,0.16666666666666666,0.1438578279739868,0.14385324381308415,88.7041288891864,89.1527749535924,0.16641719698453525,1.0,1.0,fiber_incremental_liquid_weight
22,calibration,1654.0,0,0.1681993377181418,0.1681993377181418,0.1681993377181418,0.16666666666666666,0.16442046456136755,0.16442339714777476,101.72634491409836,102.27430338214873,0.1468725348355367,1.0,1.0,fiber_incremental_liquid_weight
22,calibration,1654.0,1,0.16299541286798847,0.16299541286798847,0.16299541286798847,0.16666666666666666,0.17041102939094033,0.17041801807658025,99.76303020863725,100.3004130984614,0.15135455347235738,1.0,1.0,fiber_incremental_liquid_weight
22,calibration,1654.0,2,0.1794830281373576,0.1794830281373576,0.1794830281373576,0.16666666666666666,0.17759725942960986,0.17760397669985734,105.79994026001599,106.36984153026857,0.143323628335086,1.0,1.0,fiber_incremental_liquid_weight
22,calibration,1654.0,3,0.16848708552567368,0.16848708552567368,0.16848708552567368,0.16666666666666666,0.17487267104822363,0.17487024354093478,101.80216478783143,102.35053166672061,0.19169429595155107,1.0,1.0,fiber_incremental_liquid_weight
22,calibration,1654.0,4,0.17339920952513344,0.17339920952513344,0.17339920952513344,0.16666666666666666,0.16788857580896285,0.1678792479792183,103.69753164708008,104.2561080967689,0.19637424895226507,1.0,1.0,fiber_incremental_liquid_weight
22,calibration,1654.0,5,0.14743592622570506,0.14743592622570506,0.14743592622570506,0.16666666666666666,0.1448099997608959,0.14480511655563452,93.93273231815827,94.43870976327642,0.1703807384532038,1.0,1.0,fiber_incremental_liquid_weight
23,calibration,1729.0,0,0.16951586967363044,0.16951586967363044,0.16951586967363044,0.16666666666666666,0.16580065133605829,0.16579270376943767,107.88891644808771,108.54580397979903,0.19168042175204267,1.0,1.0,fiber_incremental_liquid_weight
23,calibration,1729.0,1,0.16210009696327826,0.16210009696327826,0.16210009696327826,0.16666666666666666,0.16960994827417714,0.16961461131215747,104.95047049583614,105.58946713965841,0.1621556149552247,1.0,1.0,fiber_incremental_liquid_weight
23,calibration,1729.0,2,0.1793164315292217,0.1793164315292217,0.1793164315292217,0.16666666666666666,0.1772186893260976,0.1772209126608292,111.61916510975587,112.2987644631881,0.16059807791901376,1.0,1.0,fiber_incremental_liquid_weight
23,calibration,1729.0,3,0.16702727368805884,0.16702727368805884,0.16702727368805884,0.16666666666666666,0.1733197414618784,0.17332868877071475,106.89044071551267,107.54124897345764,0.14612659178851836,1.0,1.0,fiber_incremental_liquid_weight
23,calibration,1729.0,4,0.1744726762027133,0.1744726762027133,0.1744726762027133,0.16666666666666666,0.16911530463797714,0.16910817186413912,109.8707787204175,110.53973292829096,0.1869377192111365,1.0,1.0,fiber_incremental_liquid_weight
23,calibration,1729.0,5,0.14756765194309746,0.14756765194309746,0.14756765194309746,0.16666666666666666,0.14493566496381147,0.14493491162272176,99.1982168171755,99.80219055183208,0.15250157437406395,1.0,1.0,fiber_incremental_liquid_weight
24,calibration,1804.0,0,0.1706111013580985,0.1706111013580985,0.1706111013580985,0.16666666666666666,0.16734906006525166,0.1673395842234174,114.07747256824698,114.81488305515106,0.20067261088243202,1.0,1.0,fiber_incremental_liquid_weight
24,calibration,1804.0,1,0.16129322067262727,0.16129322067262727,0.16129322067262727,0.16666666666666666,0.16871557436054488,0.16872104812768896,110.19878809189325,110.91112629639252,0.15801128854924454,1.0,1.0,fiber_incremental_liquid_weight
24,calibration,1804.0,2,0.17884273323622152,0.17884273323622152,0.17884273323622152,0.16666666666666666,0.17699853764719858,0.1769998915726865,117.37391674605291,118.13263584412694,0.16407804298429493,1.0,1.0,fiber_incremental_liquid_weight
24,calibration,1804.0,3,0.16577082511016789,0.16577082511016789,0.16577082511016789,0.16666666666666666,0.17236529263737868,0.17237115825401628,112.06131133107776,112.78568910954162,0.15724614533514789,1.0,1.0,fiber_incremental_liquid_weight
24,calibration,1804.0,4,0.17578740551714375,0.17578740551714375,0.17578740551714375,0.16666666666666666,0.16972966125580638,0.16972587733101172,116.24547333631031,116.99689804062285,0.17321848736125428,1.0,1.0,fiber_incremental_liquid_weight
24,calibration,1804.0,5,0.1476947141057412,0.1476947141057412,0.1476947141057412,0.16666666666666666,0.14484187403382004,0.14484244049117917,104.52156872625189,105.19720870276251,0.14677342488762626,1.0,1.0,fiber_incremental_liquid_weight
25,calibration,1879.0,0,0.16743560252151646,0.16743560252151646,0.16743560252151646,0.16666666666666666,0.16502807937474215,0.16504163915624762,118.58325929900276,119.31449207025312,0.09356924365611967,1.0,1.0,fiber_incremental_liquid_weight
25,calibration,1879.0,1,0.1574110734306363,0.1574110734306363,0.1574110734306363,0.16666666666666666,0.16567692195741338,0.16569477945218283,114.14150898685271,114.84535211297822,0.09002717701518169,1.0,1.0,fiber_incremental_liquid_weight
25,calibration,1879.0,2,0.1769908587599288,0.1769908587599288,0.1769908587599288,0.16666666666666666,0.18177481240528603,0.18174680169908586,122.54883462118389,123.30452074824169,0.3016526152702585,1.0,1.0,fiber_incremental_liquid_weight
25,calibration,1879.0,3,0.18261168147835144,0.18261168147835144,0.18261168147835144,0.16666666666666666,0.18014896550793585,0.18010333922814842,124.89199211773905,125.66212711017475,0.38874739338711517,1.0,1.0,fiber_incremental_liquid_weight
25,calibration,1879.0,4,0.17172661433852515,0.17172661433852515,0.17172661433852515,0.16666666666666666,0.1665771069227052,0.16659557828294147,120.40575952200356,121.1482305734003,0.07733761220323564,1.0,1.0,fiber_incremental_liquid_weight
25,calibration,1879.0,5,0.1438241694710419,0.1438241694710419,0.1438241694710419,0.16666666666666666,0.1407941138319173,0.14081786218139375,108.10299556100885,108.76960274900348,0.04866595846808943,1.0,1.0,fiber_incremental_liquid_weight
26,calibration,1954.0,0,0.160450380010965,0.160450380010965,0.160450380010965,0.16666666666666666,0.16029391876288485,0.16031656980250075,121.1247550133523,121.71847414635312,0.044276469577597045,1.0,1.0,fiber_incremental_liquid_weight
26,calibration,1954.0,1,0.15633853525362942,0.15633853525362942,0.15633853525362942,0.16666666666666666,0.16998045728684513,0.16996001061973529,119.1294079335009,119.71334644206901,0.3137376896737721,1.0,1.0,fiber_incremental_liquid_weight
26,calibration,1954.0,2,0.18607307230295167,0.18607307230295167,0.18607307230295167,0.16666666666666666,0.18749663829520388,0.1874692062297637,132.3584719322511,133.00725555366907,0.3286822283583354,1.0,1.0,fiber_incremental_liquid_weight
26,calibration,1954.0,3,0.19565952704239525,0.19565952704239525,0.19565952704239525,0.16666666666666666,0.18386341969674316,0.18384548061764888,136.4836388978106,137.15264291557943,0.23042354728826278,1.0,1.0,fiber_incremental_liquid_weight
26,calibration,1954.0,4,0.1646600330108552,0.1646600330108552,0.1646600330108552,0.16666666666666666,0.1628122126583527,0.16283026282928592,123.01574546477542,123.61873369566796,0.059129690798332454,1.0,1.0,fiber_incremental_liquid_weight
26,calibration,1954.0,5,0.13681845237920343,0.13681845237920343,0.13681845237920343,0.16666666666666666,0.1355533532999703,0.13557846990106545,109.97952132899329,110.51860969325118,0.02375037430370021,1.0,1.0,fiber_incremental_liquid_weight
27,calibration,2030.0,0,0.15411433848011447,0.15411433848011447,0.15411433848011447,0.16666666666666666,0.1558264506668467,0.15584186491079696,123.51296409356122,123.94255807240827,0.04912460084621247,1.0,1.0,fiber_incremental_liquid_weight
27,calibration,2030.0,1,0.15920299324221002,0.15920299324221002,0.15920299324221002,0.16666666666666666,0.17108147574222837,0.17107762583614403,125.87084480572939,126.30863979703066,0.2065574389248534,1.0,1.0,fiber_incremental_liquid_weight
27,calibration,2030.0,2,0.19326705104299674,0.19326705104299674,0.19326705104299674,0.16666666666666666,0.19046372984784082,0.1904534498717044,141.509904814718,142.00209446866862,0.241086940721172,1.0,1.0,fiber_incremental_liquid_weight
27,calibration,2030.0,3,0.20325546342107223,0.20325546342107223,0.20325546342107223,0.16666666666666666,0.19179411375850267,0.19176682669403908,145.96915998594042,146.47685950305203,0.39396589757646444,1.0,1.0,fiber_incremental_liquid_weight
27,calibration,2030.0,4,0.15921868029651468,0.15921868029651468,0.15921868029651468,0.16666666666666666,0.15993424674936618,0.15994418855647433,125.98506897555403,126.42326125321267,0.07901009657550807,1.0,1.0,fiber_incremental_liquid_weight
27,calibration,2030.0,5,0.1309414735170918,0.1309414735170918,0.1309414735170918,0.16666666666666666,0.13089998323521532,0.13091604413084124,111.97682777474557,112.36629758737179,0.03025502535578955,1.0,1.0,fiber_incremental_liquid_weight
28,calibration,2105.0,0,0.14838034995281954,0.14838034995281954,0.14838034995281954,0.16666666666666666,0.1506835132663083,0.15069641506880388,125.9054473749837,126.20986578440079,0.0440406740104068,1.0,1.0,fiber_incremental_liquid_weight
28,calibration,2105.0,1,0.15591019731923045,0.15591019731923045,0.15591019731923045,0.16666666666666666,0.16937094212080656,0.1693752107898961,129.61418359652916,129.92756911265252,0.12426171818726253,1.0,1.0,fiber_incremental_liquid_weight
28,calibration,2105.0,2,0.1930230888153694,0.1930230888153694,0.1930230888153694,0.16666666666666666,0.1981332333848726,0.19811402510732112,147.37702291523462,147.73335601944783,0.37474270536967735,1.0,1.0,fiber_incremental_liquid_weight
28,calibration,2105.0,3,0.22486423968295313,0.22486423968295313,0.22486423968295313,0.16666666666666666,0.2028589230933723,0.20283118011521412,161.83680563284256,162.2281000842189,0.40033478030447134,1.0,1.0,fiber_incremental_liquid_weight
28,calibration,2105.0,4,0.15279088095288987,0.15279088095288987,0.15279088095288987,0.16666666666666666,0.15432998329958944,0.15434402525957688,128.07278002613907,128.38243868506163,0.04021250025454838,1.0,1.0,fiber_incremental_liquid_weight
28,calibration,2105.0,5,0.12503124327673773,0.12503124327673773,0.12503124327673773,0.16666666666666666,0.12462340483505091,0.12463914365918788,113.55680718917601,113.83136864258206,0.016407621873633548,1.0,1.0,fiber_incremental_liquid_weight
29,calibration,2180.0,0,0.1385167812543744,0.1385167812543744,0.1385167812543744,0.16666666666666666,0.14295914276860133,0.14295474721785464,127.95370557228424,127.86439102625069,0.010924753674128337,1.0,1.0,fiber_incremental_liquid_weight
29,calibration,2180.0,1,0.16371811388210356,0.16371811388210356,0.16371811388210356,0.16666666666666666,0.18902275574903393,0.18903391753545737,141.50408266651624,141.4053096544434,0.7493641557363191,1.0,1.0,fiber_incremental_liquid_weight
29,calibration,2180.0,2,0.1954368585916487,0.1954368585916487,0.1954368585916487,0.16666666666666666,0.1980150245646453,0.1980149683223556,157.28701078129978,157.1772209326817,0.10708018111217119,1.0,1.0,fiber_incremental_liquid_weight
29,calibration,2180.0,3,0.2430041434217787,0.2430041434217787,0.2430041434217787,0.16666666666666666,0.20555573260260954,0.20555728042311472,179.82654827780132,179.70102532829094,0.11217128488787775,1.0,1.0,fiber_incremental_liquid_weight
29,calibration,2180.0,4,0.14343172460042142,0.14343172460042142,0.14343172460042142,0.16666666666666666,0.1472737798464455,0.14726976323422106,130.64048698208532,130.5492970025828,0.01601737373655764,1.0,1.0,fiber_incremental_liquid_weight
29,calibration,2180.0,5,0.11589237824967323,0.11589237824967323,0.11589237824967323,0.16666666666666666,0.11717356446866434,0.11716932326699653,115.02348606813074,114.94319710427914,0.00444225085294602,1.0,1.0,fiber_incremental_liquid_weight
30,calibration,2255.0,0,0.12629301821815525,0.12629301821815525,0.12629301821815525,0.16666666666666666,0.13214953232249807,0.13213935761988288,129.1841014817608,129.04399292816953,0.009908008575567489,1.0,1.0,fiber_incremental_liquid_weight
30,calibration,2255.0,1,0.1840573474261239,0.1840573474261239,0.1840573474261239,0.16666666666666666,0.18939308567632143,0.18939342388607058,162.3348513286566,162.15878863242511,0.16647262342570038,1.0,1.0,fiber_incremental_liquid_weight
30,calibration,2255.0,2,0.2011315830283745,0.2011315830283745,0.2011315830283745,0.16666666666666666,0.2116780496152225,0.2116909154203278,170.9498965723699,170.7644902996892,0.4672731865515758,1.0,1.0,fiber_incremental_liquid_weight
30,calibration,2255.0,3,0.24932398641391734,0.24932398641391734,0.24932398641391734,0.16666666666666666,0.21652674301680286,0.21653707238283768,195.23903097363336,195.02728155617004,0.2882042838020509,1.0,1.0,fiber_incremental_liquid_weight
30,calibration,2255.0,4,0.13381640857525637,0.13381640857525637,0.13381640857525637,0.16666666666666666,0.14166366860899596,0.14165838964451488,133.94963041951254,133.80435334008172,0.05796425870941357,1.0,1.0,fiber_incremental_liquid_weight
30,calibration,2255.0,5,0.10537765633817281,0.10537765633817281,0.10537765633817281,0.16666666666666666,0.10858892076015919,0.10858084104636616,116.18031412963538,116.05430902852946,0.010177638935691981,1.0,1.0,fiber_incremental_liquid_weight
31,calibration,2330.0,0,0.11395521468152407,0.11395521468152407,0.11395521468152407,0.16666666666666666,0.12078773227623207,0.1207757417084464,130.5059749019365,130.34932801393845,0.0025769465965428573,1.0,1.0,fiber_incremental_liquid_weight
31,calibration,2330.0,1,0.16586594451953054,0.16586594451953054,0.16586594451953054,0.16666666666666666,0.17962491394544564,0.1796145956009741,163.70932441764188,163.51282340513603,0.0343257470690445,1.0,1.0,fiber_incremental_liquid_weight
31,calibration,2330.0,2,0.19298739393657455,0.19298739393657455,0.19298739393657455,0.16666666666666666,0.2075349091824588,0.20753051924947533,178.82554766010605,178.61090257924627,0.09931772127653467,1.0,1.0,fiber_incremental_liquid_weight
31,calibration,2330.0,3,0.30899948034520974,0.30899948034520974,0.30899948034520974,0.16666666666666666,0.2603447718111005,0.26039104528944595,238.88858296706823,238.6018439642893,0.8467067101434442,1.0,1.0,fiber_incremental_liquid_weight
31,calibration,2330.0,4,0.12301421092191595,0.12301421092191595,0.12301421092191595,0.16666666666666666,0.13233250710194402,0.1323226562987857,136.46312788645548,136.29933060187938,0.014489842459552364,1.0,1.0,fiber_incremental_liquid_weight
31,calibration,2330.0,5,0.09517775559524526,0.09517775559524526,0.09517775559524526,0.16666666666666666,0.09937516568281896,0.09936544185287235,117.22708515169803,117.08637697269015,0.002583032454881468,1.0,1.0,fiber_incremental_liquid_weight
32,calibration,2405.0,0,0.10259948775788091,0.10259948775788091,0.10259948775788091,0.16666666666666666,0.10960536416042667,0.10959051521147446,131.29377819300538,131.10293731663438,0.0009301408161441943,1.0,1.0,fiber_incremental_liquid_weight
32,calibration,2405.0,1,0.14932370075906054,0.14932370075906054,0.14932370075906054,0.16666666666666666,0.16556595177381145,0.1655472767027012,164.5510395989459,164.31185793293685,0.007234379404894272,1.0,1.0,fiber_incremental_liquid_weight
32,calibration,2405.0,2,0.17441752758631682,0.17441752758631682,0.17441752758631682,0.16666666666666666,0.1960266113506399,0.19601131903483385,179.8771497396107,179.6156909456916,0.03147152822162102,1.0,1.0,fiber_incremental_liquid_weight
32,calibration,2405.0,3,0.3769772848600963,0.3769772848600963,0.3769772848600963,0.16666666666666666,0.31665563314414197,0.3167304264973008,288.9307701029712,288.5107974116838,0.9533481196751005,1.0,1.0,fiber_incremental_liquid_weight
32,calibration,2405.0,4,0.1110017940371288,0.1110017940371288,0.1110017940371288,0.16666666666666666,0.12205050997100092,0.12203685505416433,137.0789792588198,136.87972935609147,0.006322197313346043,1.0,1.0,fiber_incremental_liquid_weight
32,calibration,2405.0,5,0.08568020499951666,0.08568020499951666,0.08568020499951666,0.16666666666666666,0.0900959295999792,0.09008360749952528,117.69357941337164,117.52250698215961,0.0006936345688939374,1.0,1.0,fiber_incremental_liquid_weight
33,calibration,2481.0,0,0.09291869943268671,0.09291869943268671,0.09291869943268671,0.16666666666666666,0.09843529181517986,0.09840761332724032,131.97202020216733,131.61156321921518,0.00031089861014016836,1.0,1.0,fiber_incremental_liquid_weight
33,calibration,2481.0,1,0.13523554089479542,0.13523554089479542,0.13523554089479542,0.16666666666666666,0.14971080435793027,0.14967151069313953,165.2762339374662,164.8248127002409,0.0016216945066547155,1.0,1.0,fiber_incremental_liquid_weight
33,calibration,2481.0,2,0.15836906811177182,0.15836906811177182,0.15836906811177182,0.16666666666666666,0.18296621314013872,0.1829338454507298,180.72468741308683,180.23107160368957,0.02363631331136964,1.0,1.0,fiber_incremental_liquid_weight
33,calibration,2481.0,3,0.43518302449296925,0.43518302449296925,0.43518302449296925,0.16666666666666666,0.3768137214702557,0.37696280093699486,336.56311059836077,335.64385117326873,0.9709800518660416,1.0,1.0,fiber_incremental_liquid_weight
33,calibration,2481.0,4,0.10070311930090711,0.10070311930090711,0.10070311930090711,0.16666666666666666,0.11112136227604757,0.111094278610891,137.6198969063812,137.24401380057535,0.0031424909842156035,1.0,1.0,fiber_incremental_liquid_weight
33,calibration,2481.0,5,0.0775905477668697,0.0775905477668697,0.0775905477668697,0.16666666666666666,0.08095260694044784,0.08092995098100442,118.09901369687782,117.77644824624981,0.00030855072157819557,1.0,1.0,fiber_incremental_liquid_weight
34,calibration,2556.0,0,0.08461458878092296,0.08461458878092296,0.08461458878092296,0.16666666666666666,0.08760758449668878,0.08757638298818743,132.4850574597278,132.06406644874005,9.3522947133957e-05,1.0,1.0,fiber_incremental_liquid_weight
34,calibration,2556.0,1,0.1231606934526238,0.1231606934526238,0.1231606934526238,0.16666666666666666,0.13377813684510234,0.13373222055663528,165.81304937770594,165.28615370636808,0.00046314461251431777,1.0,1.0,fiber_incremental_liquid_weight
34,calibration,2556.0,2,0.1446051871559757,0.1446051871559757,0.1446051871559757,0.16666666666666666,0.16620111785110506,0.1661527766521469,181.41897450063618,180.8424886768625,0.005564574532960737,1.0,1.0,fiber_incremental_liquid_weight
34,calibration,2556.0,3,0.48510077071849356,0.48510077071849356,0.48510077071849356,0.16666666666666666,0.4403737093551439,0.44055690479185355,382.1157165226131,380.9014868962869,0.9924676553887961,1.0,1.0,fiber_incremental_liquid_weight
34,calibration,2556.0,4,0.09185967775943361,0.09185967775943361,0.09185967775943361,0.16666666666666666,0.09994539909057379,0.09991318974515519,138.04407389717196,137.6054182831341,0.001304616338413752,1.0,1.0,fiber_incremental_liquid_weight
34,calibration,2556.0,5,0.07065908213255036,0.07065908213255036,0.07065908213255036,0.16666666666666666,0.07209405236138618,0.07206852526602164,118.3906030908553,118.014399308766,0.00010648618018124385,1.0,1.0,fiber_incremental_liquid_weight
35,calibration,2631.0,0,0.07666791883968356,0.07666791883968356,0.07666791883968356,0.16666666666666666,0.07708269231216978,0.07706350942421965,132.89490585295917,132.629412393449,4.6611658885493926e-05,1.0,1.0,fiber_incremental_liquid_weight
35,calibration,2631.0,1,0.11160913458456566,0.11160913458456566,0.11160913458456566,0.16666666666666666,0.11782688348917231,0.1177978078943038,166.22387856526186,165.8918014830724,0.00010458909512802179,1.0,1.0,fiber_incremental_liquid_weight
35,calibration,2631.0,2,0.13140788543399817,0.13140788543399817,0.13140788543399817,0.16666666666666666,0.14775077934875847,0.14771713975872033,182.01636205060996,181.6527352182787,0.0013042776685946791,1.0,1.0,fiber_incremental_liquid_weight
35,calibration,2631.0,3,0.5328020514043003,0.5328020514043003,0.5328020514043003,0.16666666666666666,0.5053505995461779,0.5054690450221042,430.9756569245691,430.1146666752651,0.9979593100338355,1.0,1.0,fiber_incremental_liquid_weight
35,calibration,2631.0,4,0.08349262982022855,0.08349262982022855,0.08349262982022855,0.16666666666666666,0.08860599617648733,0.08858532617258165,138.4998424871188,138.22315165320373,0.000559927583311706,1.0,1.0,fiber_incremental_liquid_weight
35,calibration,2631.0,5,0.06402037991722398,0.06402037991722398,0.06402037991722398,0.16666666666666666,0.0633830491272342,0.06336717172807052,118.58931416805072,118.35239999081166,2.5283960244634846e-05,1.0,1.0,fiber_incremental_liquid_weight
36,calibration,2706.0,0,0.06919541437793275,0.06919541437793275,0.06919541437793275,0.16666666666666666,0.06699409004555622,0.06698195480347419,133.42537428909964,133.2490481819983,8.81795872874638e-05,1.0,1.0,fiber_incremental_liquid_weight
36,calibration,2706.0,1,0.10072644734736012,0.10072644734736012,0.10072644734736012,0.16666666666666666,0.10216858672592495,0.10214975104381663,166.76817930849992,166.54778956627501,4.148927698483002e-05,1.0,1.0,fiber_incremental_liquid_weight
36,calibration,2706.0,2,0.11862323082483123,0.11862323082483123,0.11862323082483123,0.16666666666666666,0.12881722152816338,0.12879444413907773,182.4987703330745,182.25759208721936,0.00038428428147428977,1.0,1.0,fiber_incremental_liquid_weight
36,calibration,2706.0,3,0.578304307575964,0.578304307575964,0.578304307575964,0.16666666666666666,0.5699346490904881,0.5700123403338369,484.2426828373875,483.60273989091326,0.9992490043741133,1.0,1.0,fiber_incremental_liquid_weight
36,calibration,2706.0,4,0.07537387317108532,0.07537387317108532,0.07537387317108532,0.16666666666666666,0.07720820519147313,0.07719449396224437,138.8619342661876,138.6784235627388,0.0002285571117646199,1.0,1.0,fiber_incremental_liquid_weight
36,calibration,2706.0,5,0.0577767267028266,0.0577767267028266,0.0577767267028266,0.16666666666666666,0.05487724741839422,0.05486701571755017,118.90128975786276,118.74415771559545,8.485368375464578e-06,1.0,1.0,fiber_incremental_liquid_weight
37,calibration,2781.0,0,0.062351678102531546,0.062351678102531546,0.062351678102531546,0.16666666666666666,0.05779792904401744,0.05780015653125184,134.15468575137325,134.17090353899658,0.00030228011221404707,1.0,1.0,fiber_incremental_liquid_weight
37,calibration,2781.0,1,0.09066129323804296,0.09066129323804296,0.09066129323804296,0.16666666666666666,0.08745781546164273,0.08746137883350319,167.45380358086825,167.47404685606946,3.526414753179746e-05,1.0,1.0,fiber_incremental_liquid_weight
37,calibration,2781.0,2,0.10684786079195226,0.10684786079195226,0.10684786079195226,0.16666666666666666,0.11087519313417558,0.11087953925687909,183.20970314161966,183.23185112727842,0.00031955348550834114,1.0,1.0,fiber_incremental_liquid_weight
37,calibration,2781.0,3,0.6201801612186363,0.6201801612186363,0.6201801612186363,0.16666666666666666,0.6303386020024863,0.630323970512845,541.4599386745097,541.5253950709284,0.9989898757811897,1.0,1.0,fiber_incremental_liquid_weight
37,calibration,2781.0,4,0.06796100283034304,0.06796100283034304,0.06796100283034304,0.16666666666666666,0.06659090979612085,0.06659348158206599,139.48261002307578,139.49947189661998,0.0003393443811544221,1.0,1.0,fiber_incremental_liquid_weight
37,calibration,2781.0,5,0.05199800381849389,0.05199800381849389,0.05199800381849389,0.16666666666666666,0.04693955056155717,0.04694147328345476,119.31595041552582,119.33037436749647,1.3682092401684674e-05,1.0,1.0,fiber_incremental_liquid_weight
38,calibration,2856.0,0,0.05637555889140276,0.05637555889140276,0.05637555889140276,0.16666666666666666,0.05059974917497994,0.05060459942469448,135.24215881132105,135.3131236875591,0.0030558526154973926,1.0,1.0,fiber_incremental_liquid_weight
38,calibration,2856.0,1,0.08170828543536277,0.08170828543536277,0.08170828543536277,0.16666666666666666,0.07509724331628068,0.07510557189295644,168.37997552047983,168.4683286215306,0.0006406400219938256,1.0,1.0,fiber_incremental_liquid_weight
38,calibration,2856.0,2,0.09666666424982104,0.09666666424982104,0.09666666424982104,0.16666666666666666,0.0978692462642358,0.09787801009755108,184.55087042541277,184.64770879145536,0.008606023738673757,1.0,1.0,fiber_incremental_liquid_weight
38,calibration,2856.0,3,0.6570334801879815,0.6570334801879815,0.6570334801879815,0.16666666666666666,0.6781163630924564,0.678084169769635,601.293263706246,601.6087770226317,0.9839498098012948,1.0,1.0,fiber_incremental_liquid_weight
38,calibration,2856.0,4,0.06135740750410756,0.06135740750410756,0.06135740750410756,0.16666666666666666,0.058302367384705456,0.058307952342927814,140.32524438835907,140.3988764842131,0.003654424947990291,1.0,1.0,fiber_incremental_liquid_weight
38,calibration,2856.0,5,0.04685860373132435,0.04685860373132435,0.04685860373132435,0.16666666666666666,0.04001503076734182,0.04001969647223514,119.91356644082794,119.97648802886332,9.324887454997495e-05,1.0,1.0,fiber_incremental_liquid_weight
39,calibration,2932.0,0,0.05338777387406449,0.05338777387406449,0.05338777387406449,0.026578367394052952,0.048146747864461624,0.048167180555441357,139.62940083633904,140.67666892949015,0.04116323936533366,1.0,1.0,fiber_incremental_liquid_weight
39,calibration,2932.0,1,0.07446158179163813,0.07446158179163813,0.07446158179163813,0.0038145500522118216,0.06621841341431764,0.0662922944272398,169.7702439908471,171.0435786799108,0.0030534273838699875,1.0,1.0,fiber_incremental_liquid_weight
39,calibration,2932.0,2,0.09630895629676671,0.09630895629676671,0.09630895629676671,0.10149763369044967,0.09871223439976466,0.09870529929934997,196.3131849464857,197.78560073877503,0.18926036390115364,1.0,1.0,fiber_incremental_liquid_weight
39,calibration,2932.0,3,0.6747283762819224,0.6747283762819224,0.6747283762819224,0.8332765132703928,0.6940175811780392,0.6938851230276656,652.0187667708623,656.9091297351438,0.6704930638961812,1.0,1.0,fiber_incremental_liquid_weight
39,calibration,2932.0,4,0.05844200083121932,0.05844200083121932,0.05844200083121932,0.033006192939458445,0.057363838666949024,0.0573716873032553,145.28540694195107,146.37509700850893,0.09289339060904718,1.0,1.0,fiber_incremental_liquid_weight
39,calibration,2932.0,5,0.04267131092438904,0.04267131092438904,0.04267131092438904,0.001826742653434303,0.03554118447646771,0.03557841538704801,120.8474371788285,121.7538341434965,0.003136514844414173,1.0,1.0,fiber_incremental_liquid_weight
40,calibration,3007.0,0,0.05227683465535348,0.05227683465535348,0.05227683465535348,0.03431358692764048,0.04431180038290469,0.04432587548030937,147.17791124985445,147.64195299453002,0.015501659799009622,1.0,1.0,fiber_incremental_liquid_weight
40,calibration,3007.0,1,0.0686505118488107,0.0686505118488107,0.0686505118488107,0.004566212627101492,0.05849505255689165,0.05852351847566013,172.49424564745917,173.03810803833696,0.0021467891990069846,1.0,1.0,fiber_incremental_liquid_weight
40,calibration,3007.0,2,0.09808718599173104,0.09808718599173104,0.09808718599173104,0.10602353377482246,0.09347311976622531,0.09349222123826487,211.78240616844954,212.45014140409344,0.06164054143279295,1.0,1.0,fiber_incremental_liquid_weight
40,calibration,3007.0,3,0.6828821858236818,0.6828821858236818,0.6828821858236818,0.8042396750000848,0.7182221667262065,0.7181333178331611,700.9266400903688,703.1366131644188,0.8834325567960065,1.0,1.0,fiber_incremental_liquid_weight
40,calibration,3007.0,4,0.05872179269958664,0.05872179269958664,0.05872179269958664,0.04815808129746695,0.05386031589149915,0.053873135092831446,155.45990533579513,155.95005963331502,0.034776821409282795,1.0,1.0,fiber_incremental_liquid_weight
40,calibration,3007.0,5,0.039381488980836356,0.039381488980836356,0.039381488980836356,0.0026989103728838086,0.03163754467627284,0.03165193187977312,122.86533710454378,123.25272298946338,0.0025016313639010675,1.0,1.0,fiber_incremental_liquid_weight
41,calibration,3082.0,0,0.05431513904218566,0.05431513904218566,0.05431513904218566,0.052888629386617016,0.04130680476132229,0.04131510365760647,159.38305955673454,159.74377411465096,0.015736907183128604,1.0,1.0,fiber_incremental_liquid_weight
41,calibration,3082.0,1,0.06363545357864092,0.06363545357864092,0.06363545357864092,0.004211362628978525,0.052308089935951915,0.05232517505969159,174.3213191046232,174.71584182072053,0.002657519008247987,1.0,1.0,fiber_incremental_liquid_weight
41,calibration,3082.0,2,0.09671253955083411,0.09671253955083411,0.09671253955083411,0.09524605930211047,0.08920966371735356,0.08922143571741745,222.13744915622306,222.64018898310246,0.06268849434153727,1.0,1.0,fiber_incremental_liquid_weight
41,calibration,3082.0,3,0.6919749550224058,0.6919749550224058,0.6919749550224058,0.8027194947284859,0.7369144819234154,0.7368628557949182,747.8929444826562,749.5855702459472,0.8656897190943854,1.0,1.0,fiber_incremental_liquid_weight
41,calibration,3082.0,4,0.056808173637442796,0.056808173637442796,0.056808173637442796,0.042205956234292,0.051598102684182204,0.05160435634955137,161.20937329462072,161.57422115223918,0.049036906248258086,1.0,1.0,fiber_incremental_liquid_weight
41,calibration,3082.0,5,0.03655373916849062,0.03655373916849062,0.03655373916849062,0.002728497719516086,0.028662856977774695,0.028671073420815027,124.28492855245679,124.56620928067942,0.004190454124442708,1.0,1.0,fiber_incremental_liquid_weight
42,validation,3157.0,0,0.053115078548013686,0.053115078548013686,0.053115078548013686,0.04834692634592396,0.041578363171238475,0.04157764774892309,165.65999122374848,165.96374583205085,0.08219132530924564,1.0,1.0,fiber_incremental_liquid_weight
42,validation,3157.0,1,0.059248832469966886,0.059248832469966886,0.059248832469966886,0.0036507765659148307,0.04719607051747602,0.04721000914327145,175.85340159192853,176.17584686507266,0.002563264166802085,1.0,1.0,fiber_incremental_liquid_weight
42,validation,3157.0,2,0.09213177299024433,0.09213177299024433,0.09213177299024433,0.0747147954620843,0.08481262411680482,0.0848246053066202,227.15672768519266,227.5732428759249,0.050435673457193436,1.0,1.0,fiber_incremental_liquid_weight
42,validation,3157.0,3,0.7074861156859756,0.7074861156859756,0.7074861156859756,0.836954724955829,0.7519548504126482,0.7519138370810322,798.9392378252963,800.4041749742742,0.8369733147915117,1.0,1.0,fiber_incremental_liquid_weight
42,validation,3157.0,4,0.053963913310377164,0.053963913310377164,0.053963913310377164,0.033950505189909275,0.048513694544447435,0.04852209358915527,164.57236922028892,164.87412956194186,0.02562407131448452,1.0,1.0,fiber_incremental_liquid_weight
42,validation,3157.0,5,0.03405428699542219,0.03405428699542219,0.03405428699542219,0.0023822714803386114,0.02594439723738518,0.0259518071309978,125.40697592375386,125.63692249424872,0.002212350960762516,1.0,1.0,fiber_incremental_liquid_weight
43,validation,3232.0,0,0.05136039882237917,0.05136039882237917,0.05136039882237917,0.042505968720158396,0.0391553694349226,0.0391575287355519,170.43234125964858,170.5265455636215,0.0165396731554826,1.0,1.0,fiber_incremental_liquid_weight
43,validation,3232.0,1,0.055465966477055595,0.055465966477055595,0.055465966477055595,0.003399920107403327,0.0423846046789166,0.04238890620729028,177.37867446554125,177.47671826664245,0.0007154690206273634,1.0,1.0,fiber_incremental_liquid_weight
43,validation,3232.0,2,0.08747038473598236,0.08747038473598236,0.08747038473598236,0.060491893656354837,0.0784292859730997,0.07843498697656476,231.0251421416456,231.15283834387373,0.01496880764329449,1.0,1.0,fiber_incremental_liquid_weight
43,validation,3232.0,3,0.7228618713522835,0.7228618713522835,0.7228618713522835,0.8642573848596802,0.7722057336391704,0.7721876447578249,850.2205807126885,850.6905293001312,0.9604820112422873,1.0,1.0,fiber_incremental_liquid_weight
43,validation,3232.0,4,0.05098064761586958,0.05098064761586958,0.05098064761586958,0.02726246768177888,0.04450784424828215,0.044511422685606136,166.88023450215377,166.97247542439854,0.006758611326991748,1.0,1.0,fiber_incremental_liquid_weight
43,validation,3232.0,5,0.03186073099642972,0.03186073099642972,0.03186073099642972,0.00208236497462433,0.023317162025608518,0.023319510637162037,126.43014476844118,126.50002741924024,0.0005354276113165203,1.0,1.0,fiber_incremental_liquid_weight
44,validation,3307.0,0,0.048154978783761196,0.048154978783761196,0.048154978783761196,0.03748275438333879,0.03596926922787325,0.03596907085214153,171.3860492565653,171.37160766088635,0.003347487262582534,1.0,1.0,fiber_incremental_liquid_weight
44,validation,3307.0,1,0.052019907683018896,0.052019907683018896,0.052019907683018896,0.003087175243117519,0.038116290302260485,0.03811602445711686,178.36332153050148,178.34829200514238,0.0001854716235747729,1.0,1.0,fiber_incremental_liquid_weight
44,validation,3307.0,2,0.0831563083620205,0.0831563083620205,0.0831563083620205,0.05560428400940007,0.07175892544370317,0.0717585100544952,234.15231597289676,234.13258546922253,0.004510887464943847,1.0,1.0,fiber_incremental_liquid_weight
44,validation,3307.0,3,0.7386654047438447,0.7386654047438447,0.7386654047438447,0.8768963124184099,0.7926080708708391,0.7926093414440037,900.9999759637733,900.9240545138301,0.9896893421037373,1.0,1.0,fiber_incremental_liquid_weight
44,validation,3307.0,4,0.0481209685476483,0.0481209685476483,0.0481209685476483,0.025046017703360013,0.04054675246118063,0.0405465057766322,168.41573650216554,168.4015451955622,0.0020834459478896008,1.0,1.0,fiber_incremental_liquid_weight
44,validation,3307.0,5,0.029882431879706465,0.029882431879706465,0.029882431879706465,0.0018834562423735894,0.02100069169414333,0.021000547415610357,127.10827807783703,127.09756748402027,0.0001833655972720445,1.0,1.0,fiber_incremental_liquid_weight
45,validation,3383.0,0,0.04537448903047501,0.04537448903047501,0.04537448903047501,0.03748275438333879,0.03398477095478124,0.03399061752532526,172.39518078271323,172.71027391753793,0.003955202657237413,1.0,1.0,fiber_incremental_liquid_weight
45,validation,3383.0,1,0.04901778851522561,0.04901778851522561,0.04901778851522561,0.003087175243117519,0.03606250069996546,0.036068551232713096,179.37956240651238,179.7074211574677,0.004402025142680387,1.0,1.0,fiber_incremental_liquid_weight
45,validation,3383.0,2,0.08694652297379733,0.08694652297379733,0.08694652297379733,0.05560428400940007,0.07952296130867272,0.0795000840147448,250.69046614054164,251.14866250362,0.5046829986367701,1.0,1.0,fiber_incremental_liquid_weight
45,validation,3383.0,3,0.7438054927705124,0.7438054927705124,0.7438054927705124,0.8768963124184099,0.7894893273576433,0.7894985202132585,943.1313571832436,944.8551537217377,0.4012165106306172,1.0,1.0,fiber_incremental_liquid_weight
45,validation,3383.0,4,0.04663497275981898,0.04663497275981898,0.04663497275981898,0.025046017703360013,0.041013172893919224,0.04101179789902792,172.2686836440066,172.5835455752686,0.08210728763713165,1.0,1.0,fiber_incremental_liquid_weight
45,validation,3383.0,5,0.028220733950170784,0.028220733950170784,0.028220733950170784,0.0018834562423735894,0.019927266785018133,0.01993042911493036,128.01583608766057,128.24981543045266,0.0036359752955631218,1.0,1.0,fiber_incremental_liquid_weight
46,validation,3458.0,0,0.04324093766829872,0.04324093766829872,0.04324093766829872,0.03748275438333879,0.03317596117290516,0.03317708081350973,174.28379536668945,174.4039170457602,0.005053922994760333,1.0,1.0,fiber_incremental_liquid_weight
46,validation,3458.0,1,0.04671190816460265,0.04671190816460265,0.04671190816460265,0.003087175243117519,0.035237644151038,0.03523878612618431,181.30984379798335,181.43480804278445,0.005493816288566961,1.0,1.0,fiber_incremental_liquid_weight
46,validation,3458.0,2,0.12126050274877473,0.12126050274877473,0.12126050274877473,0.05560428400940007,0.09421113787429551,0.09419091941876195,318.9451454020812,319.16497207223466,0.8432152489194061,1.0,1.0,fiber_incremental_liquid_weight
46,validation,3458.0,3,0.7126441419866505,0.7126441419866505,0.7126441419866505,0.8768963124184099,0.7761072404086516,0.7761256450041245,953.8662764241952,954.5237099996574,0.08848920938440169,1.0,1.0,fiber_incremental_liquid_weight
46,validation,3458.0,4,0.04898493111996891,0.04898493111996891,0.04898493111996891,0.025046017703360013,0.0416937795543435,0.041692842258082834,184.82184452635758,184.94922934860534,0.05233369812021575,1.0,1.0,fiber_incremental_liquid_weight
46,validation,3458.0,5,0.027157578311704483,0.027157578311704483,0.027157578311704483,0.0018834562423735894,0.019574236838766117,0.019574726379336493,130.3138624384907,130.4036787058572,0.005414104292648901,1.0,1.0,fiber_incremental_liquid_weight
47,validation,3533.0,0,0.0416302438953522,0.0416302438953522,0.0416302438953522,0.035846751225681366,0.03286245494214587,0.032863439251149734,176.75158035004267,177.13296892731063,0.010283018749703566,1.0,1.0,fiber_incremental_liquid_weight
47,validation,3533.0,1,0.04502093109132994,0.04502093109132994,0.04502093109132994,0.004129196828192171,0.03489473981531675,0.034895816166349354,183.97752037605164,184.3745008421191,0.010122381745678134,1.0,1.0,fiber_incremental_liquid_weight
47,validation,3533.0,2,0.14809377625826375,0.14809377625826375,0.14809377625826375,0.08888349278683917,0.10401060092674969,0.10397987999181378,373.5139921119128,374.3199479611286,0.3560738329232191,1.0,1.0,fiber_incremental_liquid_weight
47,validation,3533.0,3,0.6761985148362136,0.6761985148362136,0.6761985148362136,0.8159910864776433,0.7597295384267829,0.7597808337486277,955.7573714709164,957.8196723759313,0.04065806337083447,1.0,1.0,fiber_incremental_liquid_weight
47,validation,3533.0,4,0.0624858130619386,0.0624858130619386,0.0624858130619386,0.0520326998545279,0.048840106393663575,0.04881774613317037,222.10705431175955,222.5863093955183,0.5679760627113977,1.0,1.0,fiber_incremental_liquid_weight
47,validation,3533.0,5,0.026570720856901806,0.026570720856901806,0.026570720856901806,0.003116772827116094,0.019662559495341177,0.019662284708889113,133.48920525581303,133.7772437444779,0.014886640499167141,1.0,1.0,fiber_incremental_liquid_weight
48,validation,3608.0,0,0.04029171334261789,0.04029171334261789,0.04029171334261789,0.03375043237073515,0.03271416513509903,0.032714581942691556,179.94418574381893,180.2877060602853,0.014559206694179472,1.0,1.0,fiber_incremental_liquid_weight
48,validation,3608.0,1,0.043597677343386335,0.043597677343386335,0.043597677343386335,0.0053806659717307624,0.03487077548505861,0.03487084540438791,187.34638235579928,187.70403374803328,0.018163789454209867,1.0,1.0,fiber_incremental_liquid_weight
48,validation,3608.0,2,0.15761963357124087,0.15761963357124087,0.15761963357124087,0.11385807868882213,0.11181061656128541,0.11178875134751927,402.72445550982917,403.49327186159746,0.25089874268343926,1.0,1.0,fiber_incremental_liquid_weight
48,validation,3608.0,3,0.6438715454869512,0.6438715454869512,0.6438715454869512,0.7373627830591991,0.7417925145174491,0.7418427420333149,960.3629224889659,962.196291951237,0.030352815287346437,1.0,1.0,fiber_incremental_liquid_weight
48,validation,3608.0,4,0.0882197326505524,0.0882197326505524,0.0882197326505524,0.10452358490288086,0.059002180216284776,0.05897374293885377,283.7161689633311,284.2577939552475,0.6683996299592412,1.0,1.0,fiber_incremental_liquid_weight
48,validation,3608.0,5,0.026399697605251276,0.026399697605251276,0.026399697605251276,0.00512445500663214,0.019809748084823112,0.01980933633323259,137.9492362360142,138.21258659152693,0.017625815921583805,1.0,1.0,fiber_incremental_liquid_weight
49,validation,3683.0,0,0.03908834539619835,0.03908834539619835,0.03908834539619835,0.03207327312296717,0.0323379941871474,0.03233883628485584,183.32570927905064,183.63996601108593,0.012805631342875948,1.0,1.0,fiber_incremental_liquid_weight
49,validation,3683.0,1,0.04241354157161569,0.04241354157161569,0.04241354157161569,0.006719856096427692,0.0346785816304523,0.03467901155649492,191.1726440974748,191.5003520366661,0.01817160751070969,1.0,1.0,fiber_incremental_liquid_weight
49,validation,3683.0,2,0.16667921764607702,0.16667921764607702,0.16667921764607702,0.1352338475756416,0.12263460256091734,0.12261034986996218,432.2530105381703,432.99397818007037,0.3882220255240769,1.0,1.0,fiber_incremental_liquid_weight
49,validation,3683.0,3,0.6141238297569804,0.6141238297569804,0.6141238297569804,0.6718963532128898,0.7205122800780905,0.7205599776807549,965.7496608169548,967.4051478382027,0.031045437932678388,1.0,1.0,fiber_incremental_liquid_weight
49,validation,3683.0,4,0.11125249871177141,0.11125249871177141,0.11125249871177141,0.14686921327930685,0.06987789806752792,0.06985351500166612,338.45077397017855,339.03094591987934,0.5289640819712941,1.0,1.0,fiber_incremental_liquid_weight
49,validation,3683.0,5,0.026442566917357097,0.026442566917357097,0.026442566917357097,0.007207456712766829,0.0199586434758644,0.019958309606266118,143.17223486705564,143.41766055679904,0.02079121571836506,1.0,1.0,fiber_incremental_liquid_weight
50,validation,3758.0,0,0.037842353921995024,0.037842353921995024,0.037842353921995024,0.03012734443437114,0.031910205015506794,0.03191061658180138,186.26495368054432,186.35169223942952,0.013966802395453322,1.0,1.0,fiber_incremental_liquid_weight
50,validation,3758.0,1,0.04108745150770456,0.04108745150770456,0.04108745150770456,0.007562916719264624,0.03426673138361614,0.0342671272497958,194.29492433314905,194.38540223251954,0.015427309815998366,1.0,1.0,fiber_incremental_liquid_weight
50,validation,3758.0,2,0.17749698290411495,0.17749698290411495,0.17749698290411495,0.16138717068897587,0.13141628578972245,0.1314078304420238,465.2676642156012,465.4843268023761,0.2959068425004749,1.0,1.0,fiber_incremental_liquid_weight
50,validation,3758.0,3,0.5862420594096972,0.5862420594096972,0.5862420594096972,0.6054131904199039,0.6993338006943512,0.6993541817995934,970.6021181231018,971.0541013186165,0.03924013933945721,1.0,1.0,fiber_incremental_liquid_weight
50,validation,3758.0,4,0.13088496738862906,0.13088496738862906,0.13088496738862906,0.1862077638409132,0.0825612637394587,0.08254906192070531,386.7264378157168,386.9065258743457,0.5894228664777313,1.0,1.0,fiber_incremental_liquid_weight
50,validation,3758.0,5,0.026446184867859185,0.026446184867859185,0.026446184867859185,0.00930161389657138,0.02051171337734463,0.020511182006080403,148.2728509708292,148.3418976334508,0.04603603947088504,1.0,1.0,fiber_incremental_liquid_weight
51,validation,3834.0,0,0.03674008524684902,0.03674008524684902,0.03674008524684902,0.028271737885830255,0.03165467844963819,0.03165486256870039,189.1405177015534,189.16536236802142,0.022905889787072115,1.0,1.0,fiber_incremental_liquid_weight
51,validation,3834.0,1,0.04003975721209973,0.04003975721209973,0.04003975721209973,0.00882980179034946,0.03400454587945658,0.03400473477759085,197.724520574775,197.75049279810366,0.023656913404502006,1.0,1.0,fiber_incremental_liquid_weight
51,validation,3834.0,2,0.18613446114774237,0.18613446114774237,0.18613446114774237,0.18478761101311683,0.14027223545822215,0.1402658585032735,495.0427343814844,495.1077610176204,0.3095714189615185,1.0,1.0,fiber_incremental_liquid_weight
51,validation,3834.0,3,0.561177924676011,0.561177924676011,0.561177924676011,0.540700792578136,0.6774954704909558,0.6775111954061641,975.2170103651805,975.3451105821565,0.048281202335011486,1.0,1.0,fiber_incremental_liquid_weight
51,validation,3834.0,4,0.14942192996105894,0.14942192996105894,0.14942192996105894,0.22602574183375257,0.09567664593852651,0.09566720209974501,432.9874967276863,433.044372060755,0.5544102392495941,1.0,1.0,fiber_incremental_liquid_weight
51,validation,3834.0,5,0.02648584175623881,0.02648584175623881,0.02648584175623881,0.011384314898814828,0.020896423783200727,0.020896146644526138,153.33033646842355,153.35047726699645,0.041174336262301936,1.0,1.0,fiber_incremental_liquid_weight
52,validation,3909.0,0,0.03562065499229871,0.03562065499229871,0.03562065499229871,0.026825740593138078,0.03113584948333008,0.03113653961051745,191.47569297753444,191.62292508270528,0.015464077213090392,1.0,1.0,fiber_incremental_liquid_weight
52,validation,3909.0,1,0.03885698278977668,0.03885698278977668,0.03885698278977668,0.009113179707469722,0.033517707619348,0.033518355215126146,200.26538728711134,200.41937808408733,0.01772297729824836,1.0,1.0,fiber_incremental_liquid_weight
52,validation,3909.0,2,0.1925411231598777,0.1925411231598777,0.1925411231598777,0.19906623241336935,0.15042522707230843,0.15041171824824673,521.2037871917346,521.604558326796,0.3903896890279617,1.0,1.0,fiber_incremental_liquid_weight
52,validation,3909.0,3,0.5381077817557631,0.5381077817557631,0.5381077817557631,0.4983368214475692,0.6554358325387183,0.6554651859568023,978.8524495645414,979.6051221600021,0.04161005763322575,1.0,1.0,fiber_incremental_liquid_weight
52,validation,3909.0,4,0.16861539302782777,0.16861539302782777,0.16861539302782777,0.2545154658163513,0.10858867324310291,0.10857149167526156,480.32603909727476,480.6953779559308,0.5115769284507232,1.0,1.0,fiber_incremental_liquid_weight
52,validation,3909.0,5,0.02625806427445599,0.02625806427445599,0.02625806427445599,0.012142560022102329,0.020896710043192105,0.02089670929404578,157.2341222660309,157.3550248749518,0.02323627037675047,1.0,1.0,fiber_incremental_liquid_weight
53,validation,3984.0,0,0.034782635444492706,0.034782635444492706,0.034782635444492706,0.026825740593138078,0.030525216062710196,0.03052605807071581,194.58655741016784,194.75614441882098,0.013230001190192311,1.0,1.0,fiber_incremental_liquid_weight
53,validation,3984.0,1,0.03798056446106864,0.03798056446106864,0.03798056446106864,0.009113179707469722,0.03291436140931747,0.032915193321684716,203.62952545220244,203.8069936316826,0.014939621936133301,1.0,1.0,fiber_incremental_liquid_weight
53,validation,3984.0,2,0.2014813552467681,0.2014813552467681,0.2014813552467681,0.19906623241336935,0.16255580623518262,0.16253907954545768,552.4184494460941,552.8998958194369,0.5075281643432394,1.0,1.0,fiber_incremental_liquid_weight
53,validation,3984.0,3,0.5173154867857672,0.5173154867857672,0.5173154867857672,0.4983368214475692,0.633516476356247,0.6335467074658823,984.0314013231084,984.8890090838511,0.039337225947935366,1.0,1.0,fiber_incremental_liquid_weight
53,validation,3984.0,4,0.18211604871957296,0.18211604871957296,0.18211604871957296,0.2545154658163513,0.11956447502087603,0.11954933380798537,518.8325802844936,519.2847557402563,0.3995061859015575,1.0,1.0,fiber_incremental_liquid_weight
53,validation,3984.0,5,0.026323909342330358,0.026323909342330358,0.026323909342330358,0.012142560022102329,0.020923664915666638,0.020923627788274314,162.30019625180822,162.44164489632143,0.025458800680941897,1.0,1.0,fiber_incremental_liquid_weight
54,validation,4059.0,0,0.03408204740459222,0.03408204740459222,0.03408204740459222,0.026825740593138078,0.030053747089017962,0.030054081759927253,197.901719784852,198.004167506053,0.01665062793544181,1.0,1.0,fiber_incremental_liquid_weight
54,validation,4059.0,1,0.03724692822945494,0.03724692822945494,0.03724692822945494,0.009113179707469722,0.032593162476600664,0.0325933906617582,207.19424046421483,207.30149864168098,0.023464650675285796,1.0,1.0,fiber_incremental_liquid_weight
54,validation,4059.0,2,0.20968832409517615,0.20968832409517615,0.20968832409517615,0.19906623241336935,0.16896924025326923,0.16896468395918615,582.8198259825286,583.1215341390197,0.2576052786127356,1.0,1.0,fiber_incremental_liquid_weight
54,validation,4059.0,3,0.4986156438764728,0.4986156438764728,0.4986156438764728,0.4983368214475692,0.6130263722220763,0.613040912555717,989.7229196501445,990.2352692034925,0.03985932501636562,1.0,1.0,fiber_incremental_liquid_weight
54,validation,4059.0,4,0.19392569796360914,0.19392569796360914,0.19392569796360914,0.2545154658163513,0.13436823748178,0.13435773707810514,554.9438718140713,555.2311494341122,0.6348696680035809,1.0,1.0,fiber_incremental_liquid_weight
54,validation,4059.0,5,0.026441358430694624,0.026441358430694624,0.026441358430694624,0.012142560022102329,0.02098924047725563,0.02098919398530617,167.51551614489645,167.60223384959107,0.027550449756590316,1.0,1.0,fiber_incremental_liquid_weight
55,validation,4134.0,0,0.03359940205325647,0.03359940205325647,0.03359940205325647,0.02634635328498119,0.029889230344707536,0.029889450481035938,201.79879148686769,202.01076876166286,0.03334551707046756,1.0,1.0,fiber_incremental_liquid_weight
55,validation,4134.0,1,0.03676589930147273,0.03676589930147273,0.03676589930147273,0.010579346611676336,0.03240083391083308,0.032401091043816097,211.42783462329052,211.64992661833708,0.03371420502961551,1.0,1.0,fiber_incremental_liquid_weight
55,validation,4134.0,2,0.21328100148057347,0.21328100148057347,0.21328100148057347,0.20885455267420988,0.17792989463902842,0.17791792283666857,605.7198530940047,606.356124712889,0.40507209081646184,1.0,1.0,fiber_incremental_liquid_weight
55,validation,4134.0,3,0.4813188805731834,0.4813188805731834,0.4813188805731834,0.45693803291458557,0.5931572202297456,0.5931837721584411,995.3421049696661,996.3876509084992,0.05523637863906133,1.0,1.0,fiber_incremental_liquid_weight
55,validation,4134.0,4,0.20820639620403963,0.20820639620403963,0.20820639620403963,0.282875728387223,0.14540925227214277,0.14539449449785224,595.8186853531561,596.4445564015538,0.43156805818511285,1.0,1.0,fiber_incremental_liquid_weight
55,validation,4134.0,5,0.02682842038747437,0.02682842038747437,0.02682842038747437,0.014405986127324064,0.021213568603542444,0.021213268982186076,173.72897825329414,173.91146990793567,0.04106375025928099,1.0,1.0,fiber_incremental_liquid_weight
56,validation,4209.0,0,0.03338723355322362,0.03338723355322362,0.03338723355322362,0.02648140210711223,0.02952888330383163,0.029529097689879096,206.60626358605478,206.67391880584907,0.02430897815660685,1.0,1.0,fiber_incremental_liquid_weight
56,validation,4209.0,1,0.03648288884878878,0.03648288884878878,0.03648288884878878,0.012191018139114267,0.032007601744432804,0.032007835705317025,216.28057039536748,216.35139356051923,0.024979053198228622,1.0,1.0,fiber_incremental_liquid_weight
56,validation,4209.0,2,0.22297723678575307,0.22297723678575307,0.22297723678575307,0.231804505902973,0.1872187170979625,0.187213187031318,639.7579132455108,639.9674081634505,0.4314372120974224,1.0,1.0,fiber_incremental_liquid_weight
56,validation,4209.0,3,0.4655587884971657,0.4655587884971657,0.4655587884971657,0.4223730194878624,0.5740850398555932,0.5740963955806522,1001.943373310027,1002.2714693607767,0.05293731935495494,1.0,1.0,fiber_incremental_liquid_weight
56,validation,4209.0,4,0.21376811543204455,0.21376811543204455,0.21376811543204455,0.2893459753472892,0.155636268362969,0.15563017880863217,622.4173297030854,622.6211462791852,0.4200975258336475,1.0,1.0,fiber_incremental_liquid_weight
56,validation,4209.0,5,0.02782573688302439,0.02782573688302439,0.02782573688302439,0.017804079015648958,0.021523489635210585,0.021523305184201605,182.5250162620392,182.58478584442662,0.046239911359139706,1.0,1.0,fiber_incremental_liquid_weight
57,validation,4285.0,0,0.03282438676721288,0.03282438676721288,0.03282438676721288,0.025672582019770556,0.02889200323859969,0.02889223626566248,210.0497080352904,210.09227584432986,0.012093342750633061,1.0,1.0,fiber_incremental_liquid_weight
57,validation,4285.0,1,0.0359777623539631,0.0359777623539631,0.0359777623539631,0.013295463427351656,0.031366936313055156,0.0313671707318334,220.28494846017333,220.32959050089798,0.013853445868188118,1.0,1.0,fiber_incremental_liquid_weight
57,validation,4285.0,2,0.23393358000562264,0.23393358000562264,0.23393358000562264,0.2600895607178329,0.20054203051444816,0.20053715528560176,676.7684060253458,676.9055571242027,0.6123168458294721,1.0,1.0,fiber_incremental_liquid_weight
57,validation,4285.0,3,0.44965738510466396,0.44965738510466396,0.44965738510466396,0.3839965602362175,0.5540752992131286,0.5540826222360659,1007.1009382946887,1007.3050332245302,0.03189073309083482,1.0,1.0,fiber_incremental_liquid_weight
57,validation,4285.0,4,0.21965189396380497,0.21965189396380497,0.21965189396380497,0.2977836388349701,0.16365721069498318,0.16365427468500937,650.1551196279942,650.2868773877987,0.3070713241003036,1.0,1.0,fiber_incremental_liquid_weight
57,validation,4285.0,5,0.02795499180473249,0.02795499180473249,0.02795499180473249,0.019162194763857363,0.021466520025785047,0.02146654079582732,188.022602603108,188.06070648964783,0.022774308360568422,1.0,1.0,fiber_incremental_liquid_weight
58,validation,4360.0,0,0.03231012032362863,0.03231012032362863,0.03231012032362863,0.024985477856978848,0.028294953277605495,0.02829494669527319,213.46462143100504,213.45576785710452,0.016144171130132046,1.0,1.0,fiber_incremental_liquid_weight
58,validation,4360.0,1,0.03546897076040013,0.03546897076040013,0.03546897076040013,0.014159056911027873,0.030720666470172995,0.030720659345399696,224.0711659769475,224.06187249021573,0.016655349983449856,1.0,1.0,fiber_incremental_liquid_weight
58,validation,4360.0,2,0.2476676493090425,0.2476676493090425,0.2476676493090425,0.29474273696339975,0.2120675305197564,0.2120676575897768,719.1387375436443,719.1089108308386,0.558652919038631,1.0,1.0,fiber_incremental_liquid_weight
58,validation,4360.0,3,0.4352337051015683,0.4352337051015683,0.4352337051015683,0.35138047421284363,0.536861707326326,0.53686151754395,1012.6931088131843,1012.6511067558067,0.0674544857262493,1.0,1.0,fiber_incremental_liquid_weight
58,validation,4360.0,4,0.2214175597899267,0.2214175597899267,0.2214175597899267,0.29484419285281,0.17061017290733974,0.1706102495645265,670.6458941637642,670.6180787208807,0.3120152134536368,1.0,1.0,fiber_incremental_liquid_weight
58,validation,4360.0,5,0.027901994715433694,0.027901994715433694,0.027901994715433694,0.01988806120293994,0.02144496949879936,0.021444969261073782,192.75279085608298,192.74479631784544,0.029077860667901044,1.0,1.0,fiber_incremental_liquid_weight
59,validation,4435.0,0,0.03171919055552966,0.03171919055552966,0.03171919055552966,0.02410577441588816,0.028066211093311436,0.02806622924607578,216.34488369904864,216.35855917067119,0.03002158243327821,1.0,1.0,fiber_incremental_liquid_weight
59,validation,4435.0,1,0.03477843879714096,0.03477843879714096,0.03477843879714096,0.014323988352224306,0.030306638994536717,0.030306671851747343,226.92369462162395,226.93803879511776,0.023137150190609784,1.0,1.0,fiber_incremental_liquid_weight
59,validation,4435.0,2,0.25907220210525234,0.25907220210525234,0.25907220210525234,0.3205833398237662,0.22033143977389952,0.22033078394905597,757.7157603068875,757.7636566111629,0.3997747207635893,1.0,1.0,fiber_incremental_liquid_weight
59,validation,4435.0,3,0.4211733905590693,0.4211733905590693,0.4211733905590693,0.32178199816047526,0.5194758050713919,0.5194771848248642,1016.9685279210244,1017.0328119660493,0.047128913507233514,1.0,1.0,fiber_incremental_liquid_weight
59,validation,4435.0,4,0.22530838816691223,0.22530838816691223,0.22530838816691223,0.29841993064679573,0.18006515233131395,0.1800644019775424,694.8685184374727,694.9124420770931,0.4498487552450149,1.0,1.0,fiber_incremental_liquid_weight
59,validation,4435.0,5,0.027948389816095338,0.027948389816095338,0.027948389816095338,0.020784968600850263,0.02175475273554653,0.021754728150714307,197.76919097111522,197.78169224645254,0.05008887786027449,1.0,1.0,fiber_incremental_liquid_weight
