sequence_index,source_step,time_s,phase,current_total_rate_m3_s,observed_bottomhole_pressure_mpa,prior_bottomhole_pressure_mpa,posterior_bottomhole_pressure_mpa,prior_pkn_bottomhole_pressure_mpa,posterior_pkn_bottomhole_pressure_mpa,prior_near_wellbore_pressure_bias_mpa,posterior_near_wellbore_pressure_bias_mpa,prior_liquid_tvd,posterior_liquid_tvd,prior_sand_tvd,posterior_sand_tvd,prior_bhp_relative_error,posterior_bhp_relative_error,mean_abs_kalman_gain,mean_covariance_inflation,observation_memory_mode,assimilation_iterations,posterior_leakoff_fraction,posterior_rate_conservation_error,prior_total_half_length_m,posterior_total_half_length_m,prior_eprime_gpa,prior_leakoff_m_sqrt_s,prior_viscosity_pa_s,prior_min_stress_mpa,prior_factor_c1,prior_factor_c2,prior_factor_c3,prior_factor_c4,prior_factor_c5,prior_factor_c6,posterior_eprime_gpa,posterior_leakoff_m_sqrt_s,posterior_viscosity_pa_s,posterior_min_stress_mpa,posterior_factor_c1,posterior_factor_c2,posterior_factor_c3,posterior_factor_c4,posterior_factor_c5,posterior_factor_c6,posterior_all_observations_within_15_percent,step_compute_ms
0,0,1.0,calibration,1e-08,75.16189975232068,59.522167080243705,70.01461392912833,59.522167080243705,70.01461392912833,0.0,0.0,0.0,0.0,0.0,0.0,0.20808059300808301,0.06848264666212647,0.014957657022618169,1.012,liquid:instantaneous;sand:cumulative,1,0.49999999999999994,1.6543612251060553e-16,0.00019194689475152002,0.00019200258221374042,31.9430081986567,1.0072134636714129e-05,0.10002842537906853,59.5220744711041,1.0,1.0,1.0,1.0,1.0,1.0,32.4689879682961,9.985589607566121e-06,0.10152815107179414,70.01451982237083,1.0,1.0,1.0,1.0,1.0,1.0,True,450.12720000522677
1,75,75.0,calibration,1e-08,88.8062489345766,70.02351574815007,75.93361524636116,70.02351574815007,75.93361524636116,0.0,0.0,0.0,0.0,0.0,0.0,0.2115023820031373,0.14495189069069553,0.007377743017434629,1.012,liquid:instantaneous;sand:cumulative,1,0.5000000000000001,1.6543612251060553e-16,0.0060714241607940506,0.006098326829406425,32.45210562155873,9.975158360443259e-06,0.10155191893264828,70.02329266195477,1.0,1.0,1.0,1.0,1.0,1.0,33.15920515822317,1.0004941912036926e-05,0.10149596061090045,75.93338830492112,1.0,1.0,1.0,1.0,1.0,1.0,True,447.6628999982495
2,150,150.0,calibration,1e-08,88.16380358506939,75.92922825907894,80.28271751928116,75.92922825907894,80.28271751928116,0.0,0.0,0.0,0.0,0.0,0.0,0.13877095620296473,0.08939140265408074,0.008032855105742377,1.012,liquid:instantaneous;sand:cumulative,1,0.5000000000000001,1.6543612251060553e-16,0.010617242502570264,0.010656625703443267,33.14646323957994,9.999857968654921e-06,0.10148377637265425,75.92896765821885,1.0,1.0,1.0,1.0,1.0,1.0,33.95053700604367,9.989219915478244e-06,0.10203900053208413,80.28245158316491,1.0,1.0,1.0,1.0,1.0,1.0,True,622.3981000002823
3,226,226.0,calibration,1e-08,88.41863062524698,80.28239300425543,82.58097078297163,80.28239300425543,82.58097078297163,0.0,0.0,0.0,0.0,0.0,0.0,0.09201949366843437,0.06602296146179472,0.006301259262148682,1.012,liquid:instantaneous;sand:cumulative,1,0.5,1.6543612251060553e-16,0.014788223284855854,0.01480812734133335,33.93098171624515,9.986085937056801e-06,0.1021182251264251,80.28210443637329,1.0,1.0,1.0,1.0,1.0,1.0,34.292231501503416,1.0026151067840537e-05,0.10251369179187592,82.58067953482346,1.0,1.0,1.0,1.0,1.0,1.0,True,611.7327000029036
4,301,301.0,calibration,0.024998999999999997,88.03863062524701,84.71628713364402,85.46365020631224,84.71628713364402,85.46365020631224,0.0,0.0,0.0,0.0,0.037187164494156946,0.037187164493161215,0.0377373372121742,0.02924830157678917,0.005140615221705862,1.012,liquid:instantaneous;sand:cumulative,1,0.5000000000000001,0.0,43.86699636079386,43.945490354629825,34.26765815559462,1.0037475686129537e-05,0.10257500910704553,82.59404253774215,1.0,1.0,1.0,1.0,1.0,1.0,34.7261023254936,1.00502876935165e-05,0.10302226600892175,83.31685491050492,1.0,1.0,1.0,1.0,1.0,1.0,True,786.5028999949573
5,376,376.0,calibration,0.024999,87.86449542435908,85.57437162721934,85.91467584551691,85.57437162721934,85.91467584551691,0.0,0.0,0.0,0.0,0.030552879668412677,0.030555344506409954,0.02606426846337799,0.022191211244372656,0.003883214633293419,1.012,liquid:instantaneous;sand:cumulative,1,0.5,0.0,79.44417932550027,79.5346154458101,34.76118802023957,1.0062247034980098e-05,0.10309707628596704,83.32424171051599,1.0,1.0,1.0,1.0,1.0,1.0,35.027732177258606,1.0068570077367754e-05,0.10329831714596667,83.6498703976868,1.0,1.0,1.0,1.0,1.0,1.0,True,693.3863000012934
6,451,451.0,calibration,0.025,87.61380358506933,85.99822105588159,86.28899806538415,85.99822105588159,86.28899806538415,0.0,0.0,0.0,0.0,0.02818015638399926,0.028181480813584875,0.018439817278553428,0.015120967992205183,0.003240465548947689,1.012,liquid:instantaneous;sand:cumulative,1,0.5,0.0,109.32431123564619,109.43800738416334,35.03001608345222,1.007971216030962e-05,0.10324757813047568,83.65383724754247,1.0,1.0,1.0,1.0,1.0,1.0,35.291110009781384,1.0090230732838609e-05,0.10347792697191159,83.92959430157548,1.0,1.0,1.0,1.0,1.0,1.0,True,591.1575999998604
7,526,526.0,calibration,0.025,87.68380358506934,86.35604929075399,86.56900296601897,86.35604929075399,86.56900296601897,0.0,0.0,0.0,0.0,0.036368634261754254,0.036365245595169154,0.015142526213831385,0.012713871587114832,0.0028817960888278325,1.012,liquid:instantaneous;sand:cumulative,1,0.5,0.0,136.60065536375373,136.6786772124897,35.25584069663074,1.0096494734855298e-05,0.10331663979834063,83.92895853491468,1.0,1.0,1.0,1.0,1.0,1.0,35.43924462381477,1.0105129031516609e-05,0.10355801899492399,84.13067896583503,1.0,1.0,1.0,1.0,1.0,1.0,True,619.8564000005717
8,601,601.0,calibration,0.025501,87.67449542435908,86.65634713899496,86.75921885943612,86.65634713899496,86.75921885943612,0.0,0.0,0.0,0.0,0.03859242473819928,0.03859126578974137,0.01161282172695849,0.010439484829571839,0.002682165200127613,1.012,liquid:instantaneous;sand:cumulative,1,0.5000000000000001,0.0,162.14947871272824,162.20605208172137,35.40613505186225,1.0095001025194096e-05,0.10364791773397336,84.12292334474051,1.0,1.0,1.0,1.0,1.0,1.0,35.490963743994094,1.0098499249353695e-05,0.10371518966703519,84.22061100827231,1.0,1.0,1.0,1.0,1.0,1.0,True,646.9052000029478
9,677,677.0,calibration,0.024501,87.314495424359,86.76315341609538,86.79119925307211,86.76315341609538,86.79119925307211,0.0,0.0,0.0,0.0,0.03589394529272161,0.03589413087639874,0.0063144384627549935,0.005993233640572559,0.0024840025201601987,1.012,liquid:instantaneous;sand:cumulative,1,0.5,0.0,186.83764461657026,186.85166943279063,35.519182425854844,1.0092780759509253e-05,0.1037478668726653,84.217353701874,1.0,1.0,1.0,1.0,1.0,1.0,35.53928771123766,1.0093264578741699e-05,0.10376764032067716,84.24414970606074,1.0,1.0,1.0,1.0,1.0,1.0,True,651.1159000001498
10,752,752.0,calibration,0.025164999999999996,91.36897654489174,86.88924445082193,87.35501891537328,86.88924445082193,87.35501891537328,0.0,0.0,0.0,0.0,0.03451803295974663,0.03451829448203872,0.04902902783275464,0.043931296828593744,0.002306107293462908,1.012,liquid:instantaneous;sand:cumulative,1,0.49999999999999994,0.0,210.17167568115462,210.305781567261,35.50337293482844,1.009843355420934e-05,0.1038843226775687,84.24880791282936,1.0,1.0,1.0,1.0,1.0,1.0,35.82719798403056,1.0108050267898676e-05,0.10449803291146519,84.69219813300238,1.0,1.0,1.0,1.0,1.0,1.0,True,529.3510000046808
11,827,827.0,calibration,0.025167,91.49484134400392,87.43395760414994,87.81247372627634,87.43395760414994,87.81247372627634,0.0,0.0,0.0,0.0,0.03244146844328051,0.032441960708797735,0.044383745358777066,0.040246723898701,0.0021750561027385896,1.012,liquid:instantaneous;sand:cumulative,1,0.5,0.0,233.0919711321249,233.15968175457283,35.82859309317645,1.0110315259839833e-05,0.1045339209455455,84.71732725165838,1.0,1.0,1.0,1.0,1.0,1.0,36.08039521634607,1.0108235044303911e-05,0.10511581815521982,85.07754545507369,1.0,1.0,1.0,1.0,1.0,1.0,True,468.6177999974461
12,902,902.0,calibration,0.049500999999999996,90.62282382818921,89.16152132318805,89.3236028706078,89.16152132318805,89.3236028706078,0.0,0.0,0.0,0.0,0.026849542987831654,0.02684635888162734,0.01612510450757553,0.014336575519259804,0.0021174711889910287,1.012,liquid:instantaneous;sand:cumulative,1,0.5,0.0,263.58172298486636,263.7212221232503,36.05861342998989,1.0104908151115025e-05,0.10510130663200952,85.08123306523262,1.0,1.0,1.0,1.0,1.0,1.0,36.313602273188856,1.0105354799628417e-05,0.1055648876198275,85.216634403557,1.0,1.0,1.0,1.0,1.0,1.0,True,483.5005999993882
13,977,977.0,calibration,0.050668000000000005,88.14932246453648,89.51345577263614,89.38798603904044,89.51345577263614,89.38798603904044,0.0,0.0,0.0,0.0,0.03171994206495647,0.03172143801422447,0.01547525573606604,0.014051878560975768,0.0019107484625871596,1.012,liquid:instantaneous;sand:cumulative,1,0.5,3.242338713980129e-16,301.52950928164734,301.45012541612067,36.271234672557014,1.0084707186773985e-05,0.10558927406065577,85.23555138605258,1.0,1.0,1.0,1.0,1.0,1.0,36.08094219028588,1.0081953414536035e-05,0.10517368601866757,85.13140450820836,1.0,1.0,1.0,1.0,1.0,1.0,True,545.2184999958263
14,1052,1052.0,calibration,0.049500999999999996,87.13422008993895,89.42285574995087,89.22043701716987,89.42285574995087,89.22043701716987,0.0,0.0,0.0,0.0,0.03536872065029491,0.035369987131289,0.026265635448961572,0.023942567283870245,0.0018038792140550588,1.012,liquid:instantaneous;sand:cumulative,1,0.49999999999999994,1.4803222821109897e-16,337.6279788542886,337.4926703669731,36.07842589481416,1.0072974270392726e-05,0.10526572579612235,85.12705025418154,1.0,1.0,1.0,1.0,1.0,1.0,35.80289693348474,1.0067427490622664e-05,0.10467139078717416,84.95572921942576,1.0,1.0,1.0,1.0,1.0,1.0,True,538.1456999966758
15,1128,1128.0,calibration,0.05066700000000001,86.99380358506943,89.33918658846302,89.13156609289395,89.33918658846302,89.13156609289395,0.0,0.0,0.0,0.0,0.033835575329443424,0.03383514997071416,0.026960345527369565,0.024573733067482735,0.001794154179448794,1.012,liquid:instantaneous;sand:cumulative,1,0.5000000000000001,1.3753098896865386e-16,373.000927486627,372.89696204808126,35.82368441638587,1.0074283855503873e-05,0.10474475303255655,84.94510102898832,1.0,1.0,1.0,1.0,1.0,1.0,35.54609729398205,1.0064271130999073e-05,0.10407808299577143,84.77031340225511,1.0,1.0,1.0,1.0,1.0,1.0,True,507.11820000287844
16,1203,1203.0,calibration,0.049998999999999995,96.58229352472415,89.11854268769672,89.73282774555307,89.11854268769672,89.73282774555307,0.0,0.0,0.0,0.0,0.036251557759382394,0.03624827865210349,0.07727866635427108,0.07091844197526419,0.0018064335216342916,1.012,liquid:instantaneous;sand:cumulative,1,0.4999999999999999,0.0,407.0066768087467,407.56549037474616,35.55017018787518,1.0054039501323918e-05,0.10398183766991707,84.75299082862979,1.0,1.0,1.0,1.0,1.0,1.0,36.34307266908811,1.0094356597645952e-05,0.1055742719585474,85.2760267788615,1.0,1.0,1.0,1.0,1.0,1.0,True,496.08090000401717
17,1278,1278.0,calibration,0.050666,107.24208140125525,89.82711625313456,90.83014525736073,89.82711625313456,90.83014525736073,0.0,0.0,0.0,0.0,0.033949132776408236,0.03395563510638604,0.16238928712098688,0.15303634477671024,0.001186009891669448,1.012,liquid:instantaneous;sand:cumulative,1,0.5,0.0,440.69230750714735,442.04448715621163,36.319589030691205,1.009834908597976e-05,0.10552623496280167,85.27115686766774,1.0,1.0,1.0,1.0,1.0,1.0,37.7045335644588,1.0151295419764499e-05,0.10788487068147544,86.11492502743043,1.0,1.0,1.0,1.0,1.0,1.0,False,482.3936999964644
18,1353,1353.0,calibration,0.049498999999999994,116.99980088763789,90.86393086353644,91.55045890304905,90.86393086353644,91.55045890304905,0.0,0.0,0.0,0.0,0.031206878045785827,0.031212535686193033,0.2233838846375588,0.2175161136302224,0.0005312318771271211,1.012,liquid:instantaneous;sand:cumulative,1,0.5,0.0,474.4655947540344,475.51788008558844,37.710903812693225,1.0140125655540736e-05,0.10800631241746853,86.14847135454895,1.0,1.0,1.0,1.0,1.0,1.0,38.718660987392056,1.0184672197526538e-05,0.1096710236072922,86.71970089600323,1.0,1.0,1.0,1.0,1.0,1.0,False,551.0764999999083
19,1428,1428.0,calibration,0.050334,116.37108809042581,91.64572532541388,92.35180513049741,91.64572532541388,92.35180513049741,0.0,0.0,0.0,0.0,0.028674798234703536,0.028681327912914445,0.2124699800503641,0.2064024952766987,0.0005742283545122129,1.012,liquid:instantaneous;sand:cumulative,1,0.5000000000000001,0.0,507.35265548971165,508.7373668822758,38.70435996664769,1.0167704690529673e-05,0.10976003891115094,86.71720765133969,1.0,1.0,1.0,1.0,1.0,1.0,39.8396322007782,1.0215775376938189e-05,0.11145028475627985,87.29253290179894,1.0,1.0,1.0,1.0,1.0,1.0,False,620.9977000034996
20,1503,1503.0,calibration,0.050001,119.45890727542164,92.3774628270213,93.02326610272932,92.3774628270213,93.02326610272932,0.0,0.0,0.0,0.0,0.027336436798479052,0.0273406182144081,0.22670092223396948,0.22129485172455934,0.0004709513536738852,1.012,liquid:instantaneous;sand:cumulative,1,0.5000000000000001,0.0,540.0112260030883,541.8070151904936,39.83703052651394,1.0227456996876826e-05,0.11160666329481182,87.28403782612519,1.0,1.0,1.0,1.0,1.0,1.0,40.985278960206024,1.0275330882798587e-05,0.11293326469196344,87.80039849748793,1.0,1.0,1.0,1.0,1.0,1.0,False,573.4618000060436
21,1579,1579.0,calibration,0.050667000000000004,114.25844817623198,93.10453228837186,93.86944286477652,93.10453228837186,93.86944286477652,0.0,0.0,0.0,0.0,0.02507992693167342,0.025090722146121666,0.1851409346574738,0.17844636993500476,0.0007275640169504439,1.012,liquid:instantaneous;sand:cumulative,1,0.49999999999999994,0.0,573.1253224394136,576.0240648490827,40.975967535506264,1.0275648208501063e-05,0.11300123599903551,87.78140462673136,1.0,1.0,1.0,1.0,1.0,1.0,42.60338518256291,1.0339386984893995e-05,0.11456261926994012,88.36275141057189,1.0,1.0,1.0,1.0,1.0,1.0,False,457.6820000002044
22,1654,1654.0,calibration,0.049168,116.00325949238302,93.81001086340824,94.45325976911916,93.81001086340824,94.45325976911916,0.0,0.0,0.0,0.0,0.02410286901106995,0.02410481962992403,0.1913157330758627,0.18577063970067909,0.0005901267696087057,1.012,liquid:instantaneous;sand:cumulative,1,0.5,0.0,606.7217441358214,609.9899075376446,42.64358295047459,1.0342156667150429e-05,0.11463646990393542,88.35544625242751,1.0,1.0,1.0,1.0,1.0,1.0,44.36644527167946,1.0392794715883873e-05,0.11610697263627656,88.80872767229071,1.0,1.0,1.0,1.0,1.0,1.0,False,446.8784000055166
23,1729,1729.0,calibration,0.049333999999999996,113.87687562318254,94.50210168386738,95.10718255264939,94.50210168386738,95.10718255264939,0.0,0.0,0.0,0.0,0.022597017033463604,0.0226057179411739,0.1701379128404093,0.1648244471743489,0.0006086245465353623,1.012,liquid:instantaneous;sand:cumulative,1,0.5,0.0,640.4179883067854,644.3172080362261,44.376747608973226,1.0406552514934519e-05,0.11608962528391403,88.79087179124546,1.0,1.0,1.0,1.0,1.0,1.0,46.544539556149324,1.0448914615566506e-05,0.11812059792384495,89.1532117215017,1.0,1.0,1.0,1.0,1.0,1.0,False,475.52819999691565
24,1804,1804.0,calibration,0.049166999999999995,105.80038972864482,95.10542578349352,95.64073873975549,95.10542578349352,95.64073873975549,0.0,0.0,0.0,0.0,0.021824792632846757,0.02182422617548753,0.10108624337378697,0.09602659323795157,0.0008754058213271552,1.012,liquid:instantaneous;sand:cumulative,1,0.49999999999999994,0.0,674.4785307998332,678.8384410485976,46.530369868038825,1.0443306394386831e-05,0.11805855295345419,89.1149880988833,1.0,1.0,1.0,1.0,1.0,1.0,49.146685694813776,1.0459740520014179e-05,0.12074348339688834,89.35410746787971,1.0,1.0,1.0,1.0,1.0,1.0,True,503.92719999945257
25,1879,1879.0,calibration,0.050499,106.42551135098397,95.34980521531864,95.80891660642813,95.34980521531864,95.80891660642813,0.0,0.0,0.0,0.0,0.028590444579888588,0.02851680759390096,0.1040700297801569,0.09975610743877984,0.0006584615685920802,1.012,liquid:instantaneous;sand:cumulative,1,0.5,0.0,708.6743501077908,713.0443253640516,49.15584505542403,1.045440433652234e-05,0.12068450355136717,89.33451475502086,1.0,1.0,1.0,1.0,1.0,1.0,51.98306295760041,1.0454297508314086e-05,0.12376251832661107,89.4866400695389,1.0,1.0,1.0,1.0,1.0,1.0,True,431.50210000021616
26,1954,1954.0,calibration,0.050167,105.5549314201225,95.6559033042346,96.04766070230946,95.6559033042346,96.04766070230946,0.0,0.0,0.0,0.0,0.04134051527879218,0.041274697467147875,0.0937808208740951,0.09006941305255418,0.0005347529944712506,1.012,liquid:instantaneous;sand:cumulative,1,0.5,1.9433509806551556e-16,742.0915405706837,745.7290624465898,51.99189929529292,1.046294606173633e-05,0.12374104781211631,89.44286273999717,1.0,1.0,1.0,1.0,1.0,1.0,54.63950810595478,1.0479214323615806e-05,0.12690155637068962,89.55007974299161,1.0,1.0,1.0,1.0,1.0,1.0,True,452.00109999859706
27,2030,2030.0,calibration,0.050499999999999996,106.32361108075354,96.14908974163819,96.54433892817923,96.14908974163819,96.54433892817923,0.0,0.0,0.0,0.0,0.053339319348571834,0.05329790240188749,0.09569390312926565,0.09197648624957706,0.00047001652487135365,1.012,liquid:instantaneous;sand:cumulative,1,0.5,1.9147931987364599e-16,774.8247704502487,777.5197106817441,54.61965987293025,1.0471932347406607e-05,0.12685878658539518,89.5043869142302,1.0,1.0,1.0,1.0,1.0,1.0,57.38614339748388,1.0485789106624403e-05,0.13099027221139123,89.58727972297196,1.0,1.0,1.0,1.0,1.0,1.0,True,413.3278000008431
28,2105,2105.0,calibration,0.074001,113.07835560144326,97.93319678285097,98.59398256308332,97.93319678285097,98.59398256308332,0.0,0.0,0.0,0.0,0.0703630985990514,0.07032041601243134,0.13393508189996167,0.12809147215946143,0.000358218032246191,1.012,liquid:instantaneous;sand:cumulative,1,0.5,0.0,806.3630467349051,808.3126983283638,57.31292500282928,1.0479912708909574e-05,0.13098514087435728,89.53953342190323,1.0,1.0,1.0,1.0,1.0,1.0,61.53485954777058,1.051598285420365e-05,0.1389462242942611,89.60374013305024,1.0,1.0,1.0,1.0,1.0,1.0,True,417.75570000027074
29,2180,2180.0,calibration,0.117168,104.22447359205373,99.89826342516938,100.14278034320921,99.89826342516938,100.14278034320921,0.0,0.0,0.0,0.0,0.0925935129162888,0.09260616628092773,0.04150858256015399,0.03916252208498285,0.0004455874696378572,1.012,liquid:instantaneous;sand:cumulative,1,0.5,0.0,852.2353203481177,851.6404410485286,61.54745944457852,1.0524302032337366e-05,0.1386966196360438,89.57077643889605,1.0,1.0,1.0,1.0,1.0,1.0,62.83235446193373,1.053837203954571e-05,0.14208732727747703,89.59232721000637,1.0,1.0,1.0,1.0,1.0,1.0,True,406.5069999996922
30,2255,2255.0,calibration,0.13383300000000004,104.73361108075558,102.49479969690253,102.6519231241574,102.49479969690253,102.6519231241574,0.0,0.0,0.0,0.0,0.11759787830834678,0.11762141168923607,0.021376245512310238,0.0198760258060144,0.0004191440251738796,1.012,liquid:instantaneous;sand:cumulative,1,0.5,0.0,907.8378249055686,906.8532157850651,62.748926196596074,1.0527572334180158e-05,0.14202802424898464,89.56579832434458,1.0,1.0,1.0,1.0,1.0,1.0,63.412212376452516,1.053655832319117e-05,0.14431020174413442,89.5720700689333,1.0,1.0,1.0,1.0,1.0,1.0,True,405.7985000035842
31,2330,2330.0,calibration,0.15050100000000002,103.6548195116943,100.95953349330279,101.0943744738267,100.95953349330279,101.0943744738267,0.0,0.0,0.0,0.0,0.14750459493900492,0.14753616013989546,0.026002515185388292,0.024701649666938316,0.0004360611073466549,1.012,liquid:instantaneous;sand:cumulative,1,0.49999999999999994,0.0,965.6196429849061,964.4606055371795,63.30804540083752,1.0532995820925764e-05,0.14412768025042186,89.53775110628038,1.0,1.0,1.0,1.0,1.0,1.0,63.88765581549493,1.0538623007160494e-05,0.14632328343303605,89.554169353638,1.0,1.0,1.0,1.0,1.0,1.0,True,415.111700000125
32,2405,2405.0,calibration,0.15816700000000003,103.5099924715167,99.81349205612928,99.95315456756593,99.81349205612928,99.95315456756593,0.0,0.0,0.0,0.0,0.17934891116144847,0.17940841219880135,0.03571153206686399,0.034362266086817805,0.00045121620364920514,1.012,liquid:instantaneous;sand:cumulative,1,0.49999999999999994,0.0,1019.4252963067246,1017.9435199451977,63.78563952761384,1.0533133860922364e-05,0.14636173372426486,89.5196294639177,1.0,1.0,1.0,1.0,1.0,1.0,64.37783625237844,1.0536919396716965e-05,0.14879886792349958,89.54859855677698,1.0,1.0,1.0,1.0,1.0,1.0,False,418.9409999962663
33,2481,2481.0,calibration,0.16016599999999998,105.30361108075557,99.46116156251367,99.68820023820264,99.46116156251367,99.68820023820264,0.0,0.0,0.0,0.0,0.22644660127706112,0.22656331305439137,0.05548194841828767,0.053325909576325624,0.0005178018322222597,1.012,liquid:instantaneous;sand:cumulative,1,0.5000000000000001,0.0,1070.25496275434,1067.3317607432393,64.2646510825601,1.052187760684858e-05,0.1490085958830984,89.51326893123351,1.0,1.0,1.0,1.0,1.0,1.0,65.15299668030525,1.0515393000536638e-05,0.15314846590575487,89.57517366697937,1.0,1.0,1.0,1.0,1.0,1.0,False,415.15390000131447
34,2556,2556.0,calibration,0.178667,105.00740036199866,99.64994389669613,99.83939341424042,99.64994389669613,99.83939341424042,0.0,0.0,0.0,0.0,0.2737070426884772,0.27389023812518687,0.05101979905067104,0.049215645087319994,0.0005086877764799377,1.012,liquid:instantaneous;sand:cumulative,1,0.5000000000000001,0.0,1118.2674748487104,1114.7140133201576,65.05437269968431,1.0522075596999706e-05,0.15308877695303755,89.55302094391428,1.0,1.0,1.0,1.0,1.0,1.0,65.73347764449282,1.0512123218246713e-05,0.15716818319147752,89.60454556421199,1.0,1.0,1.0,1.0,1.0,1.0,False,412.5599999970291
35,2631,2631.0,calibration,0.20066599999999998,102.95809220128423,100.19225591494592,100.2959435961141,100.19225591494592,100.2959435961141,0.0,0.0,0.0,0.0,0.3386839328795112,0.3388023783554375,0.026863709565743236,0.025856623294510942,0.0004945243011718275,1.012,liquid:instantaneous;sand:cumulative,1,0.5000000000000001,1.1822281933162454e-16,1169.1999600485697,1166.8641674140806,65.61875981863005,1.052556663416345e-05,0.15726999204805958,89.57364679147126,1.0,1.0,1.0,1.0,1.0,1.0,65.95760750396346,1.0522465156104276e-05,0.15967068274043722,89.60113543624576,1.0,1.0,1.0,1.0,1.0,1.0,False,414.710400000331
36,2706,2706.0,calibration,0.23333299999999998,102.81477429943338,101.1387355091078,101.20421132094206,101.1387355091078,101.20421132094206,0.0,0.0,0.0,0.0,0.40326798242382145,0.4033456736671702,0.016301536444989446,0.015664703730232203,0.00047236743797496745,1.012,liquid:instantaneous;sand:cumulative,1,0.5,0.0,1224.6982307921119,1223.0797510047403,65.79857187620014,1.0512280130508978e-05,0.159676839545932,89.55695373881328,1.0,1.0,1.0,1.0,1.0,1.0,65.9885138363729,1.0507282140601165e-05,0.1612001269543563,89.57362599740107,1.0,1.0,1.0,1.0,1.0,1.0,False,410.40690000227187
37,2781,2781.0,calibration,0.267,102.00546613872304,102.2723789037455,102.23889504327673,102.2723789037455,102.23889504327673,0.0,0.0,0.0,0.0,0.4636719353358196,0.46365730384617837,0.0026166515886460262,0.002288396037877395,0.0004519541324569259,1.012,liquid:instantaneous;sand:cumulative,1,0.5,2.0297419207810038e-16,1285.0766915869724,1285.2320428573894,65.88462099607801,1.0497833839701565e-05,0.16114499468056467,89.55062648779953,1.0,1.0,1.0,1.0,1.0,1.0,65.75883474716467,1.0500222917105433e-05,0.16074015644555484,89.54296566236354,1.0,1.0,1.0,1.0,1.0,1.0,False,413.0120000045281
38,2856,2856.0,calibration,0.28283400000000003,103.14063909854545,104.04440037985383,103.98224637238935,104.04440037985383,103.98224637238935,0.0,0.0,0.0,0.0,0.5114496964257897,0.5114175031029683,0.008762416921276594,0.008159802781906306,0.0004482857050578579,1.012,liquid:instantaneous;sand:cumulative,1,0.4999999999999999,0.0,1349.7050792926466,1350.413302636253,65.70883268159811,1.0499297881223378e-05,0.160717134533229,89.51975587328349,1.0,1.0,1.0,1.0,1.0,1.0,65.5087754458732,1.0507130349445962e-05,0.1598080984677968,89.50941787375623,1.0,1.0,1.0,1.0,1.0,1.0,False,410.5673999947612
39,2932,2932.0,calibration,0.282501,102.7951213097277,110.14218009009537,109.37604165111141,110.14218009009537,109.37604165111141,0.0,0.0,0.0,0.0,0.1420443313830385,0.1421837246338269,0.07147283535208392,0.0640197730936569,0.0003641570039838712,1.012,liquid:instantaneous;sand:cumulative,1,0.5000000000000001,1.749735792830756e-16,1423.8644406653139,1434.5439092353251,65.48976974334555,1.051982330893971e-05,0.1596945052992047,89.4852135253869,1.0,1.0,1.0,1.0,1.0,1.0,63.594180685647146,1.062395542390827e-05,0.14938530486871085,89.4663168168956,1.0,1.0,1.0,1.0,1.0,1.0,True,405.6933999963803
40,3007,3007.0,calibration,0.283835,102.5840824601481,106.77239178517874,106.45223253984739,106.77239178517874,106.45223253984739,0.0,0.0,0.0,0.0,0.09856792228247548,0.09863766970348126,0.0408280624497248,0.03770711778020719,0.0004286430249010549,1.012,liquid:instantaneous;sand:cumulative,1,0.5000000000000001,0.0,1510.706445596471,1515.4695982241576,63.61607306408504,1.0610735784995731e-05,0.14950095763361612,89.4625189533803,1.0,1.0,1.0,1.0,1.0,1.0,62.774325302092386,1.0660940353845743e-05,0.14521899931402757,89.42508389014613,1.0,1.0,1.0,1.0,1.0,1.0,True,407.50609999668086
41,3082,3082.0,calibration,0.284001,103.66581205836346,106.96140421153495,106.70438227828073,106.96140421153495,106.70438227828073,0.0,0.0,0.0,0.0,0.0834232330151222,0.08345478824727134,0.03179054008004193,0.02931120838764637,0.0004726123504360687,1.012,liquid:instantaneous;sand:cumulative,1,0.5,0.0,1589.2290741473143,1592.82580559734,62.77759704434497,1.0681783115368656e-05,0.14524793957821006,89.40577876303796,1.0,1.0,1.0,1.0,1.0,1.0,62.13198876754124,1.0723517936658374e-05,0.1421384711886914,89.36853421466066,1.0,1.0,1.0,1.0,1.0,1.0,True,407.85350000078324
42,3157,3157.0,validation,0.28349799999999997,104.31546613871865,107.16108139291902,106.95714646973228,107.16108139291902,106.95714646973228,0.0,0.0,0.0,0.0,0.09176843771786636,0.09181016647179768,0.02727893915957074,0.025323956540641124,0.00044064319320119804,1.012,liquid:instantaneous;sand:cumulative,1,0.5000000000000001,1.4787232439617027e-16,1657.5887034702087,1660.628062603513,62.11235460619924,1.0741020374010209e-05,0.1421570309807674,89.35331241446349,1.0,1.0,1.0,1.0,1.0,1.0,61.613747015760524,1.0781676093426743e-05,0.13973010987051335,89.32466052103683,1.0,1.0,1.0,1.0,1.0,1.0,True,405.88969999953406
43,3232,3232.0,validation,0.284001,103.01546613871864,104.12943943617752,104.0523984571727,104.12943943617752,104.0523984571727,0.0,0.0,0.0,0.0,0.09540225050574556,0.09541818008646182,0.010813650990607847,0.010065792616593612,0.0005251509689190374,1.012,liquid:instantaneous;sand:cumulative,1,0.5000000000000001,0.0,1722.3671178501188,1723.3191343179076,61.6021862533828,1.0812446123693755e-05,0.13962567660163924,89.297625127546,1.0,1.0,1.0,1.0,1.0,1.0,61.42048003913821,1.0827391877459453e-05,0.138829720544024,89.27250252783114,1.0,1.0,1.0,1.0,1.0,1.0,True,407.01020000415156
44,3307,3307.0,validation,0.283167,103.18717093081497,102.69034416192035,102.7046493720515,102.69034416192035,102.7046493720515,0.0,0.0,0.0,0.0,0.0858017267030364,0.08580065450560344,0.004814811419025474,0.0046761778078690365,0.0005891182140746078,1.012,liquid:instantaneous;sand:cumulative,1,0.5,0.0,1780.4256773037393,1780.275652328664,61.41747564574882,1.0827993487809188e-05,0.13884903586509584,89.25608619535836,1.0,1.0,1.0,1.0,1.0,1.0,61.45851699837656,1.0824266143342668e-05,0.13900037320483272,89.26028128401698,1.0,1.0,1.0,1.0,1.0,1.0,True,412.47740000108024
45,3383,3383.0,validation,0.2831660000000001,104.7963789899507,108.54280947997084,108.23873072573001,108.54280947997084,108.23873072573001,0.0,0.0,0.0,0.0,0.09090496848932425,0.09088992906316497,0.03574961774566089,0.032848002659609174,0.00048245228087177036,1.012,liquid:instantaneous;sand:cumulative,1,0.5,0.0,1845.881086244678,1849.2548723060845,61.461581894426615,1.0819738374771072e-05,0.1389600676059631,89.25056198019118,1.0,1.0,1.0,1.0,1.0,1.0,60.769216274501275,1.0883196653472084e-05,0.1361459288745759,89.1986110170861,1.0,1.0,1.0,1.0,1.0,1.0,True,419.292000005953
46,3458,3458.0,validation,0.28300099999999995,104.1877276246926,106.62777437381789,106.46464279347735,106.62777437381789,106.46464279347735,0.0,0.0,0.0,0.0,0.10509586522019193,0.10507634098411443,0.023419713672179113,0.021853967071694947,0.0005374437449391039,1.012,liquid:instantaneous;sand:cumulative,1,0.5000000000000001,0.0,1943.5407679557975,1944.8803152148992,60.79785511135661,1.0883166514894552e-05,0.13621298308348592,89.17594342420345,1.0,1.0,1.0,1.0,1.0,1.0,60.42208804586323,1.0915515032094461e-05,0.1349055591584327,89.13262034061356,1.0,1.0,1.0,1.0,1.0,1.0,True,423.8432999991346
47,3533,3533.0,validation,0.283168,103.42647909152532,108.58375776962313,108.17443992294143,108.58375776962313,108.17443992294143,0.0,0.0,0.0,0.0,0.062438437795260184,0.06240851842490478,0.049864200380774576,0.045906627327171115,0.0005062992924686733,1.012,liquid:instantaneous;sand:cumulative,1,0.5,0.0,2045.596723876496,2050.010643246486,60.39278808739786,1.0907552413552933e-05,0.13497401744232437,89.13363335785489,1.0,1.0,1.0,1.0,1.0,1.0,59.492134353779065,1.0959123355616059e-05,0.13153585837807,89.05563430843398,1.0,1.0,1.0,1.0,1.0,1.0,True,408.2425999949919
48,3608,3608.0,validation,0.283333,102.24682501117016,108.26128463267564,107.78715260240403,108.26128463267564,107.78715260240403,0.0,0.0,0.0,0.0,0.048605134049768864,0.04865501973337347,0.058822947517914795,0.05418581545811923,0.0005709761721544327,1.012,liquid:instantaneous;sand:cumulative,1,0.49999999999999994,0.0,2152.0433512977584,2156.151684167927,59.51748340564462,1.0952793583088652e-05,0.13148745425388175,89.07757892573441,1.0,1.0,1.0,1.0,1.0,1.0,58.49380404151807,1.1001080731899668e-05,0.1279994641434071,88.96932370530448,1.0,1.0,1.0,1.0,1.0,1.0,True,405.361900004209
49,3683,3683.0,validation,0.299501,101.40751685045981,108.91633623556274,108.33647406316604,108.91633623556274,108.33647406316604,0.0,0.0,0.0,0.0,0.0895905602265032,0.08963919598332022,0.07404598414707042,0.06832784617854297,0.0004949327305483921,1.012,liquid:instantaneous;sand:cumulative,1,0.5,0.0,2254.1240335688844,2257.9880505427036,58.52653741514665,1.0990352203623862e-05,0.12788420056646763,88.9754928583865,1.0,1.0,1.0,1.0,1.0,1.0,57.254889651485826,1.1027311649172509e-05,0.12403878261702848,88.86228223133352,1.0,1.0,1.0,1.0,1.0,1.0,True,410.77429999859305
50,3758,3758.0,validation,0.2995,102.25728429966436,108.83790934816257,108.36578396288641,108.83790934816257,108.36578396288641,0.0,0.0,0.0,0.0,0.13361738500070783,0.13363804216715994,0.06435360662633796,0.05973657236311035,0.000482481216023883,1.012,liquid:instantaneous;sand:cumulative,1,0.5000000000000001,0.0,2351.4289491389422,2352.5239461007386,57.30552501012406,1.1031584429553366e-05,0.12412861461394786,88.85380654274253,1.0,1.0,1.0,1.0,1.0,1.0,56.2737723436695,1.1080413908706513e-05,0.1216103339841802,88.7506175651289,1.0,1.0,1.0,1.0,1.0,1.0,True,450.8353999990504
51,3834,3834.0,validation,0.29983299999999996,102.5313061317029,108.99698472705671,108.53530914381673,108.99698472705671,108.53530914381673,0.0,0.0,0.0,0.0,0.1748644714501208,0.17488029224385093,0.0630605308689675,0.05855775410099234,0.0005020842503758766,1.012,liquid:instantaneous;sand:cumulative,1,0.5,2.1655553330109382e-16,2443.442616219103,2443.7635760936537,56.26892781881851,1.1093292108542513e-05,0.12159072936082285,88.74562973421149,1.0,1.0,1.0,1.0,1.0,1.0,55.29696840219443,1.1148792957641073e-05,0.11941198824619031,88.63637908065337,1.0,1.0,1.0,1.0,1.0,1.0,False,414.4354000018211
52,3909,3909.0,validation,0.299332,100.36490551019986,107.94316256377587,107.47791389239704,107.94316256377587,107.47791389239704,0.0,0.0,0.0,0.0,0.19456779791430925,0.19459848830621235,0.07550704118189848,0.0708714699230629,0.0005643704709719435,1.012,liquid:instantaneous;sand:cumulative,1,0.5,0.0,2529.3574783842278,2531.302386484473,55.27563058203671,1.115359812103154e-05,0.11946157708025172,88.62505167744693,1.0,1.0,1.0,1.0,1.0,1.0,54.398478491118404,1.1202281779364048e-05,0.11711491682532552,88.48096359910836,1.0,1.0,1.0,1.0,1.0,1.0,False,404.38049999647774
53,3984,3984.0,validation,0.300833,89.45980860743784,107.50153305177484,106.84107347069289,107.50153305177484,106.84107347069289,0.0,0.0,0.0,0.0,0.171461416973662,0.1714932848762777,0.20167407828365272,0.19429132628179965,0.0003511090925743504,1.012,liquid:instantaneous;sand:cumulative,1,0.5,2.0615241463163952e-16,2615.7987101678746,2618.0784435903693,54.434257612992326,1.1226739611915775e-05,0.1171106041734673,88.48320963847812,1.0,1.0,1.0,1.0,1.0,1.0,53.24159097786367,1.1273208588749179e-05,0.11404684464354467,88.2556433967669,1.0,1.0,1.0,1.0,1.0,1.0,False,406.6631000023335
54,4059,4059.0,validation,0.2995010000000001,95.51122579374835,106.92947894739244,106.20421925689375,106.92947894739244,106.20421925689375,0.0,0.0,0.0,0.0,0.15024422049467137,0.15025927719242935,0.1195488075747371,0.11195535785747715,0.0006272777756884171,1.012,liquid:instantaneous;sand:cumulative,1,0.4999999999999999,0.0,2700.098093840708,2701.4958527739495,53.250433430973544,1.128721673322525e-05,0.11413610022103936,88.26537448533513,1.0,1.0,1.0,1.0,1.0,1.0,51.98867751543958,1.1303948619737058e-05,0.11114369680199926,87.99178418249238,1.0,1.0,1.0,1.0,1.0,1.0,False,403.25270000175806
55,4134,4134.0,validation,0.300166,100.1192418686407,107.57221551010252,107.08669700503623,107.57221551010252,107.08669700503623,0.0,0.0,0.0,0.0,0.1683911341502616,0.1684178637269121,0.07444097160903733,0.069591569076572,0.000623929624720844,1.012,liquid:instantaneous;sand:cumulative,1,0.5,1.9735833535148444e-16,2783.8362477802793,2786.7604973108773,52.04916611116373,1.1289483968053509e-05,0.11122726235854308,87.99442540909095,1.0,1.0,1.0,1.0,1.0,1.0,51.27008051680452,1.1310367807697946e-05,0.10898874955961242,87.82218859691692,1.0,1.0,1.0,1.0,1.0,1.0,False,407.23499999876367
56,4209,4209.0,validation,0.300501,99.66930063222283,106.89425908675044,106.42605062121437,106.89425908675044,106.42605062121437,0.0,0.0,0.0,0.0,0.17829549578933052,0.17830711541031202,0.07248930622266049,0.06779168656880395,0.0006871351742678606,1.012,liquid:instantaneous;sand:cumulative,1,0.5000000000000001,1.9345335635811216e-16,2869.5304665020844,2870.4701220142074,51.28121505373601,1.1309726328807247e-05,0.10896889667352405,87.81613074114634,1.0,1.0,1.0,1.0,1.0,1.0,50.55064920777569,1.1335786891348785e-05,0.10724079653948802,87.62587067337455,1.0,1.0,1.0,1.0,1.0,1.0,False,408.23429999727523
57,4285,4285.0,validation,0.316834,100.55802129793301,105.64053203137591,105.33779608028699,105.64053203137591,105.33779608028699,0.0,0.0,0.0,0.0,0.19367395834337156,0.19368176958219194,0.05054306626006944,0.04753250631486154,0.0006885145074677124,1.012,liquid:instantaneous;sand:cumulative,1,0.5000000000000001,1.8957760378524794e-16,2952.3817230466,2952.980040571407,50.53820219636063,1.1343036024994284e-05,0.10714122472864947,87.61973345632818,1.0,1.0,1.0,1.0,1.0,1.0,50.087124304263924,1.1359010263829809e-05,0.10607740786241032,87.48146053783343,1.0,1.0,1.0,1.0,1.0,1.0,False,402.8030999979819
58,4360,4360.0,validation,0.316666,103.82740036199047,106.21340893933314,106.03976026497787,106.21340893933314,106.03976026497787,0.0,0.0,0.0,0.0,0.20690922638911358,0.2069090226619064,0.022980528926120968,0.021308054475736547,0.0007399992235267421,1.012,liquid:instantaneous;sand:cumulative,1,0.5,0.0,3032.7663187846283,3032.640532972692,50.077856659058746,1.1359439973929733e-05,0.1060827056975433,87.46769254696761,1.0,1.0,1.0,1.0,1.0,1.0,49.82205782742634,1.1363265215363507e-05,0.10556272239430563,87.38902386807513,1.0,1.0,1.0,1.0,1.0,1.0,False,419.62539999803994
59,4435,4435.0,validation,0.316832,105.75319425776365,106.74013836882243,106.66019286608702,106.74013836882243,106.66019286608702,0.0,0.0,0.0,0.0,0.21860667836534853,0.2186080845439636,0.009332522936878772,0.008576559929836611,0.0006982599585569062,1.012,liquid:instantaneous;sand:cumulative,1,0.5000000000000001,0.0,3110.5905759571724,3110.7872008665468,49.79784908084105,1.1376735487566001e-05,0.1056057497819606,87.38140753350159,1.0,1.0,1.0,1.0,1.0,1.0,49.683488724988926,1.1378467494516782e-05,0.10532993254309214,87.34714000473852,1.0,1.0,1.0,1.0,1.0,1.0,False,412.4168999987887
