sequence_index,phase,time_s,cluster_id,observed_liquid_share,prior_liquid_share,posterior_liquid_share,observed_sand_share,prior_sand_share,posterior_sand_share,posterior_half_length_m,posterior_cluster_factor,posterior_sand_transport_factor
0,calibration,1.0,0,0.16666666666666666,0.027389721294355313,0.026160156752928942,0.16666666666666666,0.16666666666666666,0.16666666666666666,3.679175098056537e-05,1.0322079934297828,0.9961550595743509
0,calibration,1.0,1,0.16666666666666666,0.3396892198122012,0.33956771497560895,0.16666666666666666,0.16666666666666666,0.16666666666666666,8.739662526290479e-06,0.9584385870467003,1.048792018963478
0,calibration,1.0,2,0.16666666666666666,0.02706923863452449,0.2643635727105057,0.16666666666666666,0.16666666666666666,0.16666666666666666,1.3386345402375784e-05,0.9775448124326293,0.9870281523645018
0,calibration,1.0,3,0.16666666666666666,0.34776418130747416,0.31914873588107157,0.16666666666666666,0.16666666666666666,0.16666666666666666,8.40823923448731e-06,0.9074925143132412,1.0128692310670782
0,calibration,1.0,4,0.16666666666666666,0.23085437101622622,0.02541062319006932,0.16666666666666666,0.16666666666666666,0.16666666666666666,3.6279622775387354e-05,1.002633456005003,0.9987405812412973
0,calibration,1.0,5,0.16666666666666666,0.0272332679352187,0.025349196489815456,0.16666666666666666,0.16666666666666666,0.16666666666666666,3.657707025248071e-05,1.0002097269879757,0.9341207072055092
1,calibration,75.0,0,0.16666666666666666,0.030752342874748238,0.03096260310833186,0.16666666666666666,0.16666666666666666,0.16666666666666666,0.0012431027018739184,1.0698714079553786,0.9868834757087619
1,calibration,75.0,1,0.16666666666666666,0.4096016338081662,0.37023639178948264,0.16666666666666666,0.16666666666666666,0.16666666666666666,0.0002664104489286189,0.9087476754644831,1.1155043653960706
1,calibration,75.0,2,0.16666666666666666,0.11574852273501153,0.1704421098052607,0.16666666666666666,0.16666666666666666,0.16666666666666666,0.0006308455968695826,0.9837484943292029,0.975256143428893
1,calibration,75.0,3,0.16666666666666666,0.38411712770214407,0.36977195676440583,0.16666666666666666,0.16666666666666666,0.16666666666666666,0.00026643488002551195,0.9077402142864649,1.0379335346295437
1,calibration,75.0,4,0.16666666666666666,0.029771756649677614,0.029838940320690018,0.16666666666666666,0.16666666666666666,0.16666666666666666,0.0012180278903121187,1.0310447406859864,1.1230016371487166
1,calibration,75.0,5,0.16666666666666666,0.030008616230252416,0.028747998211828923,0.16666666666666666,0.16666666666666666,0.16666666666666666,0.0009277897065823165,0.9933486927819603,0.9051324997518239
2,calibration,150.0,0,0.16666666666666666,0.029834958117488614,0.027955531821826727,0.16666666666666666,0.16666666666666666,0.16666666666666666,0.0021218612097315902,1.0639158501273587,0.9639518391268986
2,calibration,150.0,1,0.16666666666666666,0.35900186954909036,0.3437025463010651,0.16666666666666666,0.16666666666666666,0.16666666666666666,0.00046500534517062466,0.9210942908428122,1.1506704117333924
2,calibration,150.0,2,0.16666666666666666,0.19734669990230388,0.23716943272272584,0.16666666666666666,0.16666666666666666,0.16666666666666666,0.0008822905283542739,0.9812638920168257,0.9874243678817748
2,calibration,150.0,3,0.16666666666666666,0.3575125509854065,0.33794638648423136,0.16666666666666666,0.16666666666666666,0.16666666666666666,0.0004606838901353496,0.9074046252104083,1.08192893324483
2,calibration,150.0,4,0.16666666666666666,0.028546316393095312,0.026715748726683544,0.16666666666666666,0.16666666666666666,0.16666666666666666,0.0020648695194748433,1.016732884907826,1.1692337452360781
2,calibration,150.0,5,0.16666666666666666,0.02775760505261521,0.02651035394346735,0.16666666666666666,0.16666666666666666,0.16666666666666666,0.002072892984406335,1.0089160861865596,0.8555656706927527
3,calibration,226.0,0,0.16666666666666666,0.025396525984772683,0.029617663650917718,0.16666666666666666,0.16666666666666666,0.16666666666666666,0.0029085577140282246,1.0633752847338191,0.9983245768745495
3,calibration,226.0,1,0.16666666666666666,0.3112616384108882,0.37678983495907464,0.16666666666666666,0.16666666666666666,0.16666666666666666,0.0006575515069976809,0.9443427498468239,1.1837124755453177
3,calibration,226.0,2,0.16666666666666666,0.31650889768824064,0.17062350312885,0.16666666666666666,0.16666666666666666,0.16666666666666666,0.0015315579359472737,0.981865536056133,0.9658621224855175
3,calibration,226.0,3,0.16666666666666666,0.29858131752406714,0.36738003511957573,0.16666666666666666,0.16666666666666666,0.16666666666666666,0.000647523386050586,0.9233243124840366,1.0818918635803654
3,calibration,226.0,4,0.16666666666666666,0.024246927421719938,0.02772786404797603,0.16666666666666666,0.16666666666666666,0.16666666666666666,0.002742027843572846,0.9955250243434893,1.191480306253879
3,calibration,226.0,5,0.16666666666666666,0.024004692970311405,0.027861099093605998,0.16666666666666666,0.16666666666666666,0.16666666666666666,0.002822365322636114,1.0003086175483134,0.8308256467101363
4,calibration,301.0,0,0.1662492927720709,0.026923256140540863,0.06760156855657715,0.16666666666666666,0.006890461329343772,0.03534252206736093,5.447267577348855,1.0528995144450135,1.0362737192428593
4,calibration,301.0,1,0.16751215715857903,0.31206232711080995,0.22014230917801159,0.16666666666666666,0.4091666302899187,0.26111037038892454,2.7066659975700134,0.9563786223078269,1.1577273034727042
4,calibration,301.0,2,0.18362939426276018,0.15088669223688247,0.16040258156494555,0.16666666666666666,0.10385625554613842,0.13061436768561321,3.720483524696781,0.9845989411079937,0.9610822791143595
4,calibration,301.0,3,0.16131401556657415,0.3000607968399166,0.25834945516626867,0.16666666666666666,0.35035734355158354,0.3311292683079801,1.8647104816880413,0.9212711038357541,1.136510029422624
4,calibration,301.0,4,0.16569385525361932,0.12180456239572479,0.1378856799305781,0.16666666666666666,0.09160460369076906,0.12465663729478564,4.125405305983029,0.9980977183823416,1.1684026314915799
4,calibration,301.0,5,0.15560128498639658,0.0882623652761254,0.15561840560361895,0.16666666666666666,0.0381247055922466,0.11714683425533558,3.8345615534776063,0.9873240678063695,0.9047754368859027
5,calibration,376.0,0,0.17108715581829106,0.13785435807475793,0.15320049903085248,0.16666666666666666,0.11707605858322591,0.142556162793328,8.177966699030346,1.0327317550568973,1.0608342538154882
5,calibration,376.0,1,0.17454761314022216,0.17964095863158114,0.17625429532880824,0.16666666666666666,0.2019186627623021,0.19047165396067672,5.414685746026884,0.9342491253270732,1.1326210874478317
5,calibration,376.0,2,0.18384170475341088,0.1630918200682158,0.16631937577419517,0.16666666666666666,0.1443102899843847,0.15208765794389828,6.42410068642401,0.9654479943251342,0.9923462741264646
5,calibration,376.0,3,0.15862127103552198,0.19962557761503924,0.18194042009010278,0.16666666666666666,0.23719075584610555,0.20405957066188252,4.887628764038393,0.9204573011027629,1.153315383873114
5,calibration,376.0,4,0.16402861479205805,0.15541287030537004,0.15937765646501184,0.16666666666666666,0.16161506966720487,0.16654576661607853,7.269650813287578,0.9955419946539286,1.1633958893728369
5,calibration,376.0,5,0.14787364046049598,0.164374415305036,0.16290775331102944,0.16666666666666666,0.13788916315677685,0.14427918802413578,6.833561414873232,0.9791085624345672,0.9731386196389996
6,calibration,451.0,0,0.16880511525931322,0.15816479472083395,0.15927413661488043,0.16666666666666666,0.15042020303390977,0.1514274949080063,11.237694815653132,1.0463595720447212,1.0625335732331187
6,calibration,451.0,1,0.16925930963653063,0.17283280068150508,0.1723734071613371,0.16666666666666666,0.18535730549318274,0.18319870992153917,7.541003728241923,0.9375069737388646,1.1327663108670274
6,calibration,451.0,2,0.18207462169942598,0.16528489841881522,0.16591722123003688,0.16666666666666666,0.1509568528904825,0.15269719456586303,8.942040177491993,0.9736521500767441,1.003633275913403
6,calibration,451.0,3,0.16253128079019435,0.17718571844580266,0.17516519215052084,0.16666666666666666,0.19444100318439403,0.19282843292055862,7.022274196051131,0.925889772855688,1.162050267772999
6,calibration,451.0,4,0.16900165319562893,0.16175882550266993,0.16267428125784947,0.16666666666666666,0.17028364673483629,0.16987591416908376,9.864463750157643,1.000694573972169,1.1523699142772945
6,calibration,451.0,5,0.14832801941890683,0.1647729622303731,0.1645957615853754,0.16666666666666666,0.14854098866319473,0.14997225351494908,9.301118306969904,0.9835871093138601,0.9984157420364345
7,calibration,526.0,0,0.1758539283946649,0.16049596661906593,0.1612438474141119,0.16666666666666666,0.15300399692672859,0.15312172187612885,14.123900362275071,1.0509946613076453,1.0577429351608465
7,calibration,526.0,1,0.1670051990317461,0.17079167576772136,0.16952095362808778,0.16666666666666666,0.18073570567019973,0.17819669347637476,9.82617910890461,0.94243322385426,1.1362099680549562
7,calibration,526.0,2,0.1821083731759141,0.16578003557657492,0.16580579418968083,0.16666666666666666,0.15195704822585707,0.15271531540776329,11.139069860198703,0.9715487307319216,1.0088798336720697
7,calibration,526.0,3,0.1597328321368692,0.17477126391277667,0.17519265986321286,0.16666666666666666,0.1935228191046344,0.19586402789971466,8.262799749651084,0.9129333507019529,1.184801523518049
7,calibration,526.0,4,0.16837943021355586,0.16401127023327253,0.16411807484989216,0.16666666666666666,0.17144081888555218,0.16896739853154982,11.912201034891954,0.9902596705207477,1.1346685773890404
7,calibration,526.0,5,0.1469202370472499,0.16414978789058843,0.16411867005501443,0.16666666666666666,0.14933961118702807,0.15113484280846864,11.918022139097827,0.9902520452213567,1.0149115361011518
8,calibration,601.0,0,0.17564353834732452,0.1614916825158654,0.16263444603467495,0.16666666666666666,0.1541951960464046,0.15247977607908045,17.059521172003134,1.0624065669915845,1.0460172062142112
8,calibration,601.0,1,0.16841334018616866,0.16741414129664708,0.16494414768700236,0.16666666666666666,0.17557825705427296,0.16877325832727547,13.436107709691514,0.9767379312114576,1.131960352111628
8,calibration,601.0,2,0.18090720118782477,0.16636899608777794,0.16610712910034442,0.16666666666666666,0.15211044162136808,0.15412995237121518,12.67771544048188,0.9615864269855678,1.0221919280672171
8,calibration,601.0,3,0.15642510422020442,0.17570132822124937,0.17824615573943128,0.16666666666666666,0.1965885976902397,0.2033918185140762,8.104184559769257,0.8877927427936425,1.2049467160087037
8,calibration,601.0,4,0.16910993090057674,0.16488136071030915,0.1644838703698133,0.16666666666666666,0.17037960263410024,0.1661721595928739,13.770169075023817,0.9840782754301379,1.119509017252984
8,calibration,601.0,5,0.14950088515790075,0.16414249116815108,0.16358425106873362,0.16666666666666666,0.1511479049536144,0.15505303511547863,14.614029022479302,1.00253603889239,1.0538056585829358
9,calibration,677.0,0,0.17536367355079935,0.16227119283446484,0.16251813946402377,0.16666666666666666,0.15107051508156236,0.15195255611438274,19.896341461649186,1.0695295927941586,1.0494778633868005
9,calibration,677.0,1,0.16985152180012916,0.16505463728940878,0.1651793215454345,0.16666666666666666,0.17015284249938634,0.16894845832236668,15.214213794025314,0.973477052916908,1.1369290610615954
9,calibration,677.0,2,0.18006296650638626,0.16638678534740725,0.1664088204563837,0.16666666666666666,0.15325629826630116,0.15404630332234232,14.349814809818378,0.9587459193047212,1.024418358020722
9,calibration,677.0,3,0.1568015508925107,0.1787117743078681,0.17836052340493389,0.16666666666666666,0.2041155710147256,0.20484323620491182,9.284613080185245,0.888705439224322,1.2191351882994312
9,calibration,677.0,4,0.16877731988735672,0.1642115172667304,0.16408282105620736,0.16666666666666666,0.16575094059396736,0.16469149098090308,16.14658036189577,0.9908621642032082,1.1201557120721408
9,calibration,677.0,5,0.14914296736281787,0.16336409295412085,0.16345037407301657,0.16666666666666666,0.15565383254405726,0.15551795505509347,16.862502422292884,1.00452084836902,1.0643177033763564
10,calibration,752.0,0,0.17375818539431842,0.16219911990422783,0.16579917484965892,0.16666666666666666,0.15181229610439842,0.15832397565900783,24.208468168509945,1.0852617415005397,1.0611164264813089
10,calibration,752.0,1,0.16863857443011185,0.16512572403343923,0.16504627984753495,0.16666666666666666,0.1690651729391432,0.16699686662880384,18.634195600904263,0.9737815767595036,1.127423994264288
10,calibration,752.0,2,0.18175086237513713,0.16640421729274843,0.16559109851396528,0.16666666666666666,0.15363447017257836,0.15294963104844506,17.8360848134126,0.9602559672427827,1.0271583207840222
10,calibration,752.0,3,0.1585401859384803,0.17778918396076407,0.17404850819550252,0.16666666666666666,0.20327856800040345,0.19595283244403314,12.292347730224215,0.8821328994298064,1.2151424465127263
10,calibration,752.0,4,0.1683966093251706,0.16482250342330046,0.16511318126453894,0.16666666666666666,0.16523355847377433,0.1677480660559174,18.514233854748944,0.9718354161770814,1.1317613648224991
10,calibration,752.0,5,0.14891558253678164,0.16365925138551998,0.1644017573287994,0.16666666666666666,0.15697593430970228,0.15802862816379282,20.66675358640507,1.011292091400683,1.073577931900372
11,calibration,827.0,0,0.17319647682763054,0.16431020088869397,0.1624185950136576,0.16666666666666666,0.1563078371005788,0.1535214887806368,25.524001582948,1.0882086251660286,1.0612717840450767
11,calibration,827.0,1,0.16807519420494704,0.1650373596765533,0.16483516907826232,0.16666666666666666,0.16666524788638273,0.16723299013185514,19.125124120845957,0.980309808687016,1.1290594077764784
11,calibration,827.0,2,0.18123683358498882,0.16594374918531304,0.16595994753455498,0.16666666666666666,0.15340487565259134,0.15329154843961304,18.112324026528054,0.9662743822543631,1.0237350966567993
11,calibration,827.0,3,0.1588850044001797,0.17522366127637606,0.17830622985579495,0.16666666666666666,0.19875237224313064,0.2028345297857037,11.55494637514299,0.8926703345893338,1.207675081483118
11,calibration,827.0,4,0.16841862286358233,0.16552778990566777,0.16538220927955777,0.16666666666666666,0.16860794636784948,0.16791002442740277,18.59936577405341,0.9730726063572277,1.127636709256702
11,calibration,827.0,5,0.15018786811867155,0.16395723906739584,0.16309784923817233,0.16666666666666666,0.15626172074946693,0.15520941843478858,21.265195140483193,1.013227452527629,1.06579956972743
12,calibration,902.0,0,0.1722286167867323,0.16309313235571585,0.16263863047071467,0.16666666666666666,0.15414204706730059,0.1538594320687535,29.14394924172124,1.0917173736201176,1.0645566041380354
12,calibration,902.0,1,0.16567863360038976,0.16467784841230867,0.16454285008275105,0.16666666666666666,0.1677903279664959,0.16821474231405656,22.017335194127636,0.9839613104815488,1.1424052676614218
12,calibration,902.0,2,0.18034707818263304,0.16643642821791335,0.16702476205452843,0.16666666666666666,0.15435957345369591,0.15418125524768603,19.58445662476742,0.9541694553200577,1.0223150765116715
12,calibration,902.0,3,0.1635446686718726,0.17713281689231583,0.1768799929161142,0.16666666666666666,0.19980138648317297,0.19839841635810634,13.705084983675578,0.8962197650747027,1.200203334365322
12,calibration,902.0,4,0.1680806845752031,0.1652801965424277,0.1656008201056519,0.16666666666666666,0.16851141049359372,0.16815837165239214,20.855342882868076,0.9694266215293216,1.1303712090035245
12,calibration,902.0,5,0.1501203181831692,0.16337957757931862,0.16331294437023983,0.16666666666666666,0.15539525453574093,0.15718778235900543,23.787507802550877,1.0081611163624438,1.0804094646197757
13,calibration,977.0,0,0.1655346721941342,0.16478047340503496,0.16484476413946064,0.16666666666666666,0.15702111035440092,0.15880383163582037,34.0446151292685,1.0960665847405762,1.0676012160228636
13,calibration,977.0,1,0.1632484914990532,0.16487521155557786,0.16509353531496915,0.16666666666666666,0.1694696409318667,0.1693987089377323,26.075602092256574,0.986701158104774,1.1360836839553625
13,calibration,977.0,2,0.1741742456993082,0.1664413989187336,0.16655182061771895,0.16666666666666666,0.1522248062296915,0.15552638400640195,23.854204055571344,0.9613921961921383,1.028474183210034
13,calibration,977.0,3,0.1843556197330763,0.17416316579797816,0.17303648714656333,0.16666666666666666,0.19502421124000793,0.18499870899040682,18.207255989068198,0.9070252330688761,1.1508447181231705
13,calibration,977.0,4,0.16484361918555226,0.16549343892676668,0.16603637029127405,0.16666666666666666,0.16752229669156693,0.16965074769797517,24.535120090988134,0.9689615112085558,1.1274542906437837
13,calibration,977.0,5,0.14784335168887588,0.16424631139590865,0.16443702249001393,0.16666666666666666,0.1587379345524661,0.16162161873166356,27.61590822811669,1.0057568160199908,1.0908585002986768
14,calibration,1052.0,0,0.16252663923164637,0.16667791443130714,0.16771375605642247,0.16666666666666666,0.16192073502594054,0.16620747420303103,39.53178299467234,1.0909380747941684,1.079973341588316
14,calibration,1052.0,1,0.1629770397149397,0.165533670134734,0.16584808062870993,0.16666666666666666,0.1695758446681303,0.17031020173477415,31.45245011292788,0.9864819579256292,1.1266170667683542
14,calibration,1052.0,2,0.17366728808819495,0.1666700089789765,0.16651916160627117,0.16666666666666666,0.15718606362387877,0.15824813548056024,29.191561461330917,0.9613467166944402,1.0400835771280188
14,calibration,1052.0,3,0.18749845624778072,0.17023744577832364,0.1681898295660236,0.16666666666666666,0.17982080791846947,0.17176494532287284,26.266091485677272,0.9316474538179599,1.1110339985148854
14,calibration,1052.0,4,0.16654451167441703,0.16578674242631417,0.1660314285657949,0.16666666666666666,0.16787706436182043,0.1688297434602037,30.627409105457186,0.9770584260803811,1.1148510706632135
14,calibration,1052.0,5,0.14678606504302127,0.1650942182503446,0.16569774357677794,0.16666666666666666,0.16361948440176055,0.164639499798558,32.97526258840245,1.0043785840901511,1.0906863279491175
15,calibration,1128.0,0,0.16361176268994984,0.16830103954833106,0.16726407811853386,0.16666666666666666,0.1680236482403611,0.16616251994194053,42.631574339280604,1.0820484886386448,1.0772628059039415
15,calibration,1128.0,1,0.16434318111948734,0.16598018720160237,0.1664896706580602,0.16666666666666666,0.170742748151621,0.1711124027656224,32.994301846944,0.9731972678396684,1.117621388602586
15,calibration,1128.0,2,0.1749037836679849,0.1661801718486239,0.16661349982882193,0.16666666666666666,0.15735462443636294,0.15911417367357505,32.62893582853818,0.9695967090496637,1.0380193607471204
15,calibration,1128.0,3,0.1835404110000159,0.16749667237316698,0.16755229681554928,0.16666666666666666,0.16972744633041814,0.16691629539309508,30.520129191419016,0.9496260813236302,1.079172838025563
15,calibration,1128.0,4,0.16688798168435195,0.16604153917014577,0.16614030190313506,0.16666666666666666,0.16930139744762995,0.1703196711868097,34.30877145426908,0.9864205998610243,1.116188909568193
15,calibration,1128.0,5,0.1467128798382101,0.1660003898581299,0.16594015267589973,0.16666666666666666,0.16485013539360693,0.16637493703895723,35.59194365532852,0.9998390511744631,1.0924420616137145
16,calibration,1203.0,0,0.16483558138153026,0.16732265541594452,0.16685121915083506,0.16666666666666666,0.16667518185645896,0.16804522365644,45.466905545726426,1.0776419875708079,1.1085739206642213
16,calibration,1203.0,1,0.1646846725352543,0.16660759532537855,0.16670509416444582,0.16666666666666666,0.17074997030457387,0.17166410042380217,35.33005276645079,0.9740559775235335,1.1340358591638098
16,calibration,1203.0,2,0.17895128627672016,0.16651993858246716,0.166578934851771,0.16666666666666666,0.1577862366973377,0.15790139775502596,35.71202470877048,0.9775062252064205,1.044381919407216
16,calibration,1203.0,3,0.17929398999077903,0.16755483921577546,0.16766607788408283,0.16666666666666666,0.1668378740730395,0.16454086439824414,33.06891823182541,0.9544432445865336,1.0770278796978232
16,calibration,1203.0,4,0.16517614300334618,0.16602902505783068,0.16631503873170947,0.16666666666666666,0.1709031762206815,0.1708030247344667,36.65105034135532,0.9860933813622187,1.1325845231376628
16,calibration,1203.0,5,0.1470583268123699,0.1659659464026038,0.16588363521715585,0.16666666666666666,0.1670475608479085,0.16704538903202112,40.40691473589878,1.0227612370429748,1.112280494308904
17,calibration,1278.0,0,0.16384721573033983,0.1667823728712719,0.16857776162491084,0.16666666666666666,0.1670137394622139,0.17272710235439717,51.51361213633848,1.0823114155053242,1.1414650435858837
17,calibration,1278.0,1,0.16354658736060804,0.1665449911722868,0.16608423705769765,0.16666666666666666,0.17131904256409022,0.17062933377570963,44.28561224254335,1.0068664773383538,1.1548107319613345
17,calibration,1278.0,2,0.17941905909909467,0.16628521701485202,0.16628204638635127,0.16666666666666666,0.1578567701466375,0.15838267885041785,45.49839571488785,1.0187160112734719,1.069886453677337
17,calibration,1278.0,3,0.18112599323020387,0.168075698254704,0.16614573188963555,0.16666666666666666,0.16524199492928077,0.1597340981690045,39.84462454493313,0.9657720519250347,1.0804321850228484
17,calibration,1278.0,4,0.16572435673091154,0.16637998611422988,0.16641209587615485,0.16666666666666666,0.17124621823696826,0.16926270744710253,38.50949065254481,0.9542901920049617,1.1419525017082477
17,calibration,1278.0,5,0.14633678784884208,0.16593173457265528,0.16649812716524967,0.16666666666666666,0.16732223466080942,0.16926407940336827,46.43918972992755,1.0281603861092432,1.1410178027902083
18,calibration,1353.0,0,0.16422347062426843,0.16822852379847078,0.16737982562344061,0.16666666666666666,0.17273447995979727,0.17120687824970066,53.91894284743608,1.1037932616205486,1.1689695060439123
18,calibration,1353.0,1,0.16389017363016017,0.1661774359426731,0.16565771878207547,0.16666666666666666,0.17085222077150447,0.17099256186003486,48.20819351303743,1.046842396170541,1.186985703171227
18,calibration,1353.0,2,0.17950223486234188,0.16641292562791277,0.16650493150000203,0.16666666666666666,0.15755354088150364,0.15449638899526727,51.67438360224792,1.0807215997914177,1.0637557565378188
18,calibration,1353.0,3,0.1792097502588855,0.1661057710145268,0.1655842817322505,0.16666666666666666,0.15929967743572643,0.1579146562879031,43.00928673102826,1.0002147409958968,1.0969802715848602
18,calibration,1353.0,4,0.1666441162052886,0.16672057618340322,0.169065782314007,0.16666666666666666,0.1712567911061415,0.1747813482237575,33.90794201805417,0.9313952575413091,1.174391466868873
18,calibration,1353.0,5,0.14653025441905537,0.16635476743301325,0.16580746004822444,0.16666666666666666,0.1683032898453267,0.17060816638333662,49.04049457308203,1.0549394844675455,1.1826064964276217
19,calibration,1428.0,0,0.16501730543355234,0.1669880083899209,0.16687101537499482,0.16666666666666666,0.17282035435703474,0.17219726830543008,58.72982879599454,1.127754560451105,1.1992305639528966
19,calibration,1428.0,1,0.1645814432437588,0.16559658527765284,0.16475533722036032,0.16666666666666666,0.16949166407393124,0.1715600505041998,53.19496842331971,1.073452991785336,1.219435579170917
19,calibration,1428.0,2,0.18013944829559184,0.16621471280565914,0.167470125439671,0.16666666666666666,0.15480027467381074,0.1579718651119584,59.85943995951093,1.1394942243911073,1.093870417066044
19,calibration,1428.0,3,0.1759274327066,0.1654682346324559,0.16421507789656528,0.16666666666666666,0.15731748581384947,0.15288651490392083,45.03549867117304,1.0024832387906804,1.092431505021729
19,calibration,1428.0,4,0.16704439702801202,0.16999964417306093,0.1709440383471519,0.16666666666666666,0.1755235936875776,0.1747900698816329,31.04101619230287,0.9084000197709561,1.1712141360429118
19,calibration,1428.0,5,0.1472899732924851,0.16573281472125037,0.16574440572125665,0.16666666666666666,0.17004662739379617,0.17059423129285792,56.175770519336226,1.1025414832491454,1.2010138611403682
20,calibration,1503.0,0,0.16621757384926392,0.16639959239664953,0.16669805287803016,0.16666666666666666,0.17064239230467826,0.16854696588441437,63.67972309701485,1.1534639039350931,1.1989060346471025
20,calibration,1503.0,1,0.16436962295961288,0.16463358874581965,0.16379375489681,0.16666666666666666,0.17136968839332484,0.17074898708934413,56.86897766699523,1.088169595387948,1.2492099771955363
20,calibration,1503.0,2,0.18032731408979383,0.167375863975298,0.16963045494490772,0.16666666666666666,0.15898928145617522,0.1623064713204038,68.257644870521,1.2009607915078808,1.122749223931303
20,calibration,1503.0,3,0.17260491954373403,0.16461630545409875,0.16277339667417037,0.16666666666666666,0.15323255728669588,0.15082659932978776,49.59451048905018,1.025777231186853,1.1145447431047404
20,calibration,1503.0,4,0.16928259765103149,0.17130014140634153,0.17048668581626006,0.16666666666666666,0.1751967337898561,0.17302099337275176,31.41735182566425,0.9074464081987248,1.1872634612431443
20,calibration,1503.0,5,0.1471979719065638,0.16567450802179262,0.16661765478982168,0.16666666666666666,0.17056934676926974,0.17454998300329821,63.479008873459634,1.1520056287660079,1.2425653356354758
21,calibration,1579.0,0,0.16738503426746337,0.16611474414598035,0.16675459211509872,0.16666666666666666,0.16855486242662965,0.1693042569529655,67.61520801546699,1.1810315673996785,1.2188908879634455
21,calibration,1579.0,1,0.16336674103957965,0.16338039270731777,0.16313782010748135,0.16666666666666666,0.16979335962318418,0.1681685443610249,56.18365208014033,1.0789789349367693,1.2539457663504785
21,calibration,1579.0,2,0.17921060182477577,0.16876852792350172,0.1706297821831312,0.16666666666666666,0.161389187714979,0.16524649976570743,73.94834327049162,1.2445367937983003,1.1467426549583701
21,calibration,1579.0,3,0.1698189178976351,0.16274489829569064,0.1632292813253661,0.16666666666666666,0.14997566158499404,0.1523658790003353,49.56320207199425,1.0278995108324878,1.1350950978854184
21,calibration,1579.0,4,0.17286057665923985,0.17282345080878883,0.17008073449880307,0.16666666666666666,0.17626605789789443,0.16887714812343457,34.19355030426571,0.9343024957032113,1.1779968420989033
21,calibration,1579.0,5,0.14735812831130632,0.1661679861187208,0.16616778977011945,0.16666666666666666,0.17402087075231862,0.17603767179653224,66.367588835021,1.1696137022638189,1.274535988992331
22,calibration,1654.0,0,0.1681993377181418,0.16620051251899656,0.16360828349215972,0.16666666666666666,0.1684093124081748,0.1643789047933278,67.19277181709879,1.1745773876003274,1.2246071957518805
22,calibration,1654.0,1,0.16299541286798847,0.16287161748232062,0.16220576687916635,0.16666666666666666,0.16783366764128643,0.1666965241474863,54.57967284628082,1.0745062197957438,1.2590983796101205
22,calibration,1654.0,2,0.1794830281373576,0.1698370484490906,0.16871333034233515,0.16666666666666666,0.16420829093593436,0.16265957729186875,78.2048083469217,1.2772492098012718,1.1536651872659847
22,calibration,1654.0,3,0.16848708552567368,0.16317301255734312,0.16409179232105783,0.16666666666666666,0.15183963569182626,0.15381111953682738,46.264751221303044,1.0198053186927052,1.1404807124030008
22,calibration,1654.0,4,0.17339920952513344,0.1721747125734067,0.17751279568302228,0.16666666666666666,0.17227460426202246,0.17998224639752794,26.77538508253902,0.9267187802931269,1.1767965636163424
22,calibration,1654.0,5,0.14743592622570506,0.16574309641884238,0.16386803128225863,0.16666666666666666,0.17543448906075562,0.1724716278329618,67.83234677966671,1.1817159091796474,1.2816400499978422
23,calibration,1729.0,0,0.16951586967363044,0.1629287502440242,0.16189102462228375,0.16666666666666666,0.16332001029513604,0.1624885675468523,66.9380457120806,1.1699010482354806,1.235055088871608
23,calibration,1729.0,1,0.16210009696327826,0.1618729337648574,0.1614720775901299,0.16666666666666666,0.16557078415650597,0.16419596263807493,58.566808514951845,1.1076129873785727,1.2532177439150283
23,calibration,1729.0,2,0.1793164315292217,0.16811553668040505,0.16927709399847318,0.16666666666666666,0.16136094638189627,0.16416045397183202,85.35851278166271,1.3335404348943276,1.161800039524276
23,calibration,1729.0,3,0.16702727368805884,0.16363801501326336,0.16808504879979377,0.16666666666666666,0.1534306744702871,0.1600886035381058,39.4299841226188,0.9958818778729821,1.1458660049294094
23,calibration,1729.0,4,0.1744726762027133,0.18013507495230227,0.17689734293128362,0.16666666666666666,0.18507316152379238,0.17964998391172388,28.178267671789964,0.9504419948954108,1.1849309448451666
23,calibration,1729.0,5,0.14756765194309746,0.1633096893451477,0.16237741205803585,0.16666666666666666,0.17124442317238212,0.16941642839341095,69.19050901759464,1.1896338287535244,1.2815468613333543
24,calibration,1804.0,0,0.1706111013580985,0.1618118212447863,0.15996699914620074,0.16666666666666666,0.16298417478979824,0.15936118815161415,65.61981454503943,1.1581043584981294,1.233425222219077
24,calibration,1804.0,1,0.16129322067262727,0.16178024867334379,0.16103518821555196,0.16666666666666666,0.1646274996570233,0.16395869789433362,55.65546525984339,1.0927624958722242,1.2555676192762362
24,calibration,1804.0,2,0.17884273323622152,0.1690728332905441,0.16732887894469925,0.16666666666666666,0.1623713799150791,0.15914213597690063,90.18139932681004,1.3616583658231103,1.1461742386921436
24,calibration,1804.0,3,0.16577082511016789,0.16762598371408868,0.17294813563636988,0.16666666666666666,0.15946946687963648,0.16882390499737965,32.764413416735074,0.9829799337710506,1.153313640425613
24,calibration,1804.0,4,0.17578740551714375,0.1776413336488555,0.17860778919907255,0.16666666666666666,0.18175543235538316,0.18310339652818153,26.323483334232975,0.9619841182501435,1.188049870408688
24,calibration,1804.0,5,0.1476947141057412,0.16206777942838158,0.1601130088581057,0.16666666666666666,0.16879204640307965,0.1656106764515903,68.22827152626529,1.1787315725742054,1.2799253578836445
25,calibration,1879.0,0,0.16743560252151646,0.16010431997557464,0.16105100878617054,0.16666666666666666,0.15847092736247376,0.16130769115556884,64.71683040293576,1.1512997103413114,1.233621198375195
25,calibration,1879.0,1,0.1574110734306363,0.1613622550730046,0.16175406655649052,0.16666666666666666,0.16446283271675202,0.16614977909631018,59.68529831444912,1.1202671907004178,1.2618266730197287
25,calibration,1879.0,2,0.1769908587599288,0.16690292318616978,0.16811773524369666,0.16666666666666666,0.15846933786272174,0.16004388435307595,94.80199277945053,1.3859778688951232,1.1426828300817597
25,calibration,1879.0,3,0.18261168147835144,0.1729568031313683,0.17350697265936013,0.16666666666666666,0.169616907482273,0.16911201888309474,35.06617581419975,1.00372208278914,1.1479835114050974
25,calibration,1879.0,4,0.17172661433852515,0.17848274724112576,0.17466808942170414,0.16666666666666666,0.183765271244353,0.17634173932092298,26.736755040536032,0.9522422164942751,1.1843543953132825
25,calibration,1879.0,5,0.1438241694710419,0.16019095139275685,0.16090212733257817,0.16666666666666666,0.16521472333142648,0.16704488719102728,69.08076799580077,1.1815994145398876,1.2793889563855871
26,calibration,1954.0,0,0.160450380010965,0.1610462395088239,0.16166278256880628,0.16666666666666666,0.16159946452865187,0.1627685644607197,65.13954606125083,1.154166505185126,1.23446344713287
26,calibration,1954.0,1,0.15633853525362942,0.1618004673922599,0.16203012846467327,0.16666666666666666,0.16659532842042388,0.16702662025527948,63.651237307408024,1.1457653976338864,1.2621652888161004
26,calibration,1954.0,2,0.18607307230295167,0.16742690570700133,0.1646797232321157,0.16666666666666666,0.15835097970399872,0.1523764784018811,98.28288632470749,1.3928546885667363,1.1219603465571524
26,calibration,1954.0,3,0.19565952704239525,0.17543106616327642,0.17302046913358596,0.16666666666666666,0.17321141412068983,0.16835673274803994,41.384288305216614,1.041683037234736,1.1454029403437302
26,calibration,1954.0,4,0.1646600330108552,0.17342017847132896,0.1763786680834606,0.16666666666666666,0.1740412024259513,0.1810553119352482,28.064655932585897,0.9658372743196018,1.1944868091528698
26,calibration,1954.0,5,0.13681845237920343,0.16087514275730946,0.16222822851735813,0.16666666666666666,0.16620161080028442,0.16841629219883153,62.75932029764496,1.1416798256424336,1.270180969373317
27,calibration,2030.0,0,0.15411433848011447,0.16150865361904712,0.16259505303706653,0.16666666666666666,0.16228658398117252,0.16671973404874005,73.27088364658123,1.1938093456372478,1.2477486701260077
27,calibration,2030.0,1,0.15920299324221002,0.16216480786555573,0.16297855845350906,0.16666666666666666,0.16665758676029838,0.1671955163894722,70.05564862261049,1.1747203743521668,1.2466016666920767
27,calibration,2030.0,2,0.19326705104299674,0.1643968493483209,0.168042407528797,0.16666666666666666,0.15211168507358971,0.155597464158544,103.57209294880236,1.413908388300503,1.1046993907034048
27,calibration,2030.0,3,0.20325546342107223,0.17359084246832204,0.17448022790240392,0.16666666666666666,0.16994072828613127,0.16679416675004077,42.397509393941625,1.0443967843141755,1.1150612867488543
27,calibration,2030.0,4,0.15921868029651468,0.1762333599376592,0.16759219980239756,0.16666666666666666,0.18100128796450227,0.16968859703467037,28.083558641043247,0.9219186642559255,1.2099248825065645
27,calibration,2030.0,5,0.1309414735170918,0.16210548676109499,0.164311553275826,0.16666666666666666,0.16800212793430583,0.17400452161853272,63.69865221203127,1.1393717896358073,1.280570236793543
28,calibration,2105.0,0,0.14838034995281954,0.1622782058089763,0.16315045258654617,0.16666666666666666,0.16590614901124737,0.17077274772980558,78.22256221963441,1.221719682729103,1.2702845400419238
28,calibration,2105.0,1,0.15591019731923045,0.1626535110973468,0.16300472718393857,0.16666666666666666,0.16659483408165646,0.16654325600000414,79.59312614089129,1.230188477192787,1.2405961559824306
28,calibration,2105.0,2,0.1930230888153694,0.16756496532517087,0.16746262432300119,0.16666666666666666,0.15492836694074555,0.15500775245026924,109.2552305266176,1.4401642333827016,1.1058812369837085
28,calibration,2105.0,3,0.22486423968295313,0.1752680405616172,0.17891664673209515,0.16666666666666666,0.16902786631518507,0.16712819066664333,41.85406057739289,1.0549584873752182,1.0725862134038626
28,calibration,2105.0,4,0.15279088095288987,0.16779224139312893,0.16050684417688327,0.16666666666666666,0.16926569297905966,0.159723593298746,28.24690923089281,0.8884757760260755,1.219559746633545
28,calibration,2105.0,5,0.12503124327673773,0.16444303581375982,0.16695870499753568,0.16666666666666666,0.17427709067210595,0.18082445985453177,62.94626346741157,1.1394797984342628,1.2963025261992913
29,calibration,2180.0,0,0.1385167812543744,0.16346736744632523,0.1639868077007788,0.16666666666666666,0.17160356548464123,0.1768093779231993,83.85756807443666,1.2347721815977881,1.2792233154694772
29,calibration,2180.0,1,0.16371811388210356,0.16336051171339047,0.16412618529305525,0.16666666666666666,0.16760519841225133,0.16969493710352426,83.13885659864451,1.2308988000742842,1.2260822726494596
29,calibration,2180.0,2,0.1954368585916487,0.16856707271174387,0.16435373234601716,0.16666666666666666,0.15612116548990942,0.1470865779844033,111.18566989379931,1.4100800639944953,1.0603788559537328
29,calibration,2180.0,3,0.2430041434217787,0.1788914372959939,0.1761817912709278,0.16666666666666666,0.16678926335427016,0.15471479011441772,54.90892490337248,1.1018999518411052,0.9979976700436565
29,calibration,2180.0,4,0.14343172460042142,0.1589924741986254,0.1614164568735899,0.16666666666666666,0.15690495589023937,0.16431574932845514,29.581466073137104,0.8802613147088442,1.219264766817625
29,calibration,2180.0,5,0.11589237824967323,0.1667211366339209,0.169935026515631,0.16666666666666666,0.18097585136868838,0.18737856754600013,66.02865263638161,1.1464037905886346,1.2805678600433328
30,calibration,2255.0,0,0.12629301821815525,0.16458769976106316,0.16405474289353247,0.16666666666666666,0.17868040838773958,0.18572481962371856,95.2380379875512,1.2683050743567783,1.31581786748088
30,calibration,2255.0,1,0.1840573474261239,0.16453786158270434,0.16414927665147008,0.16666666666666666,0.17028958156188057,0.16644263860496042,92.80552057745199,1.2547826381691811,1.1781216413635687
30,calibration,2255.0,2,0.2011315830283745,0.16633939897288794,0.16704587525674586,0.16666666666666666,0.14926380562467453,0.14992502390248105,118.68028694179972,1.4168409727960758,1.031917114974654
30,calibration,2255.0,3,0.24932398641391734,0.17481481950495237,0.17864574179524226,0.16666666666666666,0.1534481050908941,0.14818767299404623,50.908208763256155,1.0734215930553763,0.916076425892602
30,calibration,2255.0,4,0.13381640857525637,0.15973994602836605,0.15513420331025113,0.16666666666666666,0.16148245717026166,0.1633388523130254,30.895222660132443,0.8576266608875416,1.2655091896898634
30,calibration,2255.0,5,0.10537765633817281,0.16998027415002606,0.17097016009275834,0.16666666666666666,0.18683564216454956,0.18638099256176832,65.25126223821464,1.1234624990146302,1.2360527633469043
31,calibration,2330.0,0,0.11395521468152407,0.1652561516389544,0.16914052376471742,0.16666666666666666,0.18760969268528932,0.2063838315727194,91.6654089526961,1.2222306667080656,1.306344618554757
31,calibration,2330.0,1,0.16586594451953054,0.1652101799300927,0.16931865968885051,0.16666666666666666,0.16870296622570596,0.17674901860840012,90.8892702163288,1.2185338167070563,1.116882944991587
31,calibration,2330.0,2,0.19298739393657455,0.1691804109445128,0.1679527592694177,0.16666666666666666,0.15268346005954317,0.14802071452322324,121.86742206639474,1.38518609470366,0.9475484608770269
31,calibration,2330.0,3,0.30899948034520974,0.176212168642164,0.1711112533522557,0.16666666666666666,0.14538950082218977,0.12125681663370179,84.39424929844473,1.1888780595398682,0.7534228889885873
31,calibration,2330.0,4,0.12301421092191595,0.15407747399258065,0.1489992312154491,0.16666666666666666,0.1609842412807161,0.15959934006412402,31.673869319116537,0.805295712840474,1.2374139575448524
31,calibration,2330.0,5,0.09517775559524526,0.17006361485169547,0.17347757270930952,0.16666666666666666,0.18463013892655566,0.18799027859783143,77.79265892264117,1.1611519399897348,1.1426794466297847
32,calibration,2405.0,0,0.10259948775788091,0.1700724875756641,0.16420848710163974,0.16666666666666666,0.20820471222748613,0.21388166560797553,110.12125413092228,1.2618279359439177,1.3374562595871367
32,calibration,2405.0,1,0.14932370075906054,0.1701443781524577,0.16400068277061788,0.16666666666666666,0.17720983255055286,0.16641198968529158,112.6948612612674,1.2745617593236354,1.0427268419797235
32,calibration,2405.0,2,0.17441752758631682,0.17035989117202513,0.16384436875284022,0.16666666666666666,0.15250331250505567,0.15241644567550344,122.39878081771701,1.3249905137187057,0.9564898999229444
32,calibration,2405.0,3,0.3769772848600963,0.17120512583244923,0.18542565792112156,0.16666666666666666,0.12096407770154124,0.10719043818011942,54.97910291926223,1.0621155813996965,0.5518528761430778
32,calibration,2405.0,4,0.1110017940371288,0.14470833365929558,0.15393392086841357,0.16666666666666666,0.1523203891865016,0.18334398450713374,34.695261414991826,0.8282262024437141,1.2713663862873485
32,calibration,2405.0,5,0.08568020499951666,0.17350978360810818,0.1685868825853671,0.16666666666666666,0.1887976758288624,0.17675547634397634,88.90379503059853,1.1689815510364083,1.0597265622490086
33,calibration,2481.0,0,0.09291869943268671,0.16525121135468748,0.17852977838001183,0.16666666666666666,0.21459189552171493,0.25698244961567007,97.95056522841263,1.2907879327046776,1.3760176062466571
33,calibration,2481.0,1,0.13523554089479542,0.1650973889561756,0.1476791192571552,0.16666666666666666,0.1675269620774566,0.12516522013807846,129.27380556787782,1.3987610330339082,0.9078847251926015
33,calibration,2481.0,2,0.15836906811177182,0.16542835167081787,0.12032217338791391,0.16666666666666666,0.15570745701244115,0.09137092340283896,171.82295029429503,1.5998812545375436,0.9198405197485318
33,calibration,2481.0,3,0.43518302449296925,0.1829079690886913,0.1548910457476159,0.16666666666666666,0.10434208785128825,0.04762727960542992,120.77386239527593,1.3673414128309849,0.3200893823881146
33,calibration,2481.0,4,0.10070311930090711,0.1521892870429132,0.1715073187114667,0.16666666666666666,0.17975689386846547,0.22183350633538912,35.7512090046629,0.8579321677101631,1.266579584577733
33,calibration,2481.0,5,0.0775905477668697,0.16912579188671445,0.22707056451583646,0.16666666666666666,0.1780747036686335,0.25702062090259337,43.61819232979427,1.1040654739543718,0.9366303289533223
34,calibration,2556.0,0,0.08461458878092296,0.17601982804009098,0.14854253543419482,0.16666666666666666,0.2535695367658354,0.21340548494716258,153.99217417493418,1.4439876692165037,1.4706908958752432
34,calibration,2556.0,1,0.1231606934526238,0.15051771569501968,0.1370704735416803,0.16666666666666666,0.1298667096782555,0.12401173501287752,200.88715987645665,1.6840116033398134,0.9719181247557828
34,calibration,2556.0,2,0.1446051871559757,0.1260769214477067,0.13914998188072888,0.16666666666666666,0.10009170944557744,0.121025853457964,183.31285247377875,1.5909540209316855,0.9259387636263475
34,calibration,2556.0,3,0.48510077071849356,0.15682515315284526,0.17883309114593476,0.16666666666666666,0.0490775746634064,0.041364904077984765,39.873899213080186,0.8879125926653502,0.2118324877604599
34,calibration,2556.0,4,0.09185967775943361,0.16725414448385942,0.17914411956146029,0.16666666666666666,0.2147545713305657,0.25262847624456186,39.65605212596033,0.8893024668786685,1.2901356317436015
34,calibration,2556.0,5,0.07065908213255036,0.22330623718047793,0.21725979843600088,0.16666666666666666,0.25263989811635945,0.24756354625944926,45.52370492593677,1.0589962308795264,0.9285319628506834
35,calibration,2631.0,0,0.07666791883968356,0.15151029622523793,0.18624783818486765,0.16666666666666666,0.2195175420568099,0.30415721735854556,158.29664059184512,1.86131740162404,1.5132360004784844
35,calibration,2631.0,1,0.11160913458456566,0.14297787531905012,0.15569707837541524,0.16666666666666666,0.13170989030196867,0.15344937994960214,197.30189421769992,2.062500491510314,1.0168828433534185
35,calibration,2631.0,2,0.13140788543399817,0.14385491772941023,0.21006771542145178,0.16666666666666666,0.128228586476295,0.21219024913015494,134.91882540224879,1.7642324298203982,0.8707731841241266
35,calibration,2631.0,3,0.5328020514043003,0.17517376069874535,0.169112943239176,0.16666666666666666,0.040078993406162396,0.05385277538988542,179.45564858989226,1.9583472351645346,0.3126652793456493
35,calibration,2631.0,4,0.08349262982022855,0.17463982847843193,0.08865992978205833,0.16666666666666666,0.2434035466674942,0.08993040093518183,24.670482549200212,0.5174331305974647,1.4672267627841153
35,calibration,2631.0,5,0.06402037991722398,0.21184332154912452,0.19021449499703097,0.16666666666666666,0.23706144109126978,0.18641997723663006,40.39960129997938,0.9978423995912732,0.8967207102531987
36,calibration,2706.0,0,0.06919541437793275,0.18582280275370355,0.10888976327134081,0.16666666666666666,0.303443247758164,0.16235970836827582,274.94434938903555,2.4998760947453063,1.3271612593891666
36,calibration,2706.0,1,0.10072644734736012,0.16185468009713405,0.14736021166104082,0.16666666666666666,0.16393296065615195,0.16419818359515354,239.80730212865515,2.298407170255177,0.8271507903233775
36,calibration,2706.0,2,0.11862323082483123,0.20562772862141862,0.17027505931168024,0.16666666666666666,0.20830586728219094,0.206984037686942,219.92153641675907,2.2080699614912,0.8274083690349232
36,calibration,2706.0,3,0.578304307575964,0.17457587200093724,0.34923940556451166,0.16666666666666666,0.057605608669300694,0.14436177620672616,54.428865264496395,1.3682833045136513,0.18284359495649577
36,calibration,2706.0,4,0.07537387317108532,0.08699056316464632,0.10851671150395455,0.16666666666666666,0.08744363787843105,0.17905468997717466,25.306373461895536,0.50407497182338,1.4716882452619398
36,calibration,2706.0,5,0.0577767267028266,0.18512835336216035,0.11571884868747193,0.16666666666666666,0.1792686777557614,0.14304160416572778,26.493468308842374,0.5310040835562118,1.0608171311422094
37,calibration,2781.0,0,0.062351678102531546,0.13016827476972825,0.0647393724700144,0.16666666666666666,0.20695334755359956,0.10642045236858791,296.85291828560355,2.569328103608016,1.370173281490301
37,calibration,2781.0,1,0.09066129323804296,0.1580764046238687,0.10657461935733815,0.16666666666666666,0.17390140541206037,0.15897161893994785,252.83242810938478,2.4053722841454626,0.9219205658659649
37,calibration,2781.0,2,0.10684786079195226,0.17548799247150443,0.06326237818518458,0.16666666666666666,0.2063356672445454,0.06465194657406736,274.80022428727125,2.510710252058105,0.8637116018349561
37,calibration,2781.0,3,0.6201801612186363,0.32400859276062355,0.5723993320832629,0.16666666666666666,0.13025720819884903,0.2825112685048831,66.20530852407711,1.6697194345123683,0.11125951342460051
37,calibration,2781.0,4,0.06796100283034304,0.10257834271754178,0.07321272540803256,0.16666666666666666,0.1574670843654141,0.151929800141073,19.334314599008348,0.31918422540800134,1.6066616162078085
37,calibration,2781.0,5,0.05199800381849389,0.10968039265673331,0.11981157249616745,0.16666666666666666,0.1250852872255314,0.23551491347144068,24.88653328075151,0.45623083980747964,1.1325055901237586
38,calibration,2856.0,0,0.05637555889140276,0.06066497349578975,0.0726491556393879,0.16666666666666666,0.08958593023266112,0.1423791057804611,296.1448229470369,2.535035217212756,1.4203347577749694
38,calibration,2856.0,1,0.08170828543536277,0.13661837696260248,0.07361272981349175,0.16666666666666666,0.2199685306137048,0.10257058833648494,304.4984022122414,2.5686583810919736,1.001870380741355
38,calibration,2856.0,2,0.09666666424982104,0.07021561579432792,0.07229805152520323,0.16666666666666666,0.07123577864377975,0.09618179994398715,284.4609753688191,2.5227837149546364,0.966949335408779
38,calibration,2856.0,3,0.6570334801879815,0.5450718362158076,0.6149168195891157,0.16666666666666666,0.27700773300335213,0.30977670175302563,68.07777013692565,1.5993796122487198,0.101357507817547
38,calibration,2856.0,4,0.06135740750410756,0.07249289068180674,0.07327818594656303,0.16666666666666666,0.13910875455350952,0.17032205777743514,19.60942110044736,0.29713650954981446,1.6758098085372624
38,calibration,2856.0,5,0.04685860373132435,0.11493630684966531,0.09324505748623825,0.16666666666666666,0.20309327295299262,0.17876974640860607,22.106031140047808,0.35069284058726236,1.196206280334602
39,calibration,2932.0,0,0.05338777387406449,0.08158463237546433,0.0704422185351941,0.026578367394052952,0.15328851047834705,0.06891720807248222,330.63118323256106,2.494467282623245,1.181618696768015
39,calibration,2932.0,1,0.07446158179163813,0.07028683737536945,0.06946129273872954,0.0038145500522118216,0.08506826580004921,0.04289017679628784,313.75207351855704,2.459731191727138,0.7520587651052081
39,calibration,2932.0,2,0.09630895629676671,0.08730230620354563,0.06803848636406454,0.10149763369044967,0.1154773289217787,0.03689788278056771,287.32485363974456,2.409347430043987,0.6687696208657972
39,calibration,2932.0,3,0.6747283762819224,0.5948886049166333,0.6611581734289605,0.8332765132703928,0.3372029826431034,0.7386019155493854,79.42388130753939,1.7393950480175462,0.3520500053446002
39,calibration,2932.0,4,0.05844200083121932,0.07274629306956057,0.03674465209274513,0.033006192939458445,0.1502086194336904,0.032493956092241316,16.6194427181418,0.1985117631875653,1.5782452292455946
39,calibration,2932.0,5,0.04267131092438904,0.09319132605942668,0.09415517684030608,0.001826742653434303,0.1587542927230313,0.08019886070903558,24.728007285786756,0.3609472826726136,0.8643706122489108
40,calibration,3007.0,0,0.05227683465535348,0.0675990617231972,0.07038840766653826,0.03431358692764048,0.06480864140823499,0.05794771296188826,347.88016019668925,2.487997596417013,1.0754899813666523
40,calibration,3007.0,1,0.0686505118488107,0.06701726042447342,0.07035274393444492,0.004566212627101492,0.0407219937103012,0.038332201300541345,344.2611017207243,2.486737001346475,0.7120098291548748
40,calibration,3007.0,2,0.09808718599173104,0.09122254192671926,0.0760870048585231,0.10602353377482246,0.0599184094087763,0.039881235814844915,306.43467906624,2.4167765794971823,0.6534971828592034
40,calibration,3007.0,3,0.6828821858236818,0.64470770836567,0.6620983844541072,0.8042396750000848,0.724733489283777,0.7713064325402625,83.55311938903583,1.729173165398062,0.396572689059767
40,calibration,3007.0,4,0.05872179269958664,0.0376572085246916,0.04788126293871364,0.04815808129746695,0.03375716320804826,0.045923144056844584,19.183362570210274,0.22837092321105468,1.5788415692339486
40,calibration,3007.0,5,0.039381488980836356,0.09179621903524858,0.07319219614767283,0.0026989103728838086,0.07606030298086215,0.046609273325618435,23.081958040154316,0.29986825694579416,0.8126444626468888
41,calibration,3082.0,0,0.05431513904218566,0.07125394070219786,0.06970669917416798,0.052888629386617016,0.05881459062662802,0.05185072751960974,357.3184824583167,2.4998517848849606,1.0339227838049139
41,calibration,3082.0,1,0.06363545357864092,0.07088512924835373,0.07064458093147524,0.004211362628978525,0.03863198215342108,0.03775356828376687,370.83566558944455,2.533486505977656,0.7368928121980359
41,calibration,3082.0,2,0.09671253955083411,0.07282232030544741,0.07810405951997985,0.09524605930211047,0.03664904164679294,0.04373565765422381,321.9921449945285,2.4475391801849096,0.7269932356500063
41,calibration,3082.0,3,0.6919749550224058,0.6616344481119686,0.6704649299328345,0.8027194947284859,0.770225490726384,0.7871882934164123,88.67057112457444,1.7730479608038026,0.4196134509614301
41,calibration,3082.0,4,0.056808173637442796,0.0502676400485821,0.04761445711495062,0.042205956234292,0.04928504266141419,0.04470835473924735,20.069178039914632,0.23007912481069864,1.6405105556886947
41,calibration,3082.0,5,0.03655373916849062,0.07313652158345034,0.06346527332659188,0.002728497719516086,0.04639385218535973,0.03476339838673994,22.756088402978136,0.27593252954472336,0.8054467954653985
42,validation,3157.0,0,0.053115078548013686,0.07011866706878894,0.06823221688579191,0.04834692634592396,0.053114918518108435,0.04991861044483085,388.0708027746791,2.562221183867022,1.0527422485041513
42,validation,3157.0,1,0.059248832469966886,0.07102129432801495,0.06888319807674889,0.0036507765659148307,0.03857874355911385,0.03388705885745288,397.4384327020202,2.5866664953913543,0.7038746578450824
42,validation,3157.0,2,0.09213177299024433,0.0835532637849411,0.08898990701399721,0.0747147954620843,0.049746847478918874,0.051867868800145586,339.9319398919795,2.4891244014505194,0.7151480100947708
42,validation,3157.0,3,0.7074861156859756,0.6665795196303924,0.6627571442642508,0.836954724955829,0.7809776768541863,0.7864221746692169,95.05141492957448,1.8288634310357201,0.4364469046033622
42,validation,3157.0,4,0.053963913310377164,0.047070866986460604,0.046870807892403665,0.033950505189909275,0.04420765420183205,0.04222103431578791,21.259825326807864,0.23441826048919442,1.6237819184786213
42,validation,3157.0,5,0.03405428699542219,0.061656388201401874,0.06426672586680728,0.0023822714803386114,0.03337415938784064,0.03568325291256586,24.42210032646232,0.2868052564320285,0.8281886873579237
43,validation,3232.0,0,0.05136039882237917,0.0685392079106561,0.06868861149683586,0.042505968720158396,0.050227888646344664,0.04736500725673153,415.6307273669414,2.578138594300905,1.0901868051260424
43,validation,3232.0,1,0.055465966477055595,0.06928308230271941,0.06928571073876903,0.003399920107403327,0.03420701953022384,0.028140799042408755,425.51882229646367,2.6005499455672876,0.6388007769713298
43,validation,3232.0,2,0.08747038473598236,0.08892651067604794,0.09174752191838512,0.060491893656354837,0.051682874170040444,0.054688433830431,365.3358464030556,2.511951495130622,0.7921427115430664
43,validation,3232.0,3,0.7228618713522835,0.6638439454967067,0.6659721831172438,0.8642573848596802,0.7872615242182405,0.8051292780230026,99.95876356978272,1.826323836359228,0.4890967415675183
43,validation,3232.0,4,0.05098064761586958,0.04740642808562151,0.041904069788890115,0.02726246768177888,0.04275946586455929,0.032536185856224094,21.26118996597776,0.21603566414934114,1.6512605534125553
43,validation,3232.0,5,0.03186073099642972,0.06200082552824839,0.06240190293987593,0.00208236497462433,0.03386122757059124,0.03214029599120189,25.20671213789878,0.2779480372787205,0.8625657929861187
44,validation,3307.0,0,0.048154978783761196,0.07008790966090567,0.06695484575176201,0.03748275438333879,0.04726374634460028,0.04065600223578839,415.14424800309513,2.589978140671805,1.0498722710506192
44,validation,3307.0,1,0.052019907683018896,0.07068919190643212,0.0674040744693367,0.003087175243117519,0.028303257280961263,0.026371483174560395,423.0408673247764,2.607355412557311,0.673751480186546
44,validation,3307.0,2,0.0831563083620205,0.0770380187279317,0.06589091945373732,0.05560428400940007,0.04046571244323945,0.0309271226328883,376.305581618391,2.5488228542361364,0.8193729527351731
44,validation,3307.0,3,0.7386654047438447,0.6774567507336878,0.6988013668967047,0.8768963124184099,0.8215670357704876,0.8456609672885161,110.79873307134753,1.9956156196819428,0.5122633770845507
44,validation,3307.0,4,0.0481209685476483,0.03947193598465311,0.039236072654444246,0.025046017703360013,0.028824700318128973,0.02729069849937856,22.349679026950174,0.22155580922487123,1.657222493650974
44,validation,3307.0,5,0.029882431879706465,0.06525619298638938,0.06171272077401493,0.0018834562423735894,0.03357554784258245,0.02909372616886828,26.950066703865446,0.2928254796762754,0.8559784925999694
45,validation,3383.0,0,0.04537448903047501,0.06727127296901023,0.0694884631434479,0.03748275438333879,0.04162125095517402,0.04597103906588451,451.9918603030194,2.6366757351807544,1.1203232823728788
45,validation,3383.0,1,0.04901778851522561,0.06765304179944787,0.06997662048163271,0.003087175243117519,0.027069006286996124,0.028576588007534057,461.105253990474,2.6551984157858106,0.6886602288388332
45,validation,3383.0,2,0.08694652297379733,0.06653661582683144,0.06846845750586122,0.05560428400940007,0.031959548738037316,0.03352925252429762,412.3638555703288,2.597972560686587,0.8366780458782219
45,validation,3383.0,3,0.7438054927705124,0.6977789785543937,0.6939513695241998,0.8768963124184099,0.8424653495290053,0.838080560886037,111.46423050624043,1.9177053373373916,0.5141367878898551
45,validation,3383.0,4,0.04663497275981898,0.03848613935398345,0.03891680541853686,0.025046017703360013,0.026806737367665468,0.026630232876077634,22.36491589999777,0.20906155270574053,1.640872526644407
45,validation,3383.0,5,0.028220733950170784,0.062273951496333343,0.0591982839263216,0.0018834562423735894,0.030078107123121735,0.027212326640169218,26.65242633311537,0.2715214316214822,0.8570190184604608
46,validation,3458.0,0,0.04324093766829872,0.0692506676060632,0.066450762305476,0.03748275438333879,0.04583825124904625,0.04000626654766198,476.1578782495427,2.6478095356691838,1.130514187757926
46,validation,3458.0,1,0.04671190816460265,0.06945430253148242,0.06648519471292147,0.003087175243117519,0.028564456458700274,0.024288478816870622,472.9534153529093,2.64918153583302,0.6857855731013373
46,validation,3458.0,2,0.12126050274877473,0.06812109655194278,0.07038920521341996,0.05560428400940007,0.033545041438415385,0.032953439604074444,416.36104442228185,2.589056078689987,0.8492567244577828
46,validation,3458.0,3,0.7126441419866505,0.6927378740414392,0.7006487294495806,0.8768963124184099,0.8361858926966883,0.8527183643487839,121.30119585843254,2.0356035030639332,0.5561001533110213
46,validation,3458.0,4,0.04898493111996891,0.03927515797584831,0.042261966318068035,0.025046017703360013,0.026988103022173037,0.028257572768980565,24.67447939006794,0.2300583893761371,1.6472642610533046
46,validation,3458.0,5,0.027157578311704483,0.061160901293224094,0.05376414200053403,0.0018834562423735894,0.028878255134976813,0.021775877913628477,27.38685373882608,0.2673401320946213,0.8636449990429171
47,validation,3533.0,0,0.0416302438953522,0.06632112614962887,0.06284706625965626,0.035846751225681366,0.039907828891889645,0.03784313545653359,522.1387426837135,2.6653586661787916,1.1619342224617362
47,validation,3533.0,1,0.04502093109132994,0.06639369936142042,0.06332600384198034,0.004129196828192171,0.024316536839188975,0.02317350192955612,534.1875649999796,2.6856705202012545,0.7029279004320249
47,validation,3533.0,2,0.14809377625826375,0.06817664114470587,0.11747700870952964,0.08888349278683917,0.03166380074292166,0.07504997524260432,430.66199088777194,2.5690190485772653,0.8469863118459363
47,validation,3533.0,3,0.6761985148362136,0.6976630012938749,0.6528937803074735,0.8159910864776433,0.849578163033951,0.8004539259619304,122.88327421107311,1.9840735041320599,0.5808162181666778
47,validation,3533.0,4,0.0624858130619386,0.04374026918701825,0.05623337180013135,0.0520326998545279,0.030125896341506926,0.04546915577838984,28.58916820015176,0.2752812477473994,1.6679258391330238
47,validation,3533.0,5,0.026570720856901806,0.05770526286335156,0.04722276908122881,0.003116772827116094,0.02440777415054185,0.018010305630985594,26.784741998826426,0.24529495337475982,0.8736333587058261
48,validation,3608.0,0,0.04029171334261789,0.06357634403320184,0.05874681430739011,0.03375043237073515,0.03784818131065658,0.03777291167036593,568.5017394068657,2.6477005061349783,1.1778156436220395
48,validation,3608.0,1,0.043597677343386335,0.06412702058833455,0.05947853818951749,0.0053806659717307624,0.023417624081452308,0.022608077960347608,592.693532797436,2.6806790721372544,0.6911287392813585
48,validation,3608.0,2,0.15761963357124087,0.11351872613173286,0.1439225913871943,0.11385807868882213,0.07024557060600999,0.10690218559398625,443.6188570113799,2.5197251192344337,0.7947892801583646
48,validation,3608.0,3,0.6438715454869512,0.6559312334185188,0.6119357366866429,0.7373627830591991,0.8068571069227368,0.7248548795703954,124.50224277894326,1.9422621670863018,0.5318553461374937
48,validation,3608.0,4,0.0882197326505524,0.055229413766956406,0.08250670920260257,0.10452358490288086,0.043649540890192726,0.09152671866538711,35.263908669798525,0.3636078957845067,1.6574362626983794
48,validation,3608.0,5,0.026399697605251276,0.04761726206125572,0.04340961022665256,0.00512445500663214,0.017981976188951546,0.01633522653951775,26.569506838942495,0.23153697159072778,0.8265316951190633
49,validation,3683.0,0,0.03908834539619835,0.05944412303017214,0.0569328435791091,0.03207327312296717,0.03849035822215512,0.03933792368281037,665.1670407870446,2.6864747542803196,1.1730834779416919
49,validation,3683.0,1,0.04241354157161569,0.060108662131766986,0.05694296994852719,0.006719856096427692,0.02292555979202935,0.022123009249760787,659.0982584924851,2.686952584546366,0.6595353882997818
49,validation,3683.0,2,0.16667921764607702,0.14037101633698668,0.15629034935351907,0.1352338475756416,0.10201402351786315,0.12316690780048697,483.41022118818603,2.5060036191439035,0.7299626933625215
49,validation,3683.0,3,0.6141238297569804,0.6147458279083163,0.5837312010333477,0.6718963532128898,0.730576490153744,0.6526536767149103,125.79119660529932,1.8885729407335612,0.46972126615507204
49,validation,3683.0,4,0.11125249871177141,0.08180204824999429,0.1035599097295114,0.14686921327930685,0.08955661821065677,0.14553906753597703,40.53517351970685,0.42699215679503627,1.666368367142163
49,validation,3683.0,5,0.026442566917357097,0.04352832234276367,0.042542726355985494,0.007207456712766829,0.016436950103551347,0.017179415016054404,26.60550025165566,0.2207784885052025,0.8165559504017029
50,validation,3758.0,0,0.037842353921995024,0.05664853638257094,0.05200073198639908,0.03012734443437114,0.03963656655969071,0.03431428831253733,718.5132230351484,2.6707983358360554,1.1680926426207907
50,validation,3758.0,1,0.04108745150770456,0.05686697433470861,0.052116452498604596,0.007562916719264624,0.022308414107873972,0.01833562807427637,717.8764343011711,2.676741832006483,0.6219471197002248
50,validation,3758.0,2,0.17749698290411495,0.16348343947787708,0.18304754117138639,0.16138717068897587,0.13313918049375015,0.15578893091130092,479.04180366371224,2.454833902295847,0.7080301988500078
50,validation,3758.0,3,0.5862420594096972,0.5761356935410354,0.5594539376142907,0.6054131904199039,0.6400632082060257,0.6021684483013677,132.5438177240046,1.9475432280722305,0.45804957450985634
50,validation,3758.0,4,0.13088496738862906,0.10405868049188091,0.11634045237525974,0.1862077638409132,0.14755921508026362,0.17540823631540126,46.06184317208063,0.49479135851956657,1.6462591755618132
50,validation,3758.0,5,0.026446184867859185,0.04280667577192692,0.03704088435405954,0.00930161389657138,0.017293415552395972,0.013984468085116358,26.3946886616794,0.20848898866119422,0.8191684566731933
51,validation,3834.0,0,0.03674008524684902,0.05214913585329952,0.051403774155044754,0.028271737885830255,0.03434509644471151,0.03391071429480473,754.1082575212594,2.6445426043469475,1.1507716464218531
51,validation,3834.0,1,0.04003975721209973,0.052417824108394115,0.051270507028458964,0.00882980179034946,0.01856241224555928,0.016550117709038723,744.9003543906487,2.6376864814297467,0.5639714681650148
51,validation,3834.0,2,0.18613446114774237,0.18377920730988187,0.16233809502343916,0.18478761101311683,0.15691987934046073,0.13491197705809296,497.69167946175946,2.395391334424731,0.7271466707173649
51,validation,3834.0,3,0.561177924676011,0.5574706032156317,0.5621298933986635,0.540700792578136,0.6011725336083961,0.5725222241658255,137.77912056807057,1.951261047844629,0.4229586253033988
51,validation,3834.0,4,0.14942192996105894,0.11543670727532959,0.1355538756135372,0.22602574183375257,0.17404264916571144,0.22778093961893273,51.96695625401627,0.558121114680801,1.6382587782392872
51,validation,3834.0,5,0.02648584175623881,0.03874652223746328,0.03730385478085637,0.011384314898814828,0.014957429195160993,0.014324027153305465,27.298971247877184,0.20764232994662069,0.8119016475287674
52,validation,3909.0,0,0.03562065499229871,0.050903812684514556,0.050621151515785036,0.026825740593138078,0.033446437998919734,0.033311851230111246,775.5634428388319,2.621198760268574,1.1701786251236135
52,validation,3909.0,1,0.03885698278977668,0.050849116353229466,0.05099445371651754,0.009113179707469722,0.0162195789492315,0.015415054093055778,772.9319600010425,2.6405286102713035,0.5351714882255476
52,validation,3909.0,2,0.1925411231598777,0.16837834083706596,0.16269635447031386,0.19906623241336935,0.1428745222041133,0.13773584562612762,504.29298619657965,2.360488736971876,0.7471831847505992
52,validation,3909.0,3,0.5381077817557631,0.5583536135810266,0.5497583744984303,0.4983368214475692,0.5670848547696907,0.5395251451507033,141.11940893333988,1.9246085563333277,0.4171779533311
52,validation,3909.0,4,0.16861539302782777,0.1356444970793723,0.1501860053827462,0.2545154658163513,0.22702741891720993,0.2610283504691629,57.44650080875594,0.6119227620236846,1.6094043019870665
52,validation,3909.0,5,0.02625806427445599,0.035870619464791066,0.03574366041620708,0.012142560022102329,0.01334718716083481,0.012983753430839282,27.84139246960051,0.20293293106033655,0.7959145490413059
53,validation,3984.0,0,0.034782635444492706,0.05013977293474672,0.05125489989989088,0.026825740593138078,0.03259633431877347,0.03372234424832711,811.8834978147811,2.669810006594566,1.2017295310122436
53,validation,3984.0,1,0.03798056446106864,0.05049470417353184,0.050679657228042456,0.009113179707469722,0.014985815469376709,0.01414799330467149,795.7740713757369,2.639846263722748,0.5133653768399512
53,validation,3984.0,2,0.2014813552467681,0.17159066661680097,0.1672796458558404,0.19906623241336935,0.1497940362196515,0.1421205844685163,515.6746163359788,2.358372644336958,0.7631565285242735
53,validation,3984.0,3,0.5173154867857672,0.5428473090208348,0.5376912536378633,0.4983368214475692,0.5375187853203118,0.5306486726471293,143.64333001385438,1.8963345265453442,0.4399668209755166
53,validation,3984.0,4,0.18211604871957296,0.14744221541844577,0.15930009537340092,0.2545154658163513,0.25114718601384833,0.2679866959933486,61.568277747057195,0.6463730419620081,1.5560844993046068
53,validation,3984.0,5,0.026323909342330358,0.03748533183563983,0.033794448004961924,0.012142560022102329,0.013957842658038098,0.011373709338007163,28.059017748852426,0.1961919754531598,0.7892510231575331
54,validation,4059.0,0,0.03408204740459222,0.05108764679596826,0.05017267597301016,0.026825740593138078,0.03367326165457855,0.032394975052933095,837.0350398726249,2.683645626212978,1.2322080594820526
54,validation,4059.0,1,0.03724692822945494,0.050443266693841644,0.04954472685025089,0.009113179707469722,0.014100257238553375,0.01262327266498307,819.4310497898315,2.65005776421248,0.4899255408085271
54,validation,4059.0,2,0.20968832409517615,0.16432391084877265,0.1776331400354801,0.19906623241336935,0.13786388944804126,0.15022519903641726,505.2092909327955,2.3190814681702663,0.7558896840702471
54,validation,4059.0,3,0.4986156438764728,0.5381226870479893,0.5182759905893469,0.4983368214475692,0.5276079826402283,0.5141080520897802,146.93070387885703,1.8854217522521786,0.4663486032145629
54,validation,4059.0,4,0.19392569796360914,0.16230595675903828,0.17231076970836517,0.2545154658163513,0.2754167122333391,0.2803474520889887,67.76198716737218,0.710064460501232,1.4809853296992121
54,validation,4059.0,5,0.026441358430694624,0.03371653185439,0.032062696843546776,0.012142560022102329,0.011337896785259387,0.010301049066897576,28.67582987152708,0.19459386323480982,0.8021127077293785
55,validation,4134.0,0,0.03359940205325647,0.049635572476075134,0.04966348139407824,0.02634635328498119,0.03175357757977338,0.031411720811563536,856.9228961519894,2.6687751107362705,1.2666758912159055
55,validation,4134.0,1,0.03676589930147273,0.04874611059782921,0.04876125889866746,0.010579346611676336,0.01233946948177222,0.011970333259970564,834.680881923569,2.620292224065628,0.4970723644244235
55,validation,4134.0,2,0.21328100148057347,0.18827533720810027,0.1665463612565991,0.20885455267420988,0.1645863620331341,0.13389154979216564,513.1585393144145,2.282105269450293,0.7789869155869592
55,validation,4134.0,3,0.4813188805731834,0.5106944681860989,0.5109766159008345,0.45693803291458557,0.507096715571926,0.5009042779953752,150.09254306688803,1.8706882560491505,0.4847818278253334
55,validation,4134.0,4,0.20820639620403963,0.17047817177132885,0.19317935976484052,0.282875728387223,0.2740337750482412,0.3127482327761365,75.27995069360095,0.7868802992466483,1.4351290008714106
55,validation,4134.0,5,0.02682842038747437,0.03217033976056766,0.03087292278498018,0.014405986127324064,0.010190100285152954,0.009073885364788531,29.087339516198938,0.19077292340113539,0.7828924875759685
56,validation,4209.0,0,0.03338723355322362,0.04949156062769808,0.0497620500308907,0.02648140210711223,0.031414917621500234,0.030883363113912998,879.2258253475933,2.668811497379422,1.2730287305710675
56,validation,4209.0,1,0.03648288884878878,0.048495160944322026,0.04850625252504235,0.012191018139114267,0.012089157643388793,0.011645732600196862,850.9920308759615,2.601461241111684,0.5000820839596672
56,validation,4209.0,2,0.22297723678575307,0.16788783036045962,0.14748220035221477,0.231804505902973,0.13723786079363107,0.11015911276567085,532.7277528864499,2.264787693461739,0.798340009936518
56,validation,4209.0,3,0.4655587884971657,0.5111945334082784,0.5151417764094733,0.4223730194878624,0.5034457227745992,0.5025077496978022,154.85102637278234,1.8817752360352995,0.4922783870998255
56,validation,4209.0,4,0.21376811543204455,0.18916030947118492,0.20724467301724775,0.2893459753472892,0.3053078224990001,0.33575846361402273,80.90600151308846,0.8347253150452949,1.4119015206029684
56,validation,4209.0,5,0.02782573688302439,0.03377060518805689,0.03186304766513119,0.017804079015648958,0.010504518667880557,0.009045578208394231,30.239150179953615,0.19472260587728962,0.7608998016414417
57,validation,4285.0,0,0.03282438676721288,0.04964177799307591,0.048531768107172635,0.025672582019770556,0.030761011622255842,0.030046691539559994,898.6089136822224,2.673256809737444,1.2655301964471357
57,validation,4285.0,1,0.0359777623539631,0.04842898154503642,0.04746928493189015,0.013295463427351656,0.011710708875568146,0.012187744703638178,872.3520007724322,2.614732455601342,0.5318396118537742
57,validation,4285.0,2,0.23393358000562264,0.15205456180833876,0.15835151059179975,0.2600895607178329,0.11579366514483284,0.12943114693816166,526.0072449126238,2.2535630022089403,0.8217900872038411
57,validation,4285.0,3,0.44965738510466396,0.512354200569045,0.5033099530750592,0.3839965602362175,0.500892339068712,0.4718189580367571,159.05098800827045,1.8947129303316714,0.47092982151511814
57,validation,4285.0,4,0.21965189396380497,0.20511239521776162,0.21273091488097493,0.2977836388349701,0.3315336837815557,0.3482983418055132,85.84867403938253,0.8777827979675003,1.3789231730161806
57,validation,4285.0,5,0.02795499180473249,0.0324080828667423,0.029606568413103405,0.019162194763857363,0.009308591507075692,0.008217116976369688,30.482548721304898,0.19054116929962117,0.7631610356250597
58,validation,4360.0,0,0.03231012032362863,0.04827090500473249,0.04649598023183148,0.024985477856978848,0.030076054501696103,0.02897966473871261,917.5295525422042,2.671333221526665,1.276273057401756
58,validation,4360.0,1,0.03546897076040013,0.04729820594209986,0.04584365700917837,0.014159056911027873,0.011966559198556414,0.011995098603574506,896.9918703872745,2.6338553000556475,0.5403459642131825
58,validation,4360.0,2,0.2476676493090425,0.15857789906129388,0.1831986024207998,0.29474273696339975,0.12992012022618976,0.17364032006880098,504.1031022607296,2.239541545526045,0.8524914360409641
58,validation,4360.0,3,0.4352337051015683,0.5021247054560899,0.4862193876448682,0.35138047421284363,0.4703119478182103,0.4405610932925495,164.1835969654706,1.9189307107162112,0.4537215458405558
58,validation,4360.0,4,0.2214175597899267,0.21297290190358387,0.209789220466296,0.29484419285281,0.3490343641556569,0.33674312288358815,89.71715590762743,0.9059890269585039,1.3309463865412594
58,validation,4360.0,5,0.027901994715433694,0.030755382632200106,0.02845315222702612,0.01988806120293994,0.0086909540996905,0.008080700412774198,31.501508312699098,0.19372352120997327,0.7808278285821966
59,validation,4435.0,0,0.03171919055552966,0.0466814637784007,0.04555685138806167,0.02410577441588816,0.029241145170744786,0.02893117193978064,937.490259156072,2.657163975751598,1.3075164611387085
59,validation,4435.0,1,0.03477843879714096,0.04593215922927102,0.04488967177218099,0.014323988352224306,0.012254740929267519,0.011758648306420408,915.991002704646,2.6182498368974256,0.5441143416900299
59,validation,4435.0,2,0.25907220210525234,0.17956798244480537,0.1887840624375058,0.3205833398237662,0.1691368091046974,0.18932525984640985,499.73324946736255,2.212689941590525,0.8798955019285389
59,validation,4435.0,3,0.4211733905590693,0.48637112806156296,0.47654358608815234,0.32178199816047526,0.43777938092698265,0.4172442913484042,168.04820599027943,1.9145255908629233,0.44075095045660617
59,validation,4435.0,4,0.22530838816691223,0.2108066844823074,0.21509376664833968,0.29841993064679573,0.34242219333802487,0.3442804867905865,94.69311299407408,0.9406560862260113,1.298598654286023
59,validation,4435.0,5,0.027948389816095338,0.030640582003652467,0.02913206166575955,0.020784968600850263,0.009165730530282922,0.008460141768398627,32.94583535632879,0.1999225606874013,0.7818991618945151
