sequence_index,source_step,time_s,phase,observed_bottomhole_pressure_mpa,prior_bottomhole_pressure_mpa,posterior_bottomhole_pressure_mpa,prior_liquid_tvd,posterior_liquid_tvd,prior_sand_tvd,posterior_sand_tvd,prior_bhp_relative_error,posterior_bhp_relative_error,mean_abs_kalman_gain,posterior_leakoff_fraction,posterior_rate_conservation_error,prior_eprime_gpa,prior_leakoff_m_sqrt_s,prior_viscosity_pa_s,prior_min_stress_mpa,prior_factor_c1,prior_factor_c2,prior_factor_c3,prior_factor_c4,prior_factor_c5,prior_factor_c6,posterior_eprime_gpa,posterior_leakoff_m_sqrt_s,posterior_viscosity_pa_s,posterior_min_stress_mpa,posterior_factor_c1,posterior_factor_c2,posterior_factor_c3,posterior_factor_c4,posterior_factor_c5,posterior_factor_c6,posterior_all_observations_within_15_percent,step_compute_ms
0,0,1.0,calibration,75.16189975232068,58.74105411912037,67.36744336340116,0.41830777213590153,0.4230800235671862,0.0,0.0,0.21847299878411205,0.103702226987402,0.1796252286246807,0.8500000000000002,0.0,32.924122357390544,1.035997448610567e-05,0.10012988068293263,58.74099110408293,1.0023084779143905,0.9611705797229411,0.9905806299556315,0.9807146133151424,0.9850530703616837,0.9965831721847141,34.58023650218568,1.0359491263323704e-05,0.10402010330698458,67.36737415106374,1.0322079934297828,0.9584385870467003,0.9775448124326293,0.9074925143132412,1.002633456005003,1.0002097269879757,False,36.06339999532793
1,75,75.0,calibration,88.8062489345766,67.35925046895913,74.44942328909684,0.4603854281769769,0.4104504583591492,0.0,0.0,0.24150325819320928,0.16166458799601371,0.14328562606587314,0.8499999999999999,1.6543612251060553e-16,34.585390351598186,1.0365899577499805e-05,0.10397715617845674,67.35910356611414,1.0314781119613001,0.9639332652976755,0.9900044563878353,0.9105114913174369,0.9985878300022745,1.0065324433270646,36.61701638374656,1.0198662232303382e-05,0.1123225068295784,74.44926224986776,1.0698714079553786,0.9087476754644831,0.9837484943292029,0.9077402142864649,1.0310447406859864,0.9933486927819603,False,36.71330000361195
2,150,150.0,calibration,88.16380358506939,74.489341871014,77.75783411805166,0.41386112043680084,0.4188183655080223,0.0,0.0,0.15510290116806127,0.11802995156597335,0.13714950961449135,0.85,0.0,36.59954239411372,1.0180629596888393e-05,0.11227335234414393,74.4891524851193,1.0700516917073952,0.9116158905465709,0.981641557912115,0.908268763227986,1.0238336527290368,0.9955459674966303,37.39631761184372,9.611645965494658e-06,0.1159407634729863,77.75763337272629,1.0639158501273587,0.9210942908428122,0.9812638920168257,0.9074046252104083,1.016732884907826,1.0089160861865596,False,39.12609999679262
3,226,226.0,calibration,88.41863062524698,77.77341316352828,79.57364602302646,0.42635185362319605,0.4147933732075003,0.0,0.0,0.12039563818667731,0.1000353040945528,0.11722010640693938,0.8500000000000002,0.0,37.40916330673369,9.611054182649505e-06,0.11576552394571027,77.77318312217842,1.0649208559247563,0.9335923517567328,0.9746901352767856,0.9000137027822797,1.0167161728720417,1.0065588576753448,37.44720055683365,9.147589019988502e-06,0.1174885753200204,79.57343605286931,1.0633752847338191,0.9443427498468239,0.981865536056133,0.9233243124840366,0.9955250243434893,1.0003086175483134,False,38.05669999564998
4,301,301.0,calibration,88.03863062524701,80.1672605963741,81.76795328480885,0.2832969512255734,0.14968271223634955,0.42619064050816885,0.2589063053635713,0.08940813791594363,0.07122642976048177,0.570007498664094,0.5803636791366319,0.0,37.439447023991704,9.135839544734684e-06,0.11776143684108052,79.57154107981584,1.0673464110472766,0.9511410604769749,0.9865682115410528,0.919740547722724,0.9924949928494218,0.9998875147549212,37.47629571786869,7.978778719838889e-06,0.12263095652508788,81.05254725731584,1.0528995144450135,0.9563786223078269,0.9845989411079937,0.9212711038357541,0.9980977183823416,0.9873240678063695,False,38.09280000132276
5,376,376.0,calibration,87.86449542435908,82.3986045667556,83.09723913349991,0.06259842691541624,0.04005994409370042,0.10577608527507433,0.06119789128922598,0.06220818581162818,0.054256913077742636,0.44881054159192113,0.4164376203381227,0.0,37.34146666104081,7.949143463040175e-06,0.12281880511652066,81.0643764706256,1.0556326274407144,0.9548287656321264,0.9849111092703927,0.9285708046022678,1.0024600780392354,0.982231734321035,37.3279855538795,7.173976411933128e-06,0.12437324181395729,81.69383198313302,1.0327317550568973,0.9342491253270732,0.9654479943251342,0.9204573011027629,0.9955419946539286,0.9791085624345672,True,36.147999999229796
6,451,451.0,calibration,87.61380358506933,83.46925088470843,83.93517664996457,0.034672871512049036,0.03201575105160143,0.05008195541241303,0.04590305701118157,0.04730479137727102,0.041986842079432915,0.44941027829679964,0.38206413500495967,1.5626369552149962e-16,37.34847388528897,7.171289500130532e-06,0.12421897299554943,81.6975479675282,1.0307615676788155,0.9351993619944244,0.9715325455026961,0.9198204612058678,0.9957975984624601,0.9746605263452506,37.669696484005726,6.95670954936842e-06,0.12383297375544784,82.13350349137552,1.0463595720447212,0.9375069737388646,0.9736521500767441,0.925889772855688,1.000694573972169,0.9835871093138601,True,35.7506000000285
7,526,526.0,calibration,87.68380358506934,84.19661069549974,84.57068037627354,0.03605445935522138,0.03517401533044992,0.04569934366038629,0.04302811990763923,0.03977009147631676,0.03550397087616641,0.40198956486952736,0.3672577511836171,1.3259355341625134e-16,37.67374005578897,6.958495284797091e-06,0.12374776579070473,82.13225766074282,1.046555509366731,0.9420786236268998,0.9756058327697396,0.9231619440561522,0.9921977827569604,0.9907540126443577,38.22497771790671,6.830279635511267e-06,0.12623289677496422,82.45826959233719,1.0509946613076453,0.94243322385426,0.9715487307319216,0.9129333507019529,0.9902596705207477,0.9902520452213567,True,39.6305999965989
8,601,601.0,calibration,87.67449542435908,84.78353503141807,85.15739467414537,0.0339178300112952,0.035904417430059704,0.0425464573786129,0.03883174350801841,0.03297378991402555,0.028709612048869286,0.385723808468641,0.35209062520246803,2.38151746687696e-16,38.24061235564705,6.8262569931618e-06,0.12614534439370637,82.46637984749911,1.048463656052045,0.9553437740298211,0.9644187044952749,0.9079549372290479,0.979836112651258,0.9890816085629869,39.36844505232698,6.572637701257787e-06,0.12772540070683144,82.74861753065869,1.0624065669915845,0.9767379312114576,0.9615864269855678,0.8877927427936425,0.9840782754301379,1.00253603889239,True,36.1341000025277
9,677,677.0,calibration,87.314495424359,85.29585288100625,85.48023572118207,0.03613134900666032,0.035866379222622036,0.04093508018077856,0.04045836119394511,0.02311921443904467,0.021007505045550594,0.3626930402357135,0.35210532664147315,2.2057017184531686e-16,39.386394955640434,6.580204063082122e-06,0.1279069853392653,82.71616216735232,1.0639506055527497,0.9758739857315243,0.960181585039041,0.8893714322230106,0.9885252526899099,1.005313621345983,39.52951541336631,6.539335069832954e-06,0.12783817850225906,82.88837695751869,1.0695295927941586,0.973477052916908,0.9587459193047212,0.888705439224322,0.9908621642032082,1.00452084836902,True,40.360899998631794
10,752,752.0,calibration,91.36897654489174,85.59511939246612,86.05507359244758,0.03399266687102208,0.03099449704903995,0.039010407606213285,0.030697765128754342,0.06319275284416465,0.05815872250504313,0.370416891286691,0.3724072779658624,0.0,39.59094950995135,6.5366021961622815e-06,0.12796820262004668,82.86138542726393,1.07174966207261,0.9757002775388056,0.9609547239743507,0.8937675286101794,0.9797931290001402,0.999035552260665,39.46869583485144,6.313886880386312e-06,0.12941823790575044,83.36493373573784,1.0852617415005397,0.9737815767595036,0.9602559672427827,0.8821328994298064,0.9718354161770814,1.011292091400683,True,35.8157000009669
11,827,827.0,calibration,91.49484134400392,86.22815165286556,86.60405306478425,0.030108027824920655,0.03233120657511605,0.03402698527764682,0.0379775443449616,0.05756269548942722,0.053454251708368906,0.3600646534645437,0.35227099885277857,0.0,39.48221218425466,6.312426949725587e-06,0.12913685219909515,83.37680473795807,1.082589966862172,0.9809562742099537,0.9649462368733435,0.8930670648562952,0.9716558736023313,1.015565672336462,39.92095453742782,6.430568868365501e-06,0.13017908218070684,83.70442736877423,1.0882086251660286,0.980309808687016,0.9662743822543631,0.8926703345893338,0.9730726063572277,1.013227452527629,True,36.04230000200914
12,902,902.0,calibration,90.62282382818921,86.82954800675631,87.15419784640949,0.026847407616592628,0.026527950431312175,0.03610312494326258,0.034771530324555044,0.04185784177973232,0.03827541269687041,0.34767843782574287,0.3520420522975115,0.0,39.93764938731753,6.427740020302546e-06,0.13032101762298998,83.70600521367489,1.082336739736868,0.979707039568461,0.9559982802313642,0.8896416507120303,0.9704119014748943,1.009325020651985,40.130762958923796,6.487599103327903e-06,0.13120902801221504,84.02369126806707,1.0917173736201176,0.9839613104815488,0.9541694553200577,0.8962197650747027,0.9694266215293216,1.0081611163624438,True,36.40300000552088
13,977,977.0,calibration,88.14932246453648,87.43313958462157,87.52128449112172,0.018679499504771893,0.01963146572277577,0.03201614886344152,0.0240481656261142,0.008124655526456706,0.007124705622864318,0.30981671559246504,0.36051639262014434,0.0,40.17297234273614,6.504062738862776e-06,0.13122913782668708,84.0497099440683,1.0849744854914267,0.9859367497260635,0.9566991479844642,0.8950592492305134,0.9721532338984897,1.0088627047890322,40.16063815812664,6.508753912036182e-06,0.13056738149543698,84.13538833127312,1.0960665847405762,0.986701158104774,0.9613921961921383,0.9070252330688761,0.9689615112085558,1.0057568160199908,True,36.67810000479221
14,1052,1052.0,calibration,87.13422008993895,87.70650226411156,87.6101411949041,0.02501605882677839,0.02696983627230301,0.01727371694842017,0.010904890517850721,0.006567823451933241,0.0054619310814271625,0.3032074194128856,0.38763636414176106,1.48032228211099e-16,40.15547436993263,6.514249358944761e-06,0.13074048247886103,84.13376736019003,1.0988715670761773,0.9874339744472312,0.9598712250954249,0.9181991015339797,0.9793541310276522,1.0143740846754747,40.109895482007595,6.460549967018414e-06,0.13073701686186776,84.07687046648512,1.0909380747941684,0.9864819579256292,0.9613467166944402,0.9316474538179599,0.9770584260803811,1.0043785840901511,True,36.05260000040289
15,1128,1128.0,calibration,86.99380358506943,87.8242499175334,87.86461953018224,0.025613792960416062,0.02502607780484649,0.011128573503363492,0.008348369345527185,0.009546040042402422,0.010010091629816564,0.3442298209311442,0.38573429039267415,1.3753098896865386e-16,40.186880470873156,6.466684258610455e-06,0.1308371107323769,84.102066641069,1.0827044058624227,0.9784324118955142,0.9657774730034215,0.9317958787842017,0.9735179987748073,1.0081781243711114,40.21515470049004,6.525551687069626e-06,0.13033222895885568,84.10746164909854,1.0820484886386448,0.9731972678396684,0.9695967090496637,0.9496260813236302,0.9864205998610243,0.9998390511744631,True,36.499100002401974
16,1203,1203.0,calibration,96.58229352472415,88.04586277891593,88.63445705298548,0.02417049846925673,0.024000263531645458,0.008880429969328987,0.0108910711800633,0.08838504900096386,0.08229082352143664,0.31614842665939763,0.3845932902900463,0.0,40.21293912468114,6.536934287006845e-06,0.1306126982895592,84.11321557381186,1.0739212369587499,0.9657609765302396,0.9684562124341404,0.9447893959873981,0.9928137410939719,1.0086073763971473,40.87962569761036,6.566384400957719e-06,0.1331475965619191,84.6164028822805,1.0776419875708079,0.9740559775235335,0.9775062252064205,0.9544432445865336,0.9860933813622187,1.0227612370429748,True,35.93919999548234
17,1278,1278.0,calibration,107.24208140125525,88.79270553974268,89.74192405632476,0.026184137059742443,0.028117274053311617,0.010234568257415116,0.015216556313910973,0.17203485441953217,0.16318367861075148,0.3247168853140547,0.40765024122990456,0.0,40.90407281952891,6.579375960396692e-06,0.1333013321684443,84.60030844108677,1.0724134374283796,0.9783934086731274,0.9875534499688947,0.9473719892660589,0.9838839254969207,1.0143257077566614,42.09705241331387,6.4229310820886495e-06,0.1382250493885932,85.51768836864328,1.0823114155053242,1.0068664773383538,1.0187160112734719,0.9657720519250347,0.9542901920049617,1.0281603861092432,False,37.401800000225194
18,1353,1353.0,calibration,116.99980088763789,89.9265977533269,91.57039407120074,0.026193288478787782,0.026622771888974897,0.016480115016103275,0.020922288050162968,0.23139529237584813,0.21734572728767784,0.32818064157002463,0.4014835875371021,0.0,42.10215310750346,6.430666052686566e-06,0.1381773008627177,85.53998951068004,1.0752598995407372,1.0077240779534078,1.022040199877953,0.9801147956935113,0.9503618963004333,1.019108713391325,43.342273954159275,6.45649580780463e-06,0.14474221290199032,87.01513437949598,1.1037932616205486,1.046842396170541,1.0807215997914177,1.0002147409958968,0.9313952575413091,1.0549394844675455,False,36.453399996389635
19,1428,1428.0,calibration,116.37108809042581,91.75480643491267,93.12513549744077,0.024383933564076768,0.02438167766595549,0.021215572845673117,0.022474953317454083,0.21153262429225667,0.19975711299461124,0.3611233616909754,0.4051720367264755,0.0,43.32354858010233,6.459937063351457e-06,0.1449193350215546,87.03941961305058,1.1004773708119382,1.0517542381924059,1.0781710792575712,1.0073412969820894,0.925335055638923,1.0590937567522571,44.68267929219622,6.386739330966487e-06,0.1510094386276327,88.27997891712887,1.127754560451105,1.073452991785336,1.1394942243911073,1.0024832387906804,0.9084000197709561,1.1025414832491454,False,35.90000000258442
20,1503,1503.0,calibration,119.45890727542164,93.28872153918863,94.30242542117057,0.02094006420413118,0.021104250077252668,0.021111494590462257,0.020200262683141804,0.21907270318399655,0.2105869074815064,0.3251002150921869,0.41198962197644473,0.0,44.62494233234501,6.3980940656807e-06,0.1507294827651573,88.28738828237606,1.1281442777336868,1.0731176196468784,1.1490777193207125,1.008250617884383,0.920016329811818,1.109883482683385,46.48188427229813,6.27318026617787e-06,0.1567804285900567,89.15075043280515,1.1534639039350931,1.088169595387948,1.2009607915078808,1.025777231186853,0.9074464081987248,1.1520056287660079,False,36.083200000575744
21,1579,1579.0,calibration,114.25844817623198,94.4532196746876,94.9230904955876,0.018823509475152572,0.018809661458813215,0.021968484033360255,0.015720954567290585,0.17333710388746779,0.16922475308628002,0.36462302024483934,0.4072050701607935,0.0,46.55051008625622,6.278107646038204e-06,0.15627458964657323,89.13069327327372,1.1558379015562863,1.0874073648901992,1.201501525409438,1.0288095774293018,0.903262224598008,1.1568631482941882,47.91371106594471,6.262665310718045e-06,0.1596980528296237,89.45540897052275,1.1810315673996785,1.0789789349367693,1.2445367937983003,1.0278995108324878,0.9343024957032113,1.1696137022638189,False,35.98509999574162
22,1654,1654.0,calibration,116.00325949238302,95.05157752968785,95.53797658239398,0.01830717019313735,0.02054569121444244,0.017285406705572687,0.019150398377976052,0.1806128729001007,0.17641989543692804,0.3403794382099269,0.38497218805855193,0.0,47.91105636377741,6.271890603950374e-06,0.16002517042913142,89.4204888129591,1.179131053148702,1.0677159010877335,1.241492228242582,1.0306038665505008,0.9258230941367372,1.1697631052231414,49.88092512792283,6.334571994173089e-06,0.16321931372095633,89.59966071321325,1.1745773876003274,1.0745062197957438,1.2772492098012718,1.0198053186927052,0.9267187802931269,1.1817159091796474,False,36.44200000417186
23,1729,1729.0,calibration,113.87687562318254,95.6623247684486,96.05499232835238,0.021404436151639214,0.0182922019552436,0.022984251362841213,0.01573307897180154,0.15994951349917355,0.15650133705637126,0.3346538125932413,0.3743908177818621,2.050052251127047e-16,49.85655108196121,6.321192558900441e-06,0.1632885756688677,89.57151166752875,1.1730200883910116,1.0809230585303362,1.2825956392795448,1.0286122513827325,0.9232468416226625,1.1844276366184938,52.230225254042,6.3107110289139885e-06,0.16611466300472377,89.66992477523489,1.1699010482354806,1.1076129873785727,1.3335404348943276,0.9958818778729821,0.9504419948954108,1.1896338287535244,False,36.35779999603983
24,1804,1804.0,calibration,105.80038972864482,96.16812889668398,96.4346497508041,0.01856918005898954,0.02241598896049532,0.0172141454251295,0.01859396819222789,0.0910418275080603,0.08852273608690688,0.32801219109337404,0.35324651750188363,0.0,52.22384349591929,6.301620147539958e-06,0.16601330108010218,89.63430396558213,1.1682392493837208,1.0964276011770258,1.3359480937685668,1.0045482396529921,0.9522617060406015,1.180822437916636,53.275442811944096,6.361734655448209e-06,0.16743980494344973,89.67157439490147,1.1581043584981294,1.0927624958722242,1.3616583658231103,0.9829799337710506,0.9619841182501435,1.1787315725742054,True,36.67219999624649
25,1879,1879.0,calibration,106.42551135098397,96.55757729989435,96.69823095216259,0.02707409646668392,0.024362426070569418,0.020048845393292658,0.012498645395045013,0.09272150939961996,0.0913998934592053,0.3376766701835532,0.3502787955245722,0.0,53.20476516181365,6.3444831506282164e-06,0.1669612160550164,89.66046526978064,1.1578200268176089,1.0974983155149105,1.3642671219396143,0.9919215592511855,0.9655314712126336,1.1836442701747145,54.32029657497228,6.3435644790256364e-06,0.16795864228258292,89.67460515016737,1.1512997103413114,1.1202671907004178,1.3859778688951232,1.00372208278914,0.9522422164942751,1.1815994145398876,True,35.829100001137704
26,1954,1954.0,calibration,105.5549314201225,96.7991718039234,96.89475140145147,0.03887462747506917,0.04403240697964525,0.013919283213307779,0.018188290470732532,0.08294979209782276,0.08204429581979807,0.3133154836598306,0.3571120790334077,0.0,54.277926331728665,6.3298345217090954e-06,0.16778147736678506,89.63616996516859,1.1551595786369608,1.1231424849117804,1.3805854334228564,0.9992516707218334,0.9499078826906481,1.1795441910624043,55.41871365624068,6.530787001497705e-06,0.1703931528243946,89.656924286913,1.154166505185126,1.1457653976338864,1.3928546885667363,1.041683037234736,0.9658372743196018,1.1416798256424336,True,36.092700000153854
27,2030,2030.0,calibration,106.32361108075354,96.97036711232549,97.08984984866623,0.05853482264742606,0.053999879032868126,0.01894414418493938,0.011069202508122739,0.08796958524409212,0.0868458203989535,0.3042298196939969,0.3594165697928672,1.9147931987364599e-16,55.50879849684511,6.5249624674785335e-06,0.17042010550253173,89.61889209248433,1.1576207476217149,1.1438076635223113,1.4008692839520163,1.042458386573395,0.9645724539277499,1.1449390889860025,56.18806516385862,6.41377765131251e-06,0.17165792752333597,89.65436375024431,1.1938093456372478,1.1747203743521668,1.413908388300503,1.0443967843141755,0.9219186642559255,1.1393717896358073,True,36.88580000016373
28,2105,2105.0,calibration,113.07835560144326,97.17264513819349,97.38448563911744,0.07505432261153436,0.07150805744322615,0.012570649966350655,0.018725398250980657,0.1406609636181052,0.13878756795544978,0.32203945312141047,0.3694709856484877,1.884093150224423e-16,56.179818329584414,6.423123809094169e-06,0.17154875582185783,89.62576029808211,1.1945178225326856,1.1779210808010205,1.421329498847335,1.0432297113427011,0.9225597945285823,1.135593906428585,57.87034079842859,6.499753881298195e-06,0.17378521023052046,89.69611573186172,1.221719682729103,1.230188477192787,1.4401642333827016,1.0549584873752182,0.8884757760260755,1.1394797984342628,True,37.469599999894854
29,2180,2180.0,calibration,104.22447359205373,97.66146044861112,97.52424335683645,0.09134009417440259,0.09790547839648239,0.020307211953184495,0.033882882572723774,0.0629699812073983,0.0642865346717195,0.3039397125266258,0.38772135403538355,1.7996366592068908e-16,57.85407353570179,6.487943564003366e-06,0.17343978764721202,89.68037697300092,1.2253904380979108,1.2350124167086278,1.4420999063312725,1.0518356719743702,0.8842575372216305,1.142268119938966,58.09266246336203,6.783811482299452e-06,0.1752556565223807,89.66725084940597,1.2347721815977881,1.2308988000742842,1.4100800639944953,1.1018999518411052,0.8802613147088442,1.1464037905886346,True,36.57940000266535
30,2255,2255.0,calibration,104.73361108075558,97.94560462092026,98.14604190247799,0.128820836807871,0.12467202316495753,0.035805632114169705,0.038772478852153555,0.06481211131545322,0.0628983294884982,0.3169620903171549,0.3754341514492497,1.6820608365154473e-16,58.150870735449274,6.777171159830106e-06,0.17519481787300634,89.64272468060366,1.2333173637253827,1.2353345947217076,1.41173280697154,1.101500315917133,0.876919819453795,1.1399366652999745,59.03549928585562,6.7539803055509145e-06,0.18197343547473505,89.63882040992898,1.2683050743567783,1.2547826381691811,1.4168409727960758,1.0734215930553763,0.8576266608875416,1.1234624990146302,True,36.878999999316875
31,2330,2330.0,calibration,103.6548195116943,98.64341414911989,98.59987676272519,0.15725005928454527,0.16292286166011083,0.04094279783755096,0.07112312877895094,0.04834705599008855,0.04876707877918609,0.3188708475489754,0.39654509977295127,0.0,59.06922957348338,6.740134979713307e-06,0.18162207736089775,89.60321914142911,1.267979260672246,1.2520073700831142,1.4104531013827497,1.074995528564056,0.8572620225931356,1.1238367448417383,60.67850578641659,7.137012529433886e-06,0.19064319546222686,89.53817838535423,1.2222306667080656,1.2185338167070563,1.38518609470366,1.1888780595398682,0.805295712840474,1.1611519399897348,False,37.836999996216036
32,2405,2405.0,calibration,103.5099924715167,99.14082182074638,99.54685343027656,0.20982979544193872,0.20212478577245135,0.07421222060690144,0.07398112645908558,0.04221013398269349,0.03828750197552854,0.3119807545698926,0.3927224053900974,1.4470817178914757e-16,60.608386476734395,7.14443302296668e-06,0.1906309429188265,89.54443179398159,1.2177974985828621,1.2158371988674004,1.383737961478597,1.1923829872927831,0.7864704545584222,1.1584291767687103,62.76538958646809,7.34529038375963e-06,0.2009375798866417,89.61332423226743,1.2618279359439177,1.2745617593236354,1.3249905137187057,1.0621155813996965,0.8282262024437141,1.1689815510364083,False,36.346200002299156
33,2481,2481.0,calibration,105.30361108075557,100.1039147306104,99.22846857770708,0.2522750554042779,0.3183388734692113,0.0732837884696039,0.2358365768536526,0.049378139047459774,0.05769168256147998,0.36786192528101114,0.5265579918225998,1.351668698173998e-16,62.763496237901286,7.368876844256643e-06,0.20102957939056482,89.62989112482987,1.2575494072912683,1.2728579233853698,1.3356678927038463,1.0653523772136217,0.8233631601034161,1.1631183284245274,66.3946226090152,9.345724169317615e-06,0.22086496673124395,89.70842785353328,1.2907879327046776,1.3987610330339082,1.5998812545375436,1.3673414128309849,0.8579321677101631,1.1040654739543718,False,39.10809999797493
34,2556,2556.0,calibration,105.00740036199866,99.70037531592563,99.8543427553443,0.34680388327391726,0.3117228848478056,0.22096400621276058,0.21359750745117373,0.05053953366884422,0.049073280443948666,0.385096080206224,0.5143076541766572,0.0,66.32763730242473,9.36744117470844e-06,0.22054495740174143,89.64302135705897,1.2949721982179339,1.3953781320627514,1.600987073424999,1.3649313941044237,0.8462343673855934,1.097659388545025,67.64857041645126,8.91448946644552e-06,0.2125372886920737,89.6630989441737,1.4439876692165037,1.6840116033398134,1.5909540209316855,0.8879125926653502,0.8893024668786685,1.0589962308795264,False,39.958800000022165
35,2631,2631.0,calibration,102.95809220128423,100.53691920969779,99.48055637649736,0.3576282907055549,0.3636891081651241,0.19998252981557393,0.20276744372533062,0.02351610193837921,0.03377622633088663,0.3727357609818441,0.5967205320992239,1.1822281933162457e-16,67.52662041735782,8.910405406006296e-06,0.21279677684464918,89.63910906341827,1.43253018284148,1.680051062746251,1.5893089467256951,0.8892357377140718,0.8867888765489056,1.0566776664779896,68.20649815405163,1.0212795004382799e-05,0.25217688362081603,89.56447948506955,1.86131740162404,2.062500491510314,1.7642324298203982,1.9583472351645346,0.5174331305974647,0.9978423995912732,False,42.43580000184011
36,2706,2706.0,calibration,102.81477429943338,100.17183005374574,98.31681999289913,0.4037284355750268,0.22906490201145233,0.19101779279611633,0.05270539433078335,0.025705879954474695,0.04374813189235433,0.3942475554962,0.7068623564727375,0.0,67.97956527930175,1.023335643239453e-05,0.2518665050771709,89.53689849499825,1.8695819962193452,2.0651662489376843,1.771316351380926,1.9457423077874954,0.521243381150209,1.0011241203802692,69.56115362912212,1.1394932871407509e-05,0.2654272349253707,89.63071581852468,2.4998760947453063,2.298407170255177,2.2080699614912,1.3682833045136513,0.50407497182338,0.5310040835562118,False,45.08000000350876
37,2781,2781.0,calibration,102.00546613872304,99.23827152217649,96.39606571016263,0.29617156845801274,0.0913663117421411,0.08719042021020541,0.1846928486429905,0.02712790521228815,0.054991174893822485,0.3308636224620641,0.8252341192793743,0.0,69.25306868662463,1.140905013523121e-05,0.26582065877429867,89.59453205593768,2.496996503960423,2.300130479509421,2.209611521553973,1.3717824481816048,0.5106084083508994,0.5393147597509381,69.54598131006493,1.2927379983868904e-05,0.2589986305496495,89.69585147845878,2.569328103608016,2.4053722841454626,2.510710252058105,1.6697194345123683,0.31918422540800134,0.45623083980747964,False,41.92429999966407
38,2856,2856.0,calibration,103.14063909854545,97.05172375964581,96.01195179443869,0.13841269242766693,0.07458082894535455,0.2000695365700496,0.15886850593906685,0.05903507474955629,0.0691161831690385,0.22967170832900125,0.8489793403047562,1.8782663569786127e-16,69.31916349225193,1.2956861457787413e-05,0.258822166371422,89.67145605981142,2.5701143274906975,2.4067962454470435,2.5110093196398133,1.680163454767915,0.3263720760007175,0.4581067143553687,69.47120055629196,1.3658316086967093e-05,0.2738599336890369,89.49567977715452,2.535035217212756,2.5686583810919736,2.5227837149546364,1.5993796122487198,0.29713650954981446,0.35069284058726236,False,41.40720000577858
39,2932,2932.0,calibration,102.7951213097277,96.5427610596016,96.6638568600282,0.09302116587477877,0.06853831057704673,0.4960735306272894,0.15978658547810654,0.06082351156809646,0.059645480948708085,0.22477198835735168,0.8500000000000001,1.7497357928307562e-16,69.27163900167335,1.3685744956298028e-05,0.27350471607363636,89.47441045793731,2.5279065875389715,2.558277482703631,2.520898303404548,1.5989980580221554,0.2991487066196653,0.35567028483627144,69.66036200724587,1.4222869547523843e-05,0.2552096587499783,89.96727962379133,2.494467282623245,2.459731191727138,2.409347430043987,1.7393950480175462,0.1985117631875653,0.3609472826726136,False,58.521300001302734
40,3007,3007.0,calibration,102.5840824601481,97.08252350032181,96.85385708184577,0.06773695712225587,0.0536245122636555,0.14001222817177258,0.1013104776604222,0.05362975256871388,0.055858815918428686,0.24061625185721128,0.8499999999999999,1.6442625819564323e-16,69.44802397994705,1.4221860144300346e-05,0.2547891942624489,89.89829997221192,2.4845157518977095,2.4631324004974675,2.402312060146862,1.7539563389616675,0.20430780092487233,0.3623238555170757,69.27394561777244,1.472140311444816e-05,0.2579071685000559,89.86328903828601,2.487997596417013,2.486737001346475,2.4167765794971823,1.729173165398062,0.22837092321105468,0.29986825694579416,True,60.77280000317842
41,3082,3082.0,calibration,103.66581205836346,97.01647707673138,97.0139170184873,0.06077125974468467,0.04931222164291785,0.09109102165741939,0.06807950482696756,0.0641420237743233,0.06416671907350864,0.24930084261276034,0.85,0.0,69.09221952557154,1.4727807540503522e-05,0.25706860134313236,89.8114351730816,2.4922332559153073,2.479333419620296,2.4162531061589076,1.7204761977026464,0.23656538334453212,0.3007047299118359,69.13095972302433,1.518383013139355e-05,0.26493460654094425,89.74665062917344,2.4998517848849606,2.533486505977656,2.4475391801849096,1.7730479608038026,0.23007912481069864,0.27593252954472336,True,56.58640000183368
42,3157,3157.0,validation,104.31546613871865,97.2332693200703,97.35863401304033,0.056378151584803006,0.05496394281594538,0.08094499608480822,0.07337947694855079,0.06789210728570623,0.06669032295198803,0.22648901456869733,0.8500000000000001,0.0,68.9639891142378,1.5181862786801431e-05,0.26450100246224,89.7285070228754,2.497918755406597,2.5300740951216256,2.4375068527616564,1.7642777881461456,0.23102623196528688,0.27334272638363016,69.40166014165294,1.5258009664934313e-05,0.2525264762260044,89.74937725702624,2.562221183867022,2.5866664953913543,2.4891244014505194,1.8288634310357201,0.23441826048919442,0.2868052564320285,True,47.41649999778019
43,3232,3232.0,validation,103.01546613871864,97.54952314672663,97.49958453715688,0.06259214538582496,0.06596626606201914,0.0858048801277541,0.06493156666260137,0.053059440459471155,0.05354420853791196,0.2287119174980977,0.8499999999999999,0.0,69.1769023291911,1.5227026808466342e-05,0.25288409815097207,89.74124062014609,2.560408205507691,2.588197001955248,2.484489118489093,1.836652236290693,0.2395762073158693,0.283725052092338,69.5635187690115,1.5596817767767583e-05,0.24501773706015384,89.71208053512164,2.578138594300905,2.6005499455672876,2.511951495130622,1.826323836359228,0.21603566414934114,0.2779480372787205,True,39.082800001779106
44,3307,3307.0,validation,103.18717093081497,97.51449738721341,97.41315916796657,0.07597597620724073,0.06601432264862715,0.07046784821408299,0.05591250650640564,0.05497460093566264,0.05595668250968686,0.2280043349982501,0.8499999999999998,1.3546784239768282e-16,69.41042177931165,1.5616993543024387e-05,0.24504051881418462,89.66039828634005,2.57636378506634,2.598466338980027,2.5234031355995907,1.8300331412144637,0.20881834712054992,0.28571665612162345,68.59513794594733,1.569374915269039e-05,0.23449543463094577,89.6712935386457,2.589978140671805,2.607355412557311,2.5488228542361364,1.9956156196819428,0.22155580922487123,0.2928254796762754,True,41.253600000345614
45,3383,3383.0,validation,104.7963789899507,97.56777057253129,97.56365174412142,0.07458525476892007,0.07605035605553086,0.058075698160767394,0.06089078301747544,0.06897765444846703,0.06901695760425895,0.24272735472590973,0.85,1.302989874894924e-16,68.60360656179971,1.566156312958036e-05,0.23404346520241037,89.63614235351203,2.5855248429773923,2.6001978638941465,2.5572888039024515,1.9938017823158856,0.22184842297726085,0.29734408214782176,68.16988788845165,1.6018078898845758e-05,0.23652130933383295,89.71280709528469,2.6366757351807544,2.6551984157858106,2.597972560686587,1.9177053373373916,0.20906155270574053,0.2715214316214822,True,48.422100000607315
46,3458,3458.0,validation,104.1877276246926,97.74532641292333,97.68517688216227,0.08275544728616388,0.06958967487432562,0.06276966229270639,0.0468287924749517,0.061834549602389155,0.06241186837238612,0.25824648026117686,0.85,1.2577178142592724e-16,68.2042302673706,1.6015523913283472e-05,0.2361232206089056,89.66854496918032,2.635891757410366,2.6436427241517526,2.5928968357165756,1.9257237760261796,0.21219983018324767,0.27978388883322663,67.71525730200824,1.6184888568235768e-05,0.22649461386305603,89.59875248401667,2.6478095356691838,2.64918153583302,2.589056078689987,2.0356035030639332,0.2300583893761371,0.2673401320946213,True,43.386800003645476
47,3533,3533.0,validation,103.42647909152532,97.88342815624067,98.46671158768021,0.0986626789884782,0.0601739433392815,0.07912649555693849,0.03593422213608572,0.053594118101800946,0.047954523323336384,0.23895037953758946,0.8500000000000001,0.0,67.70392218438505,1.6192599740621267e-05,0.2266757638605026,89.58043114757432,2.6493524685978995,2.652251575247268,2.590573258512721,2.0359488101498378,0.23630509555621687,0.28143048389996667,67.48560151523837,1.641729456561381e-05,0.2298302886716428,89.65752794484725,2.6653586661787916,2.6856705202012545,2.5690190485772653,1.9840735041320599,0.2752812477473994,0.24529495337475982,True,43.66509999817936
48,3608,3608.0,validation,102.24682501117016,98.5718205727126,99.23183873461363,0.07709122632310407,0.05134587443230469,0.1044865520955002,0.03246066282113329,0.03594247975969992,0.02948733397078246,0.25196843530024277,0.8499999999999999,1.1807533381585883e-16,67.50810649898328,1.6383293778241326e-05,0.22949279033900735,89.63466219333233,2.6706520492339667,2.693784324182999,2.5762131725968094,1.9845668074894458,0.273123799380896,0.24786553287493926,67.57025303720067,1.6661237261767943e-05,0.23913310727513123,89.62335852087047,2.6477005061349783,2.6806790721372544,2.5197251192344337,1.9422621670863018,0.3636078957845067,0.23153697159072778,True,41.70049999811454
49,3683,3683.0,validation,101.40751685045981,99.34767710884014,99.84976995655893,0.05575865177086751,0.04847408599845064,0.09053241912642847,0.032639762016463916,0.02031249561762964,0.015361256663034251,0.26039125215216646,0.85,1.1457821159355332e-16,67.55923431627902,1.6677269119118866e-05,0.23907420539107105,89.59824458925412,2.649813630676258,2.679436487903533,2.5235176985131114,1.9413891605994178,0.3620962724100521,0.23331479396314667,67.25107506163411,1.6833186031394793e-05,0.2389602078157645,89.70973580295316,2.6864747542803196,2.686952584546366,2.5060036191439035,1.8885729407335612,0.42699215679503627,0.2207784885052025,True,47.26459999801591
50,3758,3758.0,validation,102.25728429966436,100.08534053274082,100.60562271712634,0.05094619619164774,0.04133263680877584,0.06689653895587527,0.01964250942172301,0.021239990694048545,0.01615201884002553,0.2578101077204018,0.8499999999999999,1.1129642787440794e-16,67.20230155721131,1.679695737848613e-05,0.2389209697502017,89.68869793918661,2.684595764300127,2.6949476222388893,2.4973183314667238,1.8874653343896486,0.43564838998813327,0.2264187527845896,66.92792780475618,1.7113233000130163e-05,0.24086668739986275,89.73966443042747,2.6707983358360554,2.676741832006483,2.454833902295847,1.9475432280722305,0.49479135851956657,0.20848898866119422,True,38.05560000182595
51,3834,3834.0,validation,102.5313061317029,100.75198800518389,100.82555907907474,0.04004779798396926,0.037664420471824965,0.07985082434069729,0.049875633955023986,0.017353900907430716,0.016636353490290204,0.2523093962500976,0.8499999999999999,0.0,66.85301512747,1.707465152200946e-05,0.2404956294163729,89.6896927823474,2.6664397228921684,2.680178033695136,2.4495733901259342,1.9469096403205308,0.49556707760680363,0.21818457986362041,66.80747555368339,1.737824652584107e-05,0.23880015970688626,89.71438177499246,2.6445426043469475,2.6376864814297467,2.395391334424731,1.951261047844629,0.558121114680801,0.20764232994662069,True,41.139499997370876
52,3909,3909.0,validation,100.36490551019986,101.06084384320548,101.06768895784005,0.057133678271267224,0.04827415633464545,0.08367975710839744,0.06133038678724178,0.00693408048827274,0.007002282760768047,0.24631137564121114,0.8499999999999998,2.1112763715498384e-16,66.787723477928,1.73867748550444e-05,0.23925077375926268,89.68429414720705,2.638752630546137,2.6359172812776204,2.4000890310928726,1.9540281273946882,0.5625013112917554,0.203479044208119,66.90594279847404,1.7376014420185302e-05,0.23675354017064576,89.6539942936397,2.621198760268574,2.6405286102713035,2.360488736971876,1.9246085563333277,0.6119227620236846,0.20293293106033655,True,41.82840000430588
53,3984,3984.0,validation,89.45980860743784,101.33853333107295,101.16808352933442,0.06456452193109428,0.057017662737099684,0.0526404759962208,0.05771449862894824,0.13278280949337398,0.13087748681951844,0.24568877779670342,0.85,2.0615241463163947e-16,66.85812718187816,1.7389221548251335e-05,0.2364700533613811,89.62558158861448,2.624641976491732,2.6432213870785337,2.352018843586142,1.9237350131172437,0.6091334940762863,0.21193672607466063,66.75415466047852,1.7354436996809626e-05,0.23349203717986106,89.56211256227832,2.669810006594566,2.639846263722748,2.358372644336958,1.8963345265453442,0.6463730419620081,0.1961919754531598,True,57.23120000038762
54,4059,4059.0,validation,95.51122579374835,101.37079762730467,101.49294476818216,0.07698415445097449,0.053670112314940094,0.06200700620217103,0.050682544332156784,0.061349561633831026,0.06262843895806575,0.2305172175590967,0.85,2.015785135526395e-16,66.73638674449919,1.74000343184694e-05,0.23330578175873953,89.55952350553271,2.669624451439348,2.6359518713824026,2.357955184657712,1.9039810365192353,0.6587193642641831,0.1964764450229497,66.80991866106366,1.742387388439222e-05,0.2325041425522005,89.49022941851084,2.683645626212978,2.65005776421248,2.3190814681702663,1.8854217522521786,0.710064460501232,0.19459386323480982,True,40.22640000039246
55,4134,4134.0,validation,100.1192418686407,101.84425627754914,101.81732474894908,0.06273388870518394,0.06176167666317346,0.05732602982222862,0.08029510364457973,0.017229599193047267,0.016960604661153046,0.2748930416677753,0.8500000000000002,0.0,66.91699694258976,1.7388685760236828e-05,0.23315953314590218,89.50992764759131,2.690395391116878,2.642183916595043,2.314569670084065,1.8854954231430434,0.7129845786605148,0.19749248045042858,67.17451608312346,1.75014066302647e-05,0.23524936132994279,89.48294797543521,2.6687751107362705,2.620292224065628,2.282105269450293,1.8706882560491505,0.7868802992466483,0.19077292340113539,True,44.96769999968819
56,4209,4209.0,validation,99.66930063222283,102.03247090034232,101.89504896681953,0.07969721238615296,0.0820184788483351,0.10196806595283579,0.1309491794834742,0.023710111871252385,0.022331332922758795,0.2605470799345878,0.85,0.0,67.19492455163102,1.7494356833785392e-05,0.23493700213448032,89.4574270001633,2.6697270396173445,2.6159781753011426,2.280364060488831,1.8785498596413446,0.7756618624932915,0.20335782751335066,67.27710122103608,1.7612461330155057e-05,0.23352072308301436,89.42193986847772,2.668811497379422,2.601461241111684,2.264787693461739,1.8817752360352995,0.8347253150452949,0.19472260587728962,True,61.22010000399314
57,4285,4285.0,validation,100.55802129793301,102.0858885195871,102.1430152183735,0.09641851694332722,0.08250304849665296,0.15573425338156532,0.14271121029087228,0.015193887090591517,0.01576198397683742,0.2630051038841917,0.8499999999999998,1.8957760378524794e-16,67.19826444557509,1.7618016175596147e-05,0.23395818492029163,89.38501912007898,2.667941514727599,2.602761133938457,2.26480144912461,1.876052594289745,0.8288413584418169,0.19725323100663808,67.06871367635995,1.7687563930642697e-05,0.23439484719140113,89.32821635840989,2.673256809737444,2.614732455601342,2.2535630022089403,1.8947129303316714,0.8777827979675003,0.19054116929962117,True,52.27730000478914
58,4360,4360.0,validation,103.82740036199047,102.37000685377942,102.58396661685545,0.09753440813409153,0.07609738621187342,0.17821222155293087,0.13507373599221784,0.014036694582835605,0.011975969164207474,0.21848345084526286,0.85,1.8586019866456325e-16,67.08663149997362,1.7663936633916297e-05,0.23445622590091353,89.32003900806731,2.667292655938429,2.613544480594631,2.253460059615667,1.8962247959269065,0.8811157947555447,0.1958749798523027,66.99757043987374,1.7666861739977688e-05,0.23410903840866762,89.27468174812735,2.671333221526665,2.6338553000556475,2.239541545526045,1.9189307107162112,0.9059890269585039,0.19372352120997327,True,48.294200001691934
59,4435,4435.0,validation,105.75319425776365,102.7825734128982,103.01269568224592,0.09400592334505183,0.08050276118631916,0.16513501621259305,0.146148246855612,0.028090128773083076,0.02591409739206573,0.25482219860145955,0.8499999999999999,0.0,67.02317835404467,1.7660566518620007e-05,0.2338432161517599,89.27937083625983,2.6725578188435004,2.62965942686124,2.236119472244444,1.9117796130152944,0.9061272515131417,0.20259004567717268,66.96541893751049,1.7671610545650354e-05,0.2348525670496378,89.34631990683819,2.657163975751598,2.6182498368974256,2.212689941590525,1.9145255908629233,0.9406560862260113,0.1999225606874013,True,52.40250000497326
