sequence_index,source_step,time_s,phase,current_total_rate_m3_s,observed_bottomhole_pressure_mpa,prior_bottomhole_pressure_mpa,posterior_bottomhole_pressure_mpa,prior_pkn_bottomhole_pressure_mpa,posterior_pkn_bottomhole_pressure_mpa,prior_near_wellbore_pressure_bias_mpa,posterior_near_wellbore_pressure_bias_mpa,prior_liquid_tvd,posterior_liquid_tvd,prior_sand_tvd,posterior_sand_tvd,prior_bhp_relative_error,posterior_bhp_relative_error,mean_abs_kalman_gain,mean_covariance_inflation,observation_memory_mode,assimilation_iterations,posterior_leakoff_fraction,posterior_rate_conservation_error,prior_total_half_length_m,posterior_total_half_length_m,prior_eprime_gpa,prior_leakoff_m_sqrt_s,prior_viscosity_pa_s,prior_min_stress_mpa,prior_fracture_toughness_pa_sqrt_m,prior_factor_c1,prior_factor_c2,prior_factor_c3,prior_factor_c4,prior_factor_c5,prior_factor_c6,posterior_eprime_gpa,posterior_leakoff_m_sqrt_s,posterior_viscosity_pa_s,posterior_min_stress_mpa,posterior_fracture_toughness_pa_sqrt_m,posterior_factor_c1,posterior_factor_c2,posterior_factor_c3,posterior_factor_c4,posterior_factor_c5,posterior_factor_c6,posterior_all_observations_within_15_percent,step_compute_ms
0,0,1.0,calibration,1e-08,88.18281367807967,59.8807383810743,69.90187204962982,59.8807383810743,69.90187204962982,0.0,0.0,0.0,0.0,0.0,0.0,0.3209477461257357,0.2073073070132043,0.006506341791660772,1.012,liquid:instantaneous;sand:cumulative,1,0.5,1.6543612251060553e-16,0.00019313428016470895,0.00019294876529967888,32.192878709089186,9.732851851263874e-06,0.09842563676994248,59.88064541338612,491461.5777148876,1.0,1.0,1.0,1.0,1.0,1.0,31.576094576287762,9.770894895795435e-06,0.09736313369534669,69.90178066602472,486953.3017094269,1.0,1.0,1.0,1.0,1.0,1.0,False,656.5358000007109
1,75,75.0,calibration,1e-08,89.25867847719175,69.88938733954136,78.44154475152955,69.88938733954136,78.44154475152955,0.0,0.0,0.0,0.0,0.0,0.0,0.21700176910640487,0.12118859376151644,0.008007141579969169,1.012,liquid:instantaneous;sand:cumulative,1,0.5000000000000001,1.6543612251060553e-16,0.0061017946333252185,0.006089901882988335,31.56753466228047,9.784716775568144e-06,0.09737398712967252,69.88917067097962,486956.0536167087,1.0,1.0,1.0,1.0,1.0,1.0,31.282494332966788,9.80785454750281e-06,0.09769292760639962,78.44132943921106,483818.25432049116,1.0,1.0,1.0,1.0,1.0,1.0,True,575.5849999986822
2,150,150.0,calibration,1e-08,88.61764071825726,78.42711702043881,83.25792881079434,78.42711702043881,83.25792881079434,0.0,0.0,0.0,0.0,0.0,0.0,0.11499430153209854,0.060481320243032606,0.008260708727690448,1.012,liquid:instantaneous;sand:cumulative,1,0.5000000000000001,1.6543612251060553e-16,0.010603046301287992,0.01059081730971466,31.297712378775106,9.817314060675897e-06,0.09772895123165465,78.42686958197197,484011.23771975894,1.0,1.0,1.0,1.0,1.0,1.0,30.969952046517445,9.776811556925082e-06,0.09735875711015037,83.2576836041889,482848.18017755373,1.0,1.0,1.0,1.0,1.0,1.0,True,497.2974999982398
3,226,226.0,calibration,1e-08,88.87246775843485,83.26069744114129,85.03596109676886,83.26069744114129,85.03596109676886,0.0,0.0,0.0,0.0,0.0,0.0,0.06314408116298707,0.04316867482620197,0.0055662855814116495,1.012,liquid:instantaneous;sand:cumulative,1,0.5,1.6543612251060553e-16,0.0147024131677355,0.014703206610509107,30.997772604895832,9.781385787731469e-06,0.09741736984619714,83.26043105468189,482574.6542563786,1.0,1.0,1.0,1.0,1.0,1.0,30.851861862220776,9.730915949441961e-06,0.09682893677051917,85.03569607076237,483867.95906615764,1.0,1.0,1.0,1.0,1.0,1.0,True,545.4930999985663
4,301,301.0,calibration,0.024998999999999997,88.49246775843484,86.95210626815597,87.34132383279074,86.95210626815597,87.34132383279074,0.0,0.0,0.0,0.0,0.03718716449700847,0.037187164496515296,0.01740669606461558,0.013008383140432683,0.004219972074488936,1.012,liquid:instantaneous;sand:cumulative,1,0.5,0.0,43.556097235640564,43.5924170930972,30.827244736429343,9.735164150502794e-06,0.09689656546397746,85.02098073012422,483660.2727642838,1.0,1.0,1.0,1.0,1.0,1.0,30.965396637443877,9.720319678645004e-06,0.09690610563635875,85.40328954858019,483908.74516664475,1.0,1.0,1.0,1.0,1.0,1.0,True,475.6067999987863
5,376,376.0,calibration,0.024999,88.31833255754691,87.43422611146988,87.56261958028288,87.43422611146988,87.56261958028288,0.0,0.0,0.0,0.0,0.03055327201458062,0.03055394787440434,0.010010452195765317,0.00855669435076363,0.003279948697835151,1.012,liquid:instantaneous;sand:cumulative,1,0.5,0.0,78.82242455672707,78.84201178609989,31.01666833265656,9.716925913217124e-06,0.09697064583626713,85.40179515169206,483492.971342352,1.0,1.0,1.0,1.0,1.0,1.0,31.05659314204375,9.710158720218248e-06,0.0969563162133446,85.5282048804698,483724.8912795048,1.0,1.0,1.0,1.0,1.0,1.0,True,520.9347999989404
6,451,451.0,calibration,0.025,88.06764071825725,87.63181096785478,87.7139237987632,87.63181096785478,87.7139237987632,0.0,0.0,0.0,0.0,0.028178634736573865,0.028178843359428357,0.004948806926675447,0.00401642324705445,0.0026535423772882432,1.012,liquid:instantaneous;sand:cumulative,1,0.5,0.0,108.33399331298128,108.34772497188703,31.011639681587273,9.709931903073514e-06,0.09693433872870488,85.52834757790184,483711.6110588819,1.0,1.0,1.0,1.0,1.0,1.0,31.04271733572545,9.705981570048477e-06,0.09695766759177725,85.60870639696192,483865.5336588888,1.0,1.0,1.0,1.0,1.0,1.0,True,485.009900003206
7,526,526.0,calibration,0.025,88.13764071825726,87.7808811668476,87.85238095565605,87.7808811668476,87.85238095565605,0.0,0.0,0.0,0.0,0.03637494185073051,0.03637409264131325,0.0040477547220724676,0.00323652596412334,0.002336584297525477,1.012,liquid:instantaneous;sand:cumulative,1,0.5,0.0,135.18869639909082,135.20763375286455,31.027722718700993,9.713338860101163e-06,0.09702241462657775,85.61345626237875,484080.5016765766,1.0,1.0,1.0,1.0,1.0,1.0,31.052372631027087,9.711735401976513e-06,0.09702976940217212,85.6835506284351,484102.2556861661,1.0,1.0,1.0,1.0,1.0,1.0,True,503.6843999987468
8,601,601.0,calibration,0.025501,88.12833255754691,87.94470198863335,87.9545655557886,87.94470198863335,87.9545655557886,0.0,0.0,0.0,0.0,0.03860261228542905,0.03860253281378839,0.002083672339921423,0.0019717495692414123,0.002184024421151898,1.012,liquid:instantaneous;sand:cumulative,1,0.5,0.0,160.4578867417509,160.46214916571944,31.042169797309928,9.70864870989304e-06,0.09699717179162098,85.69077188408481,484271.33074594755,1.0,1.0,1.0,1.0,1.0,1.0,31.045188913988195,9.708335789357306e-06,0.0969938956305411,85.70047480484993,484269.1652840392,1.0,1.0,1.0,1.0,1.0,1.0,True,490.8075999992434
9,677,677.0,calibration,0.024501,87.76833255754691,87.95449506430589,87.93690564925826,87.95449506430589,87.93690564925826,0.0,0.0,0.0,0.0,0.035900963762146354,0.03590087135160923,0.0021210669194030177,0.001920659613771558,0.0020376024895528374,1.012,liquid:instantaneous;sand:cumulative,1,0.5000000000000001,0.0,184.8486636286845,184.83706951868828,31.069419694222653,9.723856531457666e-06,0.09694895904503009,85.69446168016393,484547.52270823304,1.0,1.0,1.0,1.0,1.0,1.0,31.06291330432381,9.724209057373748e-06,0.09695630577421199,85.67722467828497,484581.9361326768,1.0,1.0,1.0,1.0,1.0,1.0,True,484.9153999966802
10,752,752.0,calibration,0.025164999999999996,91.82281367807965,88.02466934311991,88.43286800794665,88.02466934311991,88.43286800794665,0.0,0.0,0.0,0.0,0.034520878039814976,0.03452145609273605,0.041363841760236254,0.03691833798534824,0.0018417308768976205,1.012,liquid:instantaneous;sand:cumulative,1,0.5,0.0,207.92014771289917,208.26074367330293,31.056522212154228,9.722373074684314e-06,0.09708294188872639,85.68062356868288,484915.29044614313,1.0,1.0,1.0,1.0,1.0,1.0,31.22953663188731,9.723057256079382e-06,0.09687867948810541,86.07921917691453,484282.7213303944,1.0,1.0,1.0,1.0,1.0,1.0,True,480.9813999963808
11,827,827.0,calibration,0.025167,91.94867847719175,88.47798949048592,88.83856225391408,88.47798949048592,88.83856225391408,0.0,0.0,0.0,0.0,0.03244568380667662,0.03244802724488394,0.03774593658316408,0.03382447985969857,0.0017715941683032514,1.012,liquid:instantaneous;sand:cumulative,1,0.5000000000000001,0.0,230.9021706242368,231.24312906119297,31.24591808903348,9.724544549526934e-06,0.09679316226917095,86.0764496792744,484341.27798769315,1.0,1.0,1.0,1.0,1.0,1.0,31.43001042601073,9.724492117395002e-06,0.09668885880474705,86.4261017692424,483826.78689244326,1.0,1.0,1.0,1.0,1.0,1.0,True,482.3076000029687
12,902,902.0,calibration,0.049500999999999996,91.07385143701416,90.0254224869053,90.10271588756292,90.0254224869053,90.10271588756292,0.0,0.0,0.0,0.0,0.02684791302768018,0.02684598750271211,0.011511854759254809,0.01066316548743809,0.0017037317688863509,1.012,liquid:instantaneous;sand:cumulative,1,0.5000000000000001,0.0,261.35739720825677,261.4449407182454,31.38032377750026,9.71635819672306e-06,0.09668646026122411,86.42896934599094,483841.7449080336,1.0,1.0,1.0,1.0,1.0,1.0,31.454010782339008,9.717704054344061e-06,0.09676447787491844,86.49886578641392,483677.68450050364,1.0,1.0,1.0,1.0,1.0,1.0,True,649.0641999989748
13,977,977.0,calibration,0.050668000000000005,88.6031595977245,90.2553812875251,90.10104064293071,90.2553812875251,90.10104064293071,0.0,0.0,0.0,0.0,0.03170466324710984,0.031708347025938166,0.018647435343186455,0.01690550373154731,0.001568170911137474,1.012,liquid:instantaneous;sand:cumulative,1,0.5,3.242338713980129e-16,299.11345141237024,298.8715044931821,31.465021407347358,9.723474994681293e-06,0.09662734257291136,86.49823748051318,483734.5597840727,1.0,1.0,1.0,1.0,1.0,1.0,31.299915385246948,9.719128085399178e-06,0.09647378536026813,86.36104235810888,484188.71831660724,1.0,1.0,1.0,1.0,1.0,1.0,True,514.6487000019988
14,1052,1052.0,calibration,0.049500999999999996,87.58385143701415,90.13493842700977,89.92098046574668,90.13493842700977,89.92098046574668,0.0,0.0,0.0,0.0,0.03535327910117017,0.03535688312446411,0.029127367067549398,0.026684474253947123,0.0014775809950163517,1.012,liquid:instantaneous;sand:cumulative,1,0.5,1.4803222821109897e-16,334.84969582740155,334.42446267807514,31.307230804301444,9.72832959594725e-06,0.0963846775225522,86.36113619338273,484748.7166469069,1.0,1.0,1.0,1.0,1.0,1.0,31.087081474097673,9.719990787073797e-06,0.09627228723282949,86.16951577935774,485310.92288211256,1.0,1.0,1.0,1.0,1.0,1.0,True,516.6992999947979
15,1128,1128.0,calibration,0.05066700000000001,87.44764071825726,90.03468896573918,89.78841818625584,90.03468896573918,89.78841818625584,0.0,0.0,0.0,0.0,0.03382560361159441,0.033823581078668175,0.02958396848940711,0.026767760099328464,0.0014397872360822292,1.012,liquid:instantaneous;sand:cumulative,1,0.5000000000000001,1.3753098896865386e-16,369.66461386633057,369.0418818697945,31.07127018225004,9.721555825001612e-06,0.09620716738671356,86.17362875631137,484762.94965691376,1.0,1.0,1.0,1.0,1.0,1.0,30.783087541608438,9.706832639602824e-06,0.0960802865802467,85.95725144242039,485286.2471617828,1.0,1.0,1.0,1.0,1.0,1.0,True,495.5497999981162
16,1203,1203.0,calibration,0.049998999999999995,97.69740564256267,89.78777489665974,90.38292802838008,89.78777489665974,90.38292802838008,0.0,0.0,0.0,0.0,0.03624692067861146,0.036238193571957095,0.08096049934878757,0.07486869857059932,0.0012987650533533538,1.012,liquid:instantaneous;sand:cumulative,1,0.5000000000000001,0.0,402.62158018877744,404.3887605576745,30.761092055579372,9.707341154145095e-06,0.09612528834331613,85.95429714562732,485261.46924043016,1.0,1.0,1.0,1.0,1.0,1.0,31.472039976084215,9.749336545873388e-06,0.09636993232222209,86.4759712754896,483335.3746398502,1.0,1.0,1.0,1.0,1.0,1.0,True,485.9213000017917
17,1278,1278.0,calibration,0.050666,109.6075164865129,90.47162618139753,91.26058496337797,90.47162618139753,91.26058496337797,0.0,0.0,0.0,0.0,0.03394231098418457,0.03395323490321528,0.1745855660133494,0.16738753062973116,0.0006970979896473385,1.012,liquid:instantaneous;sand:cumulative,1,0.5,0.0,437.2376089570447,439.7861721129198,31.45751663532479,9.747323543974581e-06,0.09631576180981335,86.47749810042399,483961.66723298875,1.0,1.0,1.0,1.0,1.0,1.0,32.491619812990194,9.808083098514808e-06,0.09683469634542397,87.1562799232673,481441.4349994571,1.0,1.0,1.0,1.0,1.0,1.0,False,505.5272000026889
18,1353,1353.0,calibration,0.049498999999999994,120.58624365188383,91.27314423903069,91.80581562256054,91.27314423903069,91.80581562256054,0.0,0.0,0.0,0.0,0.031211440888493786,0.031220330828723664,0.24308825389300706,0.23867090604802726,0.0003054544939787266,1.012,liquid:instantaneous;sand:cumulative,1,0.5000000000000001,0.0,472.1165813568862,473.8815910131033,32.52488424016488,9.80979200203676e-06,0.09693406197238949,87.16598854616997,481634.14187877165,1.0,1.0,1.0,1.0,1.0,1.0,33.26140320902801,9.848704249519327e-06,0.09740325745597916,87.61980984014679,480318.4936599874,1.0,1.0,1.0,1.0,1.0,1.0,False,485.0332999994862
19,1428,1428.0,calibration,0.050334,120.45041052247183,91.88978483126998,92.42555974458205,91.88978483126998,92.42555974458205,0.0,0.0,0.0,0.0,0.028690075816099045,0.028698226876764474,0.2371152208391472,0.23266712546954188,0.00031161104024639784,1.012,liquid:instantaneous;sand:cumulative,1,0.49999999999999994,0.0,505.7871768445111,507.6582884738124,33.2930301002271,9.856817212701498e-06,0.09744647792583556,87.61481873889976,480203.57891085587,1.0,1.0,1.0,1.0,1.0,1.0,34.1540070752595,9.906639865336209e-06,0.09824602969029902,88.05463855293875,478881.7153827232,1.0,1.0,1.0,1.0,1.0,1.0,False,491.9783000004827
20,1503,1503.0,calibration,0.050001,123.56592940193909,92.43560079242955,92.89713494796587,92.43560079242955,92.89713494796587,0.0,0.0,0.0,0.0,0.027356397212246614,0.02736060879049608,0.2519329459194843,0.24819782121504394,0.000245713466961371,1.012,liquid:instantaneous;sand:cumulative,1,0.5,0.0,538.9163433768241,540.8074418084954,34.14180069374029,9.911262763086858e-06,0.09827702656731166,88.03733703055202,479271.8027339018,1.0,1.0,1.0,1.0,1.0,1.0,34.96542558542874,9.961918731696509e-06,0.09897399533712771,88.40743406038123,478380.8922975279,1.0,1.0,1.0,1.0,1.0,1.0,False,485.6459999937215
21,1579,1579.0,calibration,0.050667000000000004,118.45940443323741,92.96977014804524,93.46502027086612,92.96977014804524,93.46502027086612,0.0,0.0,0.0,0.0,0.025105605704373368,0.02511269561910466,0.21517611376780035,0.21099535559844795,0.000329052601612156,1.012,liquid:instantaneous;sand:cumulative,1,0.49999999999999994,0.0,571.9601617542478,573.8612760403564,34.9494450238496,9.962202838845857e-06,0.0990962359258965,88.39419171056944,478476.34545763576,1.0,1.0,1.0,1.0,1.0,1.0,36.00333987947293,1.00250291670477e-05,0.10045826441929546,88.7662666305937,477838.58514377946,1.0,1.0,1.0,1.0,1.0,1.0,False,484.8621999990428
22,1654,1654.0,calibration,0.049168,122.27468823701008,93.3994672949932,93.78870894924965,93.3994672949932,93.78870894924965,0.0,0.0,0.0,0.0,0.024115127923877974,0.024116086455114955,0.23615043602521274,0.23296709808447746,0.0002248031648436944,1.012,liquid:instantaneous;sand:cumulative,1,0.49999999999999994,0.0,604.5088120120267,606.0976868819653,35.98491820954488,1.0051280503542329e-05,0.10029638464244042,88.75285775997436,478153.61866501364,1.0,1.0,1.0,1.0,1.0,1.0,37.01604495815504,1.010052452706338e-05,0.1018521901829065,89.02107133613616,477835.6689512584,1.0,1.0,1.0,1.0,1.0,1.0,False,477.32250000262866
23,1729,1729.0,calibration,0.049333999999999996,122.19824244255858,93.83738248381702,94.18595975782789,93.83738248381702,94.18595975782789,0.0,0.0,0.0,0.0,0.022605614807503838,0.022610013884832594,0.2320889350930974,0.2292363795485713,0.0002044743864454208,1.012,liquid:instantaneous;sand:cumulative,1,0.5,0.0,636.432720507344,638.4070007591043,37.003589921379195,1.0113324009080823e-05,0.10169177506473233,89.01701717353026,477911.7543890674,1.0,1.0,1.0,1.0,1.0,1.0,38.213970006874554,1.016690203886146e-05,0.10346125057337788,89.2224271025021,477253.86749119544,1.0,1.0,1.0,1.0,1.0,1.0,False,497.62639999971725
24,1804,1804.0,calibration,0.049166999999999995,116.22212673290188,94.19945158978281,94.60968660036758,94.19945158978281,94.60968660036758,0.0,0.0,0.0,0.0,0.02183092374248713,0.02183057222108599,0.1894878003199073,0.18595805067483706,0.0002872029164677721,1.012,liquid:instantaneous;sand:cumulative,1,0.5,0.0,668.2335119800493,670.8433397341596,38.1997306257265,1.0163830590786732e-05,0.1034301618622424,89.2056548548146,477423.2925315826,1.0,1.0,1.0,1.0,1.0,1.0,40.03563076765454,1.0247232489017587e-05,0.10633624216852909,89.39580954828195,477115.496329989,1.0,1.0,1.0,1.0,1.0,1.0,False,486.2228000056348
25,1879,1879.0,calibration,0.050499,119.36599518839517,94.35517741134181,94.69064554185005,94.35517741134181,94.69064554185005,0.0,0.0,0.0,0.0,0.02866945804832155,0.028627894675212026,0.2095305094015999,0.2067200931689135,0.00019890857875632536,1.012,liquid:instantaneous;sand:cumulative,1,0.5,0.0,700.0513486382434,702.3757748639616,40.02776117701511,1.0248026878198774e-05,0.10646994376633921,89.36603070214254,476932.3324903002,1.0,1.0,1.0,1.0,1.0,1.0,41.850664099146485,1.0320214791588412e-05,0.10949355713809213,89.49147870091436,476881.20293383143,1.0,1.0,1.0,1.0,1.0,1.0,False,521.6234000035911
26,1954,1954.0,calibration,0.050167,117.6585146093693,94.57319612950795,94.94343463209839,94.57319612950795,94.94343463209839,0.0,0.0,0.0,0.0,0.041518547679291334,0.04146890715824218,0.19620610167063118,0.193059380807975,0.00020684069200043858,1.012,liquid:instantaneous;sand:cumulative,1,0.5,1.9433509806551556e-16,731.0483625604212,733.6980130518854,41.84376947622989,1.0320854603802833e-05,0.1094017474962235,89.46585708560826,476786.31040195184,1.0,1.0,1.0,1.0,1.0,1.0,44.10941347882188,1.0393493194723156e-05,0.11327946334256425,89.57866860372755,476559.62478903605,1.0,1.0,1.0,1.0,1.0,1.0,False,480.499500001315
27,2030,2030.0,calibration,0.050499999999999996,116.95322286367517,95.03125425805821,95.42709314292064,95.03125425805821,95.42709314292064,0.0,0.0,0.0,0.0,0.05363027361830533,0.05357980427150093,0.18744219328756745,0.18405760178021044,0.00020629833732266234,1.012,liquid:instantaneous;sand:cumulative,1,0.5,1.9147931987364599e-16,762.1246244492486,765.4491482373382,44.064825876749886,1.0382333694425534e-05,0.11333057068520001,89.54690866485711,476409.203883551,1.0,1.0,1.0,1.0,1.0,1.0,46.76382194226409,1.047115408840432e-05,0.11777660745000294,89.63060728580072,475461.8819829727,1.0,1.0,1.0,1.0,1.0,1.0,False,529.785599996103
28,2105,2105.0,calibration,0.074001,115.97837075340327,96.59712088503599,97.24651725342935,96.59712088503599,97.24651725342935,0.0,0.0,0.0,0.0,0.07075164537131073,0.07065305975071884,0.16711089957951106,0.16151161098651884,0.00024241768589526404,1.012,liquid:instantaneous;sand:cumulative,1,0.5,0.0,794.0232234145942,798.9639623072319,46.768967170996724,1.0466319790800848e-05,0.11779741219800006,89.59566048424958,475517.3604290373,1.0,1.0,1.0,1.0,1.0,1.0,50.992865400267746,1.0581606199466732e-05,0.12465033796489625,89.65723003372183,474216.182859066,1.0,1.0,1.0,1.0,1.0,1.0,False,504.03340000048047
29,2180,2180.0,calibration,0.117168,114.28709427971998,98.32254373726842,99.33972959827477,98.32254373726842,99.33972959827477,0.0,0.0,0.0,0.0,0.09299372547434495,0.09287708519004098,0.1396881305196018,0.13078786170607531,0.0003381806749963236,1.012,liquid:instantaneous;sand:cumulative,1,0.5000000000000001,0.0,842.1025113687746,846.8798685718523,50.97635281847587,1.0574966159400548e-05,0.12456995256935273,89.60602557923492,474165.6673058006,1.0,1.0,1.0,1.0,1.0,1.0,56.92717508447077,1.073667559942311e-05,0.135447562136437,89.65557479138533,472282.6267228706,1.0,1.0,1.0,1.0,1.0,1.0,True,491.00219999672845
30,2255,2255.0,calibration,0.13383300000000004,114.01867427888972,101.48702256370278,102.784218987572,101.48702256370278,102.784218987572,0.0,0.0,0.0,0.0,0.11780826465330022,0.11783998173383761,0.10990876533553191,0.09853171300552253,0.0004139449492748175,1.012,liquid:instantaneous;sand:cumulative,1,0.5000000000000001,0.0,902.688542555875,901.3442882902875,56.86568521755464,1.073552736321448e-05,0.13549554068079483,89.61527199581109,472152.0191051199,1.0,1.0,1.0,1.0,1.0,1.0,62.841195364768595,1.0897618735487971e-05,0.15108482915697763,89.63885963153001,470346.4326046014,1.0,1.0,1.0,1.0,1.0,1.0,True,482.65160000300966
31,2330,2330.0,calibration,0.15050100000000002,116.55594564408034,101.09405001930257,101.82937143909598,101.09405001930257,101.82937143909598,0.0,0.0,0.0,0.0,0.14767907994027746,0.14798657978819385,0.1326564298314974,0.12634768757274714,0.00033809652455332745,1.012,liquid:instantaneous;sand:cumulative,1,0.5000000000000001,0.0,959.1981112553466,948.6641589051189,62.69547507818498,1.0907037613192804e-05,0.1511774269283351,89.61746183622746,470745.91968909436,1.0,1.0,1.0,1.0,1.0,1.0,65.59040235005988,1.1005952589163106e-05,0.16743381761786505,89.6825135676367,468655.8109354942,1.0,1.0,1.0,1.0,1.0,1.0,True,483.3431000006385
32,2405,2405.0,calibration,0.15816700000000003,116.4504763089279,100.47248170599025,100.9693071756014,100.47248170599025,100.9693071756014,0.0,0.0,0.0,0.0,0.18017777547358219,0.18082543569629483,0.13720849505630292,0.13294208511656908,0.00033184545274507146,1.012,liquid:instantaneous;sand:cumulative,1,0.5,0.0,1002.8555585019193,988.0489248158647,65.44689398947058,1.1007126391502587e-05,0.16734043871035806,89.6438469427181,468181.9607555698,1.0,1.0,1.0,1.0,1.0,1.0,66.85762949230867,1.108766127085085e-05,0.18476360124528124,89.729261050458,464279.944041561,1.0,1.0,1.0,1.0,1.0,1.0,False,498.85420000646263
33,2481,2481.0,calibration,0.16016599999999998,117.51082222857275,100.4250365858179,100.81603682098456,100.4250365858179,100.81603682098456,0.0,0.0,0.0,0.0,0.22854874525440952,0.2292679738023992,0.14539754993391948,0.14207019482099112,0.0002696444227590801,1.012,liquid:instantaneous;sand:cumulative,1,0.5000000000000001,0.0,1038.8142280143693,1023.0489563707146,66.71095387067481,1.1087443050855202e-05,0.18496484943205913,89.68267114151733,464199.6478213645,1.0,1.0,1.0,1.0,1.0,1.0,67.55781487343316,1.1126185109642178e-05,0.2029855084040913,89.75568105890169,459705.5498021461,1.0,1.0,1.0,1.0,1.0,1.0,False,509.5643000022392
34,2556,2556.0,calibration,0.178667,116.43334164954689,100.7513427603735,101.14836091612696,100.7513427603735,101.14836091612696,0.0,0.0,0.0,0.0,0.27833813196549595,0.2794718780483434,0.13468649672852892,0.1312766645436171,0.00029774173376279246,1.012,liquid:instantaneous;sand:cumulative,1,0.5,0.0,1071.5646172986762,1052.848115217013,67.3832458105184,1.1102182441582003e-05,0.20300725809907527,89.71678205134997,459546.7139256962,1.0,1.0,1.0,1.0,1.0,1.0,68.08475072470304,1.1110797511256296e-05,0.224995420363175,89.78456478436736,454545.3363070595,1.0,1.0,1.0,1.0,1.0,1.0,False,483.787700002722
35,2631,2631.0,calibration,0.20066599999999998,114.38403348883655,101.50216740424412,101.94022033982006,101.50216740424412,101.94022033982006,0.0,0.0,0.0,0.0,0.34598475118409383,0.3473589427474005,0.112619442519044,0.1087897739699043,0.0003750224597100889,1.012,liquid:instantaneous;sand:cumulative,1,0.5,1.1822281933162454e-16,1104.2602209127413,1081.7333013007556,67.8761383508037,1.113209122532087e-05,0.22487420447031245,89.72766922567139,454648.10819808004,1.0,1.0,1.0,1.0,1.0,1.0,68.459498445176,1.1102615437783999e-05,0.2525716052258821,89.79931220772055,449515.8341730254,1.0,1.0,1.0,1.0,1.0,1.0,False,479.3677999987267
36,2706,2706.0,calibration,0.23333299999999998,115.93615651125565,102.90339513422288,103.37775852499098,102.90339513422288,103.37775852499098,0.0,0.0,0.0,0.0,0.4137819688525556,0.41526061830222877,0.1124132606187224,0.10832166913386883,0.00036650072806563633,1.012,liquid:instantaneous;sand:cumulative,1,0.5,0.0,1135.1309675717678,1110.5705205940503,68.24337875911694,1.1105092040394067e-05,0.25256458744910465,89.76406918913563,449824.18024519656,1.0,1.0,1.0,1.0,1.0,1.0,68.76748151457696,1.1033532633452486e-05,0.28538855201096713,89.82198590178855,444055.18941812223,1.0,1.0,1.0,1.0,1.0,1.0,False,472.20740000193473
37,2781,2781.0,calibration,0.267,114.25793470136786,104.56487265253767,104.9720891937106,104.56487265253767,104.9720891937106,0.0,0.0,0.0,0.0,0.4774494579562648,0.47860273895271527,0.08483491386541002,0.08127090282112451,0.0003715324535771709,1.012,liquid:instantaneous;sand:cumulative,1,0.5,2.0297419207810038e-16,1166.25706303453,1145.6897124493232,68.51007527581697,1.1045927318190369e-05,0.2854291986651109,89.76154872796864,443993.42296674673,1.0,1.0,1.0,1.0,1.0,1.0,68.88241985406515,1.096786747215605e-05,0.3149768238459439,89.80081076723168,439442.2704001078,1.0,1.0,1.0,1.0,1.0,1.0,False,486.3355000052252
38,2856,2856.0,calibration,0.28283400000000003,115.3560126552896,107.06695608205632,107.48633922085457,107.06695608205632,107.48633922085457,0.0,0.0,0.0,0.0,0.5272414828488774,0.528085069681594,0.07185630278330525,0.06822074769480313,0.0003979539869262293,1.012,liquid:instantaneous;sand:cumulative,1,0.5,0.0,1202.6789714665206,1183.5465690695926,68.67983598560464,1.0971469908199982e-05,0.31469480478403045,89.74458263757523,440078.1693333148,1.0,1.0,1.0,1.0,1.0,1.0,68.98737692892381,1.0830607506563816e-05,0.3440278265631802,89.77941103571848,435186.45575295924,1.0,1.0,1.0,1.0,1.0,1.0,False,480.16130000178237
39,2932,2932.0,calibration,0.282501,116.49684200740666,114.95753023328862,115.0414619779347,114.95753023328862,115.0414619779347,0.0,0.0,0.0,0.0,0.1305414163971257,0.13051289511355335,0.013213334778810286,0.012492871088981308,0.0004705014906392555,1.012,liquid:instantaneous;sand:cumulative,1,0.49999999999999994,1.749735792830756e-16,1247.141051129388,1244.2100753816758,68.77081938353913,1.0827551038983472e-05,0.34381506803415934,89.74229768951557,435384.4141383106,1.0,1.0,1.0,1.0,1.0,1.0,68.8076618877732,1.0786972397882218e-05,0.3483683780385449,89.74625062764453,434453.2927470175,1.0,1.0,1.0,1.0,1.0,1.0,True,484.7624000030919
40,3007,3007.0,calibration,0.283835,116.48673453223492,111.6579671920919,111.92307265044283,111.6579671920919,111.92307265044283,0.0,0.0,0.0,0.0,0.08719042955103329,0.08701658853682151,0.04145336685360315,0.0391775243775007,0.0004025355596778084,1.012,liquid:instantaneous;sand:cumulative,1,0.4999999999999999,0.0,1309.7445639611155,1299.6676810064712,68.65087445616982,1.0780267113542682e-05,0.34845101081062335,89.71409854590506,434352.304056327,1.0,1.0,1.0,1.0,1.0,1.0,68.82951067362343,1.063947225315405e-05,0.36401978613142355,89.73354091395828,431652.3026655456,1.0,1.0,1.0,1.0,1.0,1.0,True,490.8845000027213
41,3082,3082.0,calibration,0.284001,117.56846413045906,112.53123938103256,112.7858227359816,112.53123938103256,112.7858227359816,0.0,0.0,0.0,0.0,0.07462140611045309,0.07451621337304756,0.04284503320411651,0.04067962807756372,0.0003841989901719512,1.012,liquid:instantaneous;sand:cumulative,1,0.5000000000000001,0.0,1362.3935787025905,1353.1991643478075,68.66520827000893,1.064474873210554e-05,0.3640702639783007,89.6966899858964,431182.3627771968,1.0,1.0,1.0,1.0,1.0,1.0,68.8469097195047,1.0488804352607578e-05,0.3784751131954259,89.71802968771568,428707.2256560505,1.0,1.0,1.0,1.0,1.0,1.0,True,495.77570000110427
42,3157,3157.0,validation,0.28349799999999997,116.5308396954672,113.34712920518575,113.45781823599344,113.34712920518575,113.45781823599344,0.0,0.0,0.0,0.0,0.07964016261119368,0.07958766772344436,0.027320754734124528,0.026370885745821023,0.00036095610083547984,1.012,liquid:instantaneous;sand:cumulative,1,0.49999999999999983,1.4787232439617027e-16,1408.1218505724657,1403.9119601602288,68.70460343537923,1.049369467720767e-05,0.3779933138512883,89.69122264366662,428703.4106583503,1.0,1.0,1.0,1.0,1.0,1.0,68.76920144323873,1.0397505475137813e-05,0.38449742415076815,89.69979001193593,427472.8678572,1.0,1.0,1.0,1.0,1.0,1.0,True,492.2268000009353
43,3232,3232.0,validation,0.284001,115.23083969546718,109.62984583939375,109.80499536946576,109.62984583939375,109.80499536946576,0.0,0.0,0.0,0.0,0.08327274600288596,0.08311667304064826,0.048606726036847195,0.04708673772004857,0.00030523335564504957,1.012,liquid:instantaneous;sand:cumulative,1,0.5000000000000001,0.0,1455.8732355958873,1448.9537142568201,68.63333411012867,1.0420004383020943e-05,0.38405540240947944,89.6741891402651,426847.76005539857,1.0,1.0,1.0,1.0,1.0,1.0,68.80157654595835,1.0237127767352749e-05,0.3948587456299548,89.69526938850315,425279.70016494713,1.0,1.0,1.0,1.0,1.0,1.0,True,483.7748999998439
44,3307,3307.0,validation,0.283167,115.97292032372786,107.89604885136139,108.11231707732105,107.89604885136139,108.11231707732105,0.0,0.0,0.0,0.0,0.0735330080073179,0.07331242159878326,0.06964446053286082,0.06777964394157404,0.00031366002145965106,1.012,liquid:instantaneous;sand:cumulative,1,0.5,0.0,1497.0722119294635,1488.9181605988379,68.6439377852525,1.025413545898537e-05,0.39379008202601096,89.66099633831358,425553.88091626577,1.0,1.0,1.0,1.0,1.0,1.0,68.88594676340394,9.973597300421648e-06,0.4066321774017043,89.70519975223202,424211.3343872204,1.0,1.0,1.0,1.0,1.0,1.0,True,495.1366000022972
45,3383,3383.0,validation,0.2831660000000001,116.76740144426064,116.01922494174869,115.99653353887442,116.01922494174869,115.99653353887442,0.0,0.0,0.0,0.0,0.07998928598887663,0.07996657968474725,0.006407409030756737,0.0066017389772453075,0.00032269608739181826,1.012,liquid:instantaneous;sand:cumulative,1,0.5000000000000001,0.0,1543.2985970188706,1543.7919454612909,68.71645662517476,9.972069794587221e-06,0.40618658655651174,89.66248001325806,424077.8998170776,1.0,1.0,1.0,1.0,1.0,1.0,68.68662915202553,9.977670188357968e-06,0.4053532103640792,89.65983281228513,424100.751481739,1.0,1.0,1.0,1.0,1.0,1.0,True,487.3457999929087
46,3458,3458.0,validation,0.28300099999999995,116.23990814088927,113.73594705747138,113.79506527133563,113.73594705747138,113.79506527133563,0.0,0.0,0.0,0.0,0.09598031613994214,0.09602400997987935,0.021541320218379307,0.02103273229182488,0.0002843838218452052,1.012,liquid:instantaneous;sand:cumulative,1,0.49999999999999983,0.0,1621.6236952929655,1619.809484885161,68.52624858445597,9.98521809240738e-06,0.4054894173977081,89.65131767078842,424164.05978434073,1.0,1.0,1.0,1.0,1.0,1.0,68.59460285598436,9.896568241485397e-06,0.408329647559739,89.65638086500863,423754.8335187337,1.0,1.0,1.0,1.0,1.0,1.0,True,520.9730000060517
47,3533,3533.0,validation,0.283168,115.47302642249348,116.6982234716983,116.61608873507141,116.6982234716983,116.61608873507141,0.0,0.0,0.0,0.0,0.056552306243078804,0.056487763753119924,0.010610244549424589,0.009898955175866744,0.00026890713618273987,1.012,liquid:instantaneous;sand:cumulative,1,0.5,0.0,1703.6315341259613,1705.6342341125505,68.48354889774691,9.896631067248832e-06,0.40814046540266474,89.6395007781843,423768.4437980932,1.0,1.0,1.0,1.0,1.0,1.0,68.38531453360388,9.999492013396383e-06,0.40499461650885293,89.63165832826365,424221.99152759503,1.0,1.0,1.0,1.0,1.0,1.0,True,486.92669999581994
48,3608,3608.0,validation,0.283333,112.57365561895014,116.6488096780846,116.43658993150707,116.6488096780846,116.43658993150707,0.0,0.0,0.0,0.0,0.05089875573798894,0.05114359117144992,0.03619989096675003,0.03431472746725533,0.0002578792385800568,1.012,liquid:instantaneous;sand:cumulative,1,0.5,0.0,1790.2799661929,1795.3306191398835,68.31671713604075,1.0003560076887368e-05,0.40457116241412105,89.60718378383226,424155.7506749078,1.0,1.0,1.0,1.0,1.0,1.0,68.04675441604732,1.024394432783433e-05,0.3969365947710611,89.58637369862498,425223.5522700079,1.0,1.0,1.0,1.0,1.0,1.0,True,483.5677000010037
49,3683,3683.0,validation,0.299501,111.7343474582398,117.97521272881096,117.64235498409565,117.97521272881096,117.64235498409565,0.0,0.0,0.0,0.0,0.09039563639599014,0.09068530348095555,0.05585449248632931,0.052875482430001584,0.00024932454785834337,1.012,liquid:instantaneous;sand:cumulative,1,0.5,0.0,1875.8634821214998,1883.1304717019505,67.96948007252327,1.0249364158725291e-05,0.39699296875728785,89.55542445265306,425270.4908106226,1.0,1.0,1.0,1.0,1.0,1.0,67.54529460985458,1.0513445876101229e-05,0.3862509341398326,89.52572333441921,427229.7976710963,1.0,1.0,1.0,1.0,1.0,1.0,True,487.7097999997204
50,3758,3758.0,validation,0.2995,117.15472235376609,118.30947247511114,118.23694061057247,118.30947247511114,118.23694061057247,0.0,0.0,0.0,0.0,0.13213701192118146,0.13217959801254014,0.009856624625494022,0.009237512880944453,0.00023942204939861732,1.012,liquid:instantaneous;sand:cumulative,1,0.49999999999999994,0.0,1960.8074969064473,1962.1404228654671,67.47619723216776,1.0516917452310602e-05,0.385994320030979,89.50907124853339,427360.1489917116,1.0,1.0,1.0,1.0,1.0,1.0,67.37841488048036,1.0554627283591155e-05,0.38398861880561763,89.5011905109051,427746.8551388612,1.0,1.0,1.0,1.0,1.0,1.0,True,505.0097000057576
51,3834,3834.0,validation,0.29983299999999996,118.23920347429885,119.14673428849095,119.04990728091767,119.14673428849095,119.04990728091767,0.0,0.0,0.0,0.0,0.17252243606114073,0.17257664906097864,0.007675379971494531,0.0068564721581115635,0.00024201306688705494,1.012,liquid:instantaneous;sand:cumulative,1,0.5000000000000001,2.1655553330109382e-16,2038.1674619100916,2039.8846963955077,67.3780247718457,1.054327341061866e-05,0.3838455596166188,89.47763349117221,427545.60877783695,1.0,1.0,1.0,1.0,1.0,1.0,67.2481239055861,1.0587110017188417e-05,0.38131601785059477,89.4674644515004,428049.4344406547,1.0,1.0,1.0,1.0,1.0,1.0,False,572.6472999958787
52,3909,3909.0,validation,0.299332,111.54071138462251,118.16158998274486,117.80535969189583,118.16158998274486,117.80535969189583,0.0,0.0,0.0,0.0,0.19148048565692777,0.19169009899999853,0.059358403904129386,0.05616467951034595,0.0002607350989460173,1.012,liquid:instantaneous;sand:cumulative,1,0.5000000000000001,0.0,2111.7657157829644,2119.299334346514,67.22771791389876,1.0581355298832231e-05,0.38110308768346435,89.44642101704567,428082.11480048863,1.0,1.0,1.0,1.0,1.0,1.0,66.78922472200075,1.0748413514493771e-05,0.3712702614729128,89.39543031662775,430002.36070183443,1.0,1.0,1.0,1.0,1.0,1.0,False,583.2245999990846
53,3984,3984.0,validation,0.300833,89.735863615483,117.85989809000111,117.47295952082271,117.85989809000111,117.47295952082271,0.0,0.0,0.0,0.0,0.16800560436817996,0.16816781366697547,0.31340908017589525,0.30909710775384974,7.283246039779584e-05,1.012,liquid:instantaneous;sand:cumulative,1,0.5,2.0615241463163952e-16,2190.0265342025796,2197.084125952118,66.90082654208199,1.0763641264804499e-05,0.37155683362630654,89.39122211986019,430261.19552851375,1.0,1.0,1.0,1.0,1.0,1.0,66.39594058621782,1.0897553378551555e-05,0.3621577195888488,89.32781856126108,432374.11570655735,1.0,1.0,1.0,1.0,1.0,1.0,False,512.3324999949546
54,4059,4059.0,validation,0.2995010000000001,96.04907190138667,117.5566173338638,117.00819372535906,117.5566173338638,117.00819372535906,0.0,0.0,0.0,0.0,0.14657896510023974,0.14676055419525585,0.22392247011568078,0.21821264286125608,0.00015172067656270413,1.012,liquid:instantaneous;sand:cumulative,1,0.5,0.0,2264.5804670079615,2273.7588175259207,66.30585060011623,1.0887013306926788e-05,0.3627651209737871,89.3235881915672,432945.1141663088,1.0,1.0,1.0,1.0,1.0,1.0,65.62740963335342,1.1040660439115271e-05,0.35081725932598107,89.20379915778038,436184.0832322712,1.0,1.0,1.0,1.0,1.0,1.0,False,483.8873999979114
55,4134,4134.0,validation,0.300166,112.27082222857274,119.0326173786362,118.54621588151112,119.0326173786362,118.54621588151112,0.0,0.0,0.0,0.0,0.1647928642607923,0.1649161313409199,0.06022753744777151,0.055895142908655916,0.00036241748602893495,1.012,liquid:instantaneous;sand:cumulative,1,0.4999999999999999,1.9735833535148444e-16,2343.2210613785355,2351.9685087589473,65.595701020611,1.1054177829712654e-05,0.3504183243689489,89.19402773362307,436079.22484127164,1.0,1.0,1.0,1.0,1.0,1.0,65.03165203813982,1.1118139122986646e-05,0.3400961583199133,89.099430476505,438958.66022074874,1.0,1.0,1.0,1.0,1.0,1.0,False,478.7699000007706
56,4209,4209.0,validation,0.300501,112.60978446963827,118.29372594221404,117.86334754613026,118.29372594221404,117.86334754613026,0.0,0.0,0.0,0.0,0.17480881554162228,0.1748950769215922,0.05047466789271998,0.04665281175374637,0.0004211680087500661,1.012,liquid:instantaneous;sand:cumulative,1,0.5000000000000001,1.9345335635811216e-16,2422.320465943501,2428.5099898662934,65.08312965805447,1.1121992604472324e-05,0.3399253783113399,89.11983137516272,438816.79338459775,1.0,1.0,1.0,1.0,1.0,1.0,64.56785547482382,1.1162839517724168e-05,0.3321485937656313,89.01703409479246,441496.53986572905,1.0,1.0,1.0,1.0,1.0,1.0,False,484.86229999980424
57,4285,4285.0,validation,0.316834,112.70564926875032,116.6691443334035,116.3763653942815,116.6691443334035,116.3763653942815,0.0,0.0,0.0,0.0,0.1903289321304019,0.19038242601604502,0.03516678259136851,0.03256905176756706,0.00045231781402816425,1.012,liquid:instantaneous;sand:cumulative,1,0.5000000000000001,1.8957760378524794e-16,2496.688504373426,2500.819670733105,64.51823769869797,1.1148197764550613e-05,0.33260398759772114,89.01553691208949,440860.8072866961,1.0,1.0,1.0,1.0,1.0,1.0,64.17018841870521,1.1147342408975746e-05,0.3274816755575269,88.93383149354507,442898.7639369805,1.0,1.0,1.0,1.0,1.0,1.0,False,499.48890000086976
58,4360,4360.0,validation,0.316666,116.03461150981583,117.7595811263172,117.60552972737227,117.7595811263172,117.60552972737227,0.0,0.0,0.0,0.0,0.20374082280737127,0.20376079292175905,0.014865992086813225,0.013538358918222854,0.00046572445107353084,1.012,liquid:instantaneous;sand:cumulative,1,0.5,0.0,2569.2080748728567,2570.7036904422057,64.23945052886519,1.115579613218164e-05,0.3273789171459851,88.92327716974802,442935.80845929356,1.0,1.0,1.0,1.0,1.0,1.0,64.04404626468202,1.1165253477677106e-05,0.3251991721761213,88.88042756890746,443738.4494701296,1.0,1.0,1.0,1.0,1.0,1.0,False,487.79710000235355
59,4435,4435.0,validation,0.316832,112.51975549375679,118.68553445210424,118.21056097071278,118.68553445210424,118.21056097071278,0.0,0.0,0.0,0.0,0.21557359190943895,0.2156147157742937,0.05479730142756626,0.05057605619549843,0.0004369132673242162,1.012,liquid:instantaneous;sand:cumulative,1,0.5,0.0,2636.8891204246474,2639.490758195748,64.0052181852182,1.1151160603620674e-05,0.32534270177004077,88.87133557405856,443338.5855584809,1.0,1.0,1.0,1.0,1.0,1.0,63.33702670713741,1.1188345405292833e-05,0.31986015349718583,88.75172640521187,445082.0783700645,1.0,1.0,1.0,1.0,1.0,1.0,False,493.09160000120755
