id,condition,conclusion,action,page,evidence
R00001,砂比 15% 中砂时压力快速上升,发生砂堵风险,超压停泵,14,砂比 15% 中砂时，压力快速升至 93MPa，超压停泵，发生砂堵
R00002,高压应力得不到有效释放,设备事故,停泵整改,14,集聚的高压应力得不到有效释放...造成压裂中途停泵整改
R00003,15% 砂比进入地层且裂缝延伸受限,形成渐进性砂堵,放喷解堵或挤酸,15,当 15% 砂比进入地层后，中砂进一步堆积，形成渐进性砂堵...决定放喷解堵
R00004,压力升至 92MPa,超压,停泵,15,压力升至 92MPa，超压停泵
R00005,压力升至 91MPa 后快速回落到 56MPa,部分炮眼被疏通,继续挤入减阻水,15,压力升至 91MPa 后快速回落到 56MPa 表明部分炮眼被疏通，低排量继续挤入减阻水
R00006,加砂过程中施工压力出现逐步上升趋势,砂比加砂进入地层异常,增加隔离液量，实时控制砂比，待施工压力平稳后再逐步提升砂比,16,施工压力出现逐步上升趋势...应实时控制砂比
R00007,解堵过程中试挤无效,无法通过试挤解堵,采取放喷方式，利用地层压力反向冲刷炮眼,16,当试挤无效时，可采取放喷方式，利用地层压力反向冲刷炮眼
R00008,停泵时正处于携砂液进入井筒,井筒沉砂堵塞炮眼风险,整改后尝试挤入地层或放喷解堵,16,由于停泵时正处于携砂液进入井筒，井筒共沉砂 1.7 m³
R00009,压裂设备故障导致停泵、沉砂,发生砂堵,做好压裂设备的维护保养和检修工作,17,本井发生砂堵的主要原因是由于压裂设备故障导致停泵、沉砂
R00010,施工前期发生砂堵,放喷解堵的方式适应性较好,解堵后正常完成后续施工,17,本井在施工前期发生砂堵，在解堵后正常完成后续施工
R00011,层理发育储层且砂比达 13%,形成突然性砂堵,控制临界砂比，保证有效加砂,18,针对层理发育储层，做好降滤控缝工艺优化，并控制临界砂比
R00012,砂堵后试挤压力曲线呈弹簧状,解堵效果不理想,直接采用放喷处理,18,施工压力曲线为“弹簧状”变化，表明解堵效果不理想。施工中遇到砂堵情况，可直接采用放喷处理
R00013,解堵放喷,提高解堵施工效率,放喷液量可选择 0.5~1.0,18,通过放喷液 25m3 后，一次性解堵成功。解堵放喷液量可选择 0.5~1.0
R00014,加入砂比 3% 粉陶段塞压力升至 92MPa,出现砂堵现象,放喷和低排量试挤减阻水,19,压力 74MPa 升至 82MPa 再至 92MPa 超压停泵，出现砂堵现象
R00015,泵车旋塞阀刺漏,施工中断,停泵整改,19,泵车旋塞阀刺漏，停泵整改。
R00016,施工压力高，与限压差值小,导致砂堵,多种解堵方法共同作用,20,由于施工压力高，与限压差值小，导致砂堵...可采用多种解堵方法来共同作用
R00017,第 1 段压裂施工砂堵,解堵施工难度较大,采用多种解堵方法,20,由于本段为第 1 段施工，砂堵后解堵施工难度较大...可采用多种解堵方法来共同作用
R00018,转换胶液后砂比 16% 中砂进入裂缝且缝宽较窄,形成突然性砂堵,控制砂比或监测压力趋势,21,当转换胶液后，砂比 16% 的中砂进入裂缝后形成突然性砂堵...由于缝宽较窄
R00019,砂堵后经过二次放喷、试挤和二次连续油管冲砂仍未解堵,解堵难度增加,改变施工方式如连续油管射孔,21,经过二次放喷、试挤和二次连续油管冲砂，仍未完全解堵...决定采用连续油管射孔方式
R00020,需要转换液性施工,降低施工风险,将顶替足够的隔离液后再转换液性,22,若需要转换液性施工，应将顶替足够的隔离液后再转换液性
R00021,胶液进入井筒后压力快速上升,防止超压,降排量,22,为防止超压，降排量至 12m³/min，有效控制了压力升高趋势
R00022,第 1 段压裂施工,确保第 1 段压力施工能顺利完成,清洁钻井井筒污染,22,在各井第 1 段压裂施工时，应以清洁钻井井筒污染为主要目的
R00023,二次试挤均出现压力整体上升直到超压停泵,地层堵塞严重,采取连续油管冲砂,23,现场经过二次试挤，均出现压力整体上升，直到超压停泵，现场分析认为地层堵塞严重
R00024,压力上升速度较快,存在超压风险,降排量至 12m³/min,24,考虑压力上升速度较快，为避免超压，降排量至 12m³/min
R00025,压力出现 6.2MPa 陡降,产生新缝，裂缝系统改变,分析裂缝系统变化,24,压力出现 6.2MPa 的陡降，压力突降表明产生新缝
R00026,压裂砂堵后,过多试挤造成堵塞愈加严重,首先选择利用地层能力将砂堵冲开，返排到地面,25,压裂砂堵后应首先选择利用地层能力将砂堵冲开，返排到地面，过多试挤造成堵塞愈加严重。
R00027,胶液进入地层形成新的裂缝,降低地层滤失,适当使用粉陶进行小裂缝堵塞,25,胶液进入地层形成新的裂缝时可以适当使用粉陶进行小裂缝堵塞，降低地层滤失。
R00028,转胶后压力升 17.5MPa 且摩阻增加 6~8MPa 以上,增加的 11.5MPa 主要为胶液进入裂缝的摩阻,分析摩阻来源,26,该段转胶后压力升 17.5MPa，增加的 11.5MPa 主要为胶液进入裂缝的摩阻
R00029,压力出现缓慢上升趋势,地层已疏通,可进行试挤、压裂,27,当压力出现缓慢上升趋势时，说明地层已疏通，可进行试挤、压裂
R00030,缝宽较窄且高砂比粗砂进入困难,砂堵风险,优化调整转胶液时间和加砂砂比,27,本井发生砂堵的主要原因是由于缝宽较窄...优化调整转胶液时间和加砂砂比
R00031,采用直接试挤方式解堵,成功率较低,宜采用放喷解堵方式,27,采用直接试挤方式解堵成功率较低。宜采用放喷解堵方式
R00032,砂堵停泵,需要解堵,采用开井方式进行放喷解堵,28,砂堵停泵后，采用开井方式进行放喷解堵
R00033,三次试挤施工后仍未解堵成功,常规试挤无效,采用连续油管洗井冲砂方式进行解堵,28,经过三次试挤施工后，仍未解堵成功。决定采用连续油管洗井冲砂
R00034,施工压力较高，不能满足泵送作业要求,无法继续压裂,决定放弃该段压裂，采取连续油管传输座封桥塞及射孔施工,28,由于施工压力较高，不能满足泵送作业要求，因此决定放弃该段压裂
R00035,砂比 3% 粉砂携砂液 40m³ 进入地层,发生突然性砂堵,停泵处理,28,砂比 3% 粉砂携砂液 40m³ 进入地层后发生突然性砂堵
R00036,完井过程中套管附着油泥,影响压裂施工导致砂堵,用清洗剂对套管进行清洗,29,在完井过程中油基泥浆和丝扣油附着套管内壁...用清洗剂对套管进行清洗
R00037,试挤解堵不成功,油泥对裂缝堵塞严重,加长放喷时间,29,遇到类似情况，可加长放喷时间，令地层能量充分释放
R00038,长时间放喷后仍不能试挤解堵成功,需提高解堵效率,采取连续油管洗井冲砂方式,29,若长时间放喷后仍不能试挤解堵成功，即应及时采取连续油管洗井冲砂方式
R00039,施工压力较高（72.2MPa）,需打磨地层,采用低浓度 100 目粉陶打磨地层,30,由于施工压力较高（72.2MPa，先采用低浓度 100 目粉陶打磨地层
R00040,设备瞬间超压停泵,发生砂堵或通道狭窄,采用油嘴进行放喷,30,设备瞬间超压停泵...10:55~12:27 采用 12mm 油嘴进行第一次放喷
R00041,试挤压力升至 85MPa 以上且排量低,地层通道狭窄,继续放喷或试挤,30,压力从 18MPa 升至 85MPa。地层通道狭窄不能建立足够排量
R00042,加砂压裂施工,不能盲目提高砂比,考虑地层的实际情况,31,加砂压裂施工时不能盲目提高砂比，要考虑地层的实际情况
R00043,配置压裂液,工作液性能要达标,保证水质,31,配置压裂液所用的水要保证水质，配好后的工作液性能要达标
R00044,前期井筒处理,减少油基泥浆附着物影响,保障井筒干净,31,前期井筒处理，应保障井筒干净，减少油基泥浆附着物对下步施工的影响
R00045,粗砂进入地层且砂比 15%,施工压力快速上升,超压停泵,32,当最后一段砂比 15% 粗砂进入地层后，施工压力快速上升...超压停泵
R00046,试挤不成功,解堵未成功,停止施工,32,试挤不成功...停止施工，解堵未成功
R00047,降排量后压力仍有上升趋势,压力异常,停止施工,33,降排量至 2m³/min，压力 57~60MPa，仍有上升趋势。停止施工
R00048,解堵未成功,故障未消除,下步再试挤,33,停止施工，解堵未成功。...停止施工，下步再试挤
R00049,转换到 30/50 目粗砂加砂施工,粗砂对地层裂缝缝宽尺寸要求更大,适当降低砂比，且携砂液量不易过大,34,在转换到 30/50 目粗砂加砂施工时，应考虑在前一个中砂砂比基础上，适当降低砂比
R00050,第一次试挤时间过短，液量也较小，且并未替酸,试挤效果不佳，未解堵成功,在能够建立小排量试挤的前提下替酸,34,第一次试挤时间过短，液量也较小，且并未替酸，因此试挤效果不佳
R00051,在试挤过程中,可将试挤压力控制在 85 MPa,以达到解堵效果,34,在试挤过程中，可将试挤压力控制在 85 MPa 以达到解堵效果
R00052,压力骤升至限压 90 MPa,砂堵,停泵,35,压力骤升至限压 90 MPa，砂堵停泵
R00053,砂堵停泵,井筒存砂风险,连续油管洗井冲砂,35,10~11 日，采用连续油管洗井冲砂，管柱结构：φ73mm 四眼喷嘴
R00054,二次压裂排量升至 14m³/min 或 10m³/min 时施工压力达 80MPa,地层可能存在近井污染或近井裂缝扭曲,分析原因,36,排量升至 14m³/min、10m³/min 时，施工压力达 80MPa，表明地层可能存在近井污染，或近井裂缝扭曲
R00055,砂比 3% 的粉陶段塞进入地层后压力上升,地层对于砂比的敏感性较高,观察地层对砂比的敏感度，适当调整后续砂比的用量,36,砂比 3% 的粉陶段塞进入地层后，压力上升明显，地层对于砂比的敏感性较高
R00056,第 1 段压裂施工,砂堵高风险发生阶段,注意井筒清洁程度,36,第 1 段压裂施工是砂堵高风险发生阶段，主要是井筒清洁程度差
R00057,出现酸降，压力较稳定后,可以提排量加砂,迅速提排量至设计排量，加入低砂比段塞,36,出现酸降，压力较稳定后，迅速提排量至设计排量，当排量稳定并打足前置液后加入低砂比段塞
R00058,第一次压裂施工砂堵,第二次压裂施工应该及时调整施工参数,提高前置液数量，提高地层能力,37,第一次压裂施工砂堵，第二次压裂施工应该及时调整施工参数
R00059,第一次压裂施工时砂比 3% 的粉陶段塞进入地层后,压力上升明显，施工压力 76MPa 升至 85MPa,及时降低排量,38,压力上升明显，施工压力 76MPa 升至 85MPa，及时降低排量
R00060,裂缝发育位置较多的井段,砂堵风险高,提高前置液用量，降低后期压裂滤失,38,裂缝发育位置较多的井段，注意加强砂堵风险的预防，提高前置液用量
R00061,加砂期间压力无明显下降且加砂量达 34m³后压力上升,砂堵风险,停止加砂,39,加砂期间压力无明显下降，加砂量达 34m³后，发现压力有上升趋势，停止加砂
R00062,顶替阶段施工压力直线上升且降排量无压降趋势,确认砂堵,迅速降排量,39,顶替阶段，施工压力直线上升...无压降趋势，上升依然剧烈，迅速降排量
R00063,砂堵后,需解堵,开井放喷后用减阻水试挤,39,砂堵后，开井放喷 0.5h 后用减阻水试挤，解堵成功
R00064,前置液阶段,保证前期开启的裂缝有足够缝宽,快速提升排量,40,前置液阶段应该快速提升排量，保证前期开启的裂缝有足够缝宽
R00065,发生砂堵停泵,解堵,采用放喷解堵方式,40,发生砂堵停泵后，采用放喷解堵方式
R00066,施工压力大幅上升,缓解压力,降排量加粉砂,40,施工压力大幅上升...后采取降排量加粉砂的方法继续施工
R00067,胶液性能不达标,确保各项性能满足压裂要求,加强压裂液的质量监控工作,40,加强压裂液的质量监控工作，确保各项性能满足压裂要求
R00068,砂比 7% 中砂进入地层且人工裂缝缝宽窄,施工压力快速上升，形成突然性砂堵,控制砂比浓度或进行解堵施工,41,人工裂缝缝宽窄，对砂比浓度较为敏感。当砂比 7% 中砂进入地层后，施工压力快速上升，形成突然性砂堵。
R00069,井筒油泥污染严重,裂缝被油泥堵塞，压力波动,进行试挤施工解堵,41,井筒油泥污染最为严重，这种污染可以使压开的裂缝被油泥所堵塞，因此造成压力波动。
R00070,各井第 1 段均存在较严重的井筒油泥污染情况,提高了整段压裂施工的风险,在前期的井筒清理中，要采取相应的措施,42,各井第 1 段均存在较严重的井筒油泥污染情况...提高了整段压裂施工的风险
R00071,若在各井第 1 段压裂施工中发生砂堵情况,放喷解堵成功难度通常较大,施工过程中控制好压力变化，尽量避免砂堵发生,42,若在各井第 1 段压裂施工中发生砂堵情况...放喷解堵成功难度通常较大
R00072,若一旦发生砂堵,应采取放喷、试挤的方式进行解堵,要在低排量下耐心试挤，不要急于升排量,42,若一旦发生砂堵，应采取放喷、试挤的方式进行解堵
R00073,若多次解堵均未成功,常规解堵无效,采取连续油管冲砂的方式进行解堵,42,若多次解堵均未成功，则可采取连续油管冲砂的方式进行解堵
R00074,砂堵后放喷及试挤无效,始终无法解堵,采用连续油管冲砂,43,但均未试挤成功，始终无法解堵，采用连续油管冲砂方式成功解堵
R00075,各井第 1 段压裂施工,砂堵后采取放喷解堵时，成功几率明显低于其他段,适当降低加入支撑剂的砂量及砂比,44,建议在各井第 1 段压裂施工时，以清除井筒污染为主要目的，根据施工压力适当降低加入支撑剂的砂量及砂比
R00076,中砂阶段施工压力明显上升,保证裂缝正常延伸,转加粉砂进行施工,45,若在中砂阶段出现施工压力明显上升的现象时，可转加粉砂进行施工
R00077,砂堵后,疏通缝内及缝口“砂桥”,进行放喷处理,45,在砂堵后进行放喷处理，可充分利用地层能量，有效地对缝内及缝口“砂桥”进行疏通
R00078,试挤过程中,建立稳定的试挤排量,先利用减阻水进行试挤,45,在试挤过程中，先利用减阻水进行试挤，保证可以建立稳定的试挤排量
R00079,酸进入地层后,解除砂堵,逐步提升试挤排量,45,当酸进入地层后，可根据施工压力情况逐步提升试挤排量，将井筒内残留支撑剂挤入地层，解除砂堵
R00080,施工压力急速上升超压停泵,发生砂堵,采用放喷方式解堵,46,施工压力急速上升...超压停泵，发生砂堵...决定采用放喷方式解堵
R00081,解堵替酸前,判断是否可以在稳定的试挤压力下试挤盐酸,先小排量试挤减阻水,47,但在解堵替酸前，应先小排量试挤减阻水，观察压力及排量情况
R00082,盐酸进入地层后跟地层中的碳酸盐物质反应,可有效降低施工压力,提高试挤排量，成功解堵,47,盐酸进入地层后，跟地层中的碳酸盐物质反应，可有效降低施工压力
R00083,采用先试挤盐酸再顶替减阻水的办法,提高解堵效率和降低施工风险,解堵,47,采用先试挤盐酸，再顶替减阻水的办法解堵，可更好的提高解堵效率
R00084,施工压力较高且压力波动较大,存在施工异常风险,停泵替酸后放喷并加入暂堵剂,48,整体施工压力较高...压力波动较大...停泵重新替酸...放喷 1h 后继续施工，连续加入 6 段粉陶段塞
R00085,转加中砂后施工压力急剧上升,发生砂堵,停泵放喷试挤解堵,48,转加中砂后...施工压力由 73MPa 升至 95MPa...发生砂堵...采取放喷、试挤的方式解堵
R00086,类似穿行层位及施工特征,砂堵风险高,增大前置液处理量，适当降低排量,49,对于类似穿行层位及施工特征时，可增大前置液处理量，可适当降低排量
R00087,加入中砂时,裂缝对中砂较为敏感,不宜提升砂比过快，采取低砂比长段塞试探加砂,49,在加入中砂时，不宜提升砂比过快，可采取低砂比长段塞试探加砂
R00088,试挤解堵过程中,排量提升过快导致超压,酸进地层前，保证排量稳,49,在以后的试挤解堵过程中，酸进地层前，保证排量稳
R00089,酸进入地层后,可提高试挤解堵施工的有效成功率,适当加快提升排量的速度,50,待酸进入地层后，可适当加快提升排量的速度，以提高试挤解堵施工的有效成功率
R00090,施工压力升至 95MPa,发生超压停泵,放喷解堵,50,施工压力 73MPa 升至 95MPa，超压停泵...18 日放喷解堵
R00091,试挤过程中施工压力升至 94MPa,解堵未成功,停止施工,51,施工压力升至 94MPa。停泵再开始，排量 0.5m³/min，施工压力 85MPa，总液量 116.8m³，停止施工，解堵未成功
R00092,试挤解堵未成功,需采取冲砂补孔措施,连续油管冲砂后补孔重新压裂,52,经讨论决定先采用连续油管冲砂后，再采取电缆泵送方式补孔二簇后重新压裂
R00093,施工压力突升至 96MPa 且 砂比 10%,造成砂堵,超压停泵,53,突升至 96MPa，砂比 10%，超压停泵，造成砂堵
R00094,试挤 3 次无效,近井地带被堵死,连续油管冲砂后重新压裂,55,试挤 3 次无效后，连续油管冲砂后重新压裂
R00095,施工中发生砂堵现象,施工难度较大,做好液体、支撑剂等压裂材料的现场质量监督工作,55,针对本段施工中发生的砂堵现象，可以看出在③号小层施工过程中，施工难度较大。要做好液体、支撑剂等压裂材料的现场质量监督工作
R00096,本段为该井第 2 段,井筒及储层可能存在污染和伤害,压裂施工时应充分考虑这些因素,56,由于本段为该井第 2 段，井筒及储层可能存在一些前期钻井带来的污染和伤害
R00097,本段为该井第 2 段施工,地层能量相对不足,放喷解堵的成功率受到影响,56,由于本段为该井第 2 段施工，地层能量相对不足，因此放喷解堵的成功率受到影响
R00098,砂堵后,需解堵,采取放喷解堵,57,砂堵后采取放喷解堵，放喷液量 32\mathrm{m}^3 32\mathrm{m}^3
R00099,形成弹簧状试挤曲线,解堵未成功,停止施工,57,形成“弹簧状”试挤曲线。酸降压力由 80\mathrm{MPa} 80\mathrm{MPa} 降至，停止施工
R00100,试挤排量提升且施工压力大幅上升,解堵未成功,停止施工,58,施工压力 46MPa 升至 87MPa，停止施工，解堵未成功
R00101,解堵未成功,需再次尝试,放喷后继续试挤,58,放喷后，继续试挤
R00102,施工排量足够清理井筒内沉砂,解堵成功,满足泵送桥塞要求,59,施工排量足够清理井筒内沉砂，并满足泵送桥塞要求，解堵成功。
R00103,施工过程中施工压力波动较大,尽量避免在第 1 段施工过程中出现砂堵现象,及时控制砂比及排量,60,施工过程中若施工压力波动较大，应及时控制砂比及排量，尽量避免在第 1 段施工过程中出现砂堵现象
R00104,试挤过程中条件允许,提高试挤施工的成功率,尽可能的提高排量和压力,60,在试挤过程中可在条件允许的前提下，尽可能的提高排量和压力进行试挤，以提高试挤施工的成功率
R00105,各井第 1 段压裂施工,受井筒“油泥”影响最严重,以处理井筒为主要目的,60,各井第 1 段都是受井筒“油泥”影响最严重的施工井段，因此建议在各井的第 1 段压裂施工中，以处理井筒为主要目的
R00106,砂比 6%、7%，排量从 15m³/min 升至 16m³/min,施工压力直线上升,迅速降排量至 12m³/min,61,砂比 6%、7%，排量从 15m³/min 升至 16m³/min，施工直线上升，迅速降排量至 12m³/min
R00107,试挤施工压力过高且解堵不成功,可能存在砂堵,连续油管冲砂解堵,62,解堵不成功... 连续油管冲砂解堵施工
R00108,施工压力过高,井口压力异常风险,套管敞放,62,因施工压力过高，套管敞放
R00109,压裂前期造缝效果不佳,造缝效果差,适当增加段塞，多加粉陶,63,对压裂前期造缝效果不佳，可适当增加段塞，多加粉陶
R00110,压力有持续增高的趋势,泵压异常升高,采取降排量、挤酸的方式降低泵压,63,若压力有持续增高的趋势，可采取降排量、挤酸的方式降低泵压
R00111,升砂比和升排量,施工操作,分开实施,63,建议升砂比和升排量分开实施
R00112,砂堵停泵后,发生砂堵故障,放喷液量为 0.5~1 倍的井筒容积,63,根据放喷液量为 0.5~1 倍的井筒容积，因此确定放喷液量 40m³
R00113,高砂比中砂进入地层后施工压力上升,砂堵风险,增大隔离液，降低中砂砂比或者转加粉砂,64,当在高砂比中砂进入地层后，若施工压力上升，采用增大隔离液，降低中砂砂比或者转加粉砂的手段来抑制
R00114,出现砂堵,近井地带憋压,采用放喷的方法,64,而在出现砂堵后，采用放喷的方法，可以使地层压力在炮眼处形成反向冲刷，使近井地带的“憋压”得到释放
R00115,再次开泵试挤减阻水阶段建立稳定排量,提高试挤解堵效率,及时替酸，降低试挤压力,64,当再次开泵试挤时，若能在减阻水阶段建立稳定排量，及时替酸，降低试挤压力，可大大提高试挤解堵效率
R00116,再次转加中砂后施工压力节节攀升,发生砂堵风险,超压停泵，采取放喷、试挤的方式解堵,65,再次转加中砂后，施工压力节节攀升，最终...超压停泵，发生砂堵...采取放喷、试挤的方式解堵
R00117,转加中砂施工压力上升明显,地层裂缝中已发生桥堵,监测压力变化,66,当再次转加中砂时，施工压力仍上升明显，反映出地层裂缝中已发生桥堵
R00118,二次放喷试挤未解堵成功,常规解堵无效,采用连续油管冲砂试挤解堵,66,经过二次放喷、试挤未解堵成功，决定采用连续油管冲砂试挤解堵
R00119,液体滤失增大且裂缝缝宽窄,发生砂堵风险,控制砂比或调整施工参数,66,随着液体滤失的不断增大...导致所开启的裂缝缝宽窄...发生砂堵
R00120,穿行于②号小层，层理缝发育，液体滤失较大，靠近高应力条带,裂缝开启及延伸难度增大,增大前置胶液用量，在中砂施工阶段，主动加粉砂,67,本井由于穿行于②号小层，层理缝发育，液体滤失较大...导致裂缝开启及延伸难度增大。应增大前置胶液用量
R00121,试挤解堵过程中，尤其是各井前 3 段压裂施工时,防止施工压力过快超压,避免过快地提升试挤排量,67,在以后的试挤解堵过程中（尤其是在各井前 3 段压裂施工时），应避免过快地提升试挤排量
R00122,能建立起一个稳定替酸排量（1.0~2.0m³/min）,避免“弹簧状”试挤曲线的出现,开始替酸,67,在能建立起一个稳定替酸排量（1.0~2.0m³/min）后开始替酸，以避免“弹簧状”试挤曲线的出现
R00123,中砂阶段砂比提升至 6% + 7% 进入地层,施工压力急速上升，发生砂堵,超压停泵,68,当第五个中砂段塞砂比（6% +7%）进入地层后，施工压力急速上升...超压停泵
R00124,三次放喷、试挤未解堵成功,常规解堵无效,采用连续油管冲砂试挤解堵,68,经过三次放喷、试挤未解堵成功，决定采用连续油管冲砂试挤解堵
R00125,所配液体在井场放置过久,发生变质影响施工效果,避免所配液体在井场放置过久,69,避免所配液体在井场放置过久发生变质，影响施工效果
R00126,施工前,确保液体性能满足压裂要求,对液体性能进行检测,69,施工前要对液体性能进行检测，确保液体性能满足压裂要求
R00127,砂比增加超过临界砂比,施工压力大幅上升和波动,控制砂比,69,当砂比增加超过临界砂比后，施工压力大幅上升和波动
R00128,压力曲线斜率瞬间增加且压力陡升,发生砂堵,超压停泵,70,突然压力曲线的斜率瞬间增加，压力陡升至 96.69MPa，超压停泵，发生砂堵
R00129,试挤压力陡增,井筒仍堵,放喷,70,施工压力接着陡增至 89.15MPa，再次停泵，现场决定放喷
R00130,施工压力升后显示下降趋势,已解堵,停砂,70,施工压力升至 81.17MPa 后显示出下降趋势，说明已解堵，停砂
R00131,加砂后压力一直成上升趋势,裂缝未能有效延伸,关注砂堵风险,71,从开始加 40/70 目覆膜陶粒后压力就一直成上升趋势
R00132,施工压力曲线斜率突然增大,发生砂堵,超压停泵,71,施工压力曲线的斜率突然增大，施工压力陡升至 102.7MPa，超压停泵
R00133,试挤压力升至后显示出下降趋势,已解堵,顶替后停泵,71,压力升至 78.00MPa 后显示出下降趋势，说明已解堵
R00134,加砂后期施工压力呈现上升趋势,操作不及时造成砂堵或操作过快导致排量波动大造成砂堵,提前阶段降排量,72,对于加砂后期施工压力呈现上升趋势的时候，应该提前阶段降排量，以防造成砂堵
R00135,泥质含量高、物性差的地层,实现有效控压,先期造缝应使用高黏胶液,72,对于泥质含量高、物性差的地层，先期造缝应使用高黏胶液，扩展缝宽和延伸裂缝
R00136,地层对于砂比比较敏感,高砂比阶段砂子堵在裂缝的端口,控制砂比,72,这些数据说明地层对于 5% 的砂比比较“敏感”...控制砂比，实现有效控压
R00137,中砂转粗砂阶段施工压力快速上升,支撑剂粒径变化引起的近井地带堵塞,快速放喷方式进行解堵,73,砂堵发生在中砂转粗砂阶段...判断砂堵原因为支撑剂粒径变化...采用快速放喷
R00138,地层裂缝发育的井段，在转换不同粒径支撑剂的时候,地层对高砂比产生敏感,先降低砂比及段塞量，试探性加入第一个段塞,74,地层裂缝发育的井段，在转换不同粒径支撑剂的时候，可先降低砂比及段塞量
R00139,在裂缝近端及炮眼处发生砂堵,需疏通砂堵通道,采取快速短暂放喷的方式解堵,74,在裂缝近端及炮眼处发生砂堵可采取快速短暂放喷的方式解堵。
R00140,针对这类层理发育地层,避免开启过多层裂缝,可采取降低排量工艺,75,针对这类层理发育地层，可采取降低排量工艺，控制缝内延伸压力，避免开启过多层裂缝
R00141,解堵时,提高解堵成功的效率,可采用大油嘴直到敞放方式放喷,75,解堵时可采用大油嘴直到敞放方式放喷，以充分利用地层能量对发生堵塞的部位进行反向冲刷
R00142,敞放时,确保压裂施工效果,注意观察放喷口的出砂情况,75,但在敞放时应注意观察放喷口的出砂情况，尽可能减少支撑剂返出
R00143,加砂后施工压力迅速升至 94.86MPa,发生砂堵,停泵放喷,76,该段进地层后施工压力迅速升至 94.86MPa，停泵，发生砂堵
R00144,试挤后施工压力显示下降趋势,已解堵,停止加砂顶替,76,施工压力升至 86.15MPa 后显示出下降趋势，说明已解堵，停止加砂
R00145,加砂后期施工压力呈现上升趋势,操作不及时造成砂堵或操作过快导致排量波动大,提前阶段降排量,77,对于加砂后期施工压力呈现上升趋势的时候，应该提前阶段降排量，以防...造成砂堵
R00146,泥质含量高、物性差的地层,施工压力上升过快,使用高黏胶液，增加粉陶段塞用量，控制砂比,77,对于泥质含量高、物性差的地层，先期造缝应使用高黏胶液...控制砂比，实现有效控压
R00147,开始加 40/70 目覆膜陶粒后施工压力一直呈上升趋势,裂缝未能有效延伸，形成渐进型砂堵,及时调整泵注程序,77,从开始加 40/70 目覆膜陶粒后施工压力就一直呈上升趋势...形成最后的“渐进型”砂堵
R00148,低压管线使用时间过长且携砂液打磨,管线承压能力降低导致断裂风险,更换管线并试压合格,78,低压管线使用时间过长...从而导致管线的断裂。对管线进行更换，并试压合格
R00149,混砂车低压管汇打爆,无法继续加砂施工,停止主混砂车加砂，使用备用混砂车顶替,78,480 型混砂车低压管汇打爆...停止主混砂车加砂；继续使用备用混砂车进行顶替
R00150,施工中管线抖动,由壬松动盘根破裂,确保地基平实垫着力点,79,连接高压流程时应确保地基平实，同时弯头等活动部位要垫在着力点
R00151,发现刺漏,支撑剂全部进入地层,泵注减阻水后停泵整改,79,泵注一个井筒容积减阻水后再停泵整改...支撑剂全部进入地层
R00152,每段高压施工后,无,检查高压连接部位的由壬松紧,79,每段高压施工后，检查高压连接部位的由壬松紧
R00153,施工前,无,对施工管线进行严格试压,79,施工前对施工管线进行严格试压
R00154,检泵时未检查盘根裂纹且高压流体冲刷,盘根刺漏风险,解泵时仔细检查易损件，每施工一段尽量更换,80,检泵时未检查到盘根有裂纹...导致最终刺漏
R00155,高压管件使用时间过长,刺漏风险,做好高压管件使用台账，注意观察、更换,80,做好高压管件使用台账，关注高压管件使用情况
R00156,试压时发现外漏点,有问题,及时更换,80,试压时巡视人员仔细检查外漏点，有问题及时更换
R00157,螺杆使用时间较长且长期震动,螺杆产生金属疲劳风险,定期更换所有压裂车的排出法兰和连接螺杆,81,针对这个问题主要采取两种措施降低风险：（1）定期更换
R00158,施工压力突降到 0,发生设备断裂故障,立即停泵并关闭井口闸门,81,施工压力突降到 0，紧急停车...关井口 4 号闸门
R00159,压裂车高压工作时间长,高压件疲劳风险增加,合理分配每台车的排量,81,考虑压裂车高压工作时间长...合理分配每台车的排量
R00160,螺杆质量问题或疲劳极限,螺杆断裂风险,更换螺杆及同批次部件,82,更换该批次全部法兰盘螺杆
R00161,施工前,设备故障风险,做好车辆及高压管线连接部位的检查,82,施工前做好车辆及高压管线连接部位的检查
R00162,设备配件更换前,质量风险,做好进货质检,82,设备配件更换前做好进货质检
R00163,压裂施工中车辆抖动,设备部件磨损,增加千斤顶,82,给 3000 型压裂车增加千斤顶
R00164,高压弯头爆裂,施工中断,紧急停车并更换部件,82,紧急停车...更换高压弯头
R00165,高压件使用一定时间,需降级使用,按要求降级使用,83,使用一定时间后按要求降级使用
R00166,高压件爆裂,存在伤人及环境风险,制定应急措施并演练,83,制定高压件爆裂应急措施并演练
R00167,开工验收,必须检查高压件,把高压件检查作为必检项目,83,把高压件检查作为开工验收的必检项目
R00168,泵车排出法兰螺杆断裂,施工异常,立即停泵，关井,83,立即停泵，关井
R00169,出现异常情况,设备故障风险,泵车、混砂车立刻停泵，关井,84,一旦出现异常情况，泵车、混砂车立刻停泵，关井
R00170,压裂施工前,确保连接安全,用专用工具紧固法兰螺杆,84,压裂施工前，用专用工具紧固法兰螺杆
R00171,施工期间,人员安全风险,严禁进入高压区内,84,施工期间，加强巡视工作，严禁进入高压区内
R00172,高压流程中弯头应力集中,壁厚制造工艺影响性能,定期监测并选择质量有保障产品,85,高压流程中，弯头是一个应力集中的管件...选择工艺成熟、质量有保障的弯头产品
R00173,压裂期间,存在管件爆裂伤人风险,禁止人员在周边工作或活动,85,压裂期间，禁止人员在周边工作或活动
R00174,管件爆裂风险,可能伤人,设置优化能量缓冲装置,85,设置、优化能量缓冲装置，防止管件爆裂伤人
R00175,高压件试压不合格,严禁使用,禁止投入施工,86,施工前对高压件进行试压，试压不合格严禁使用
R00176,高压件超期服务,严禁使用,禁止现场使用,86,严禁使用超期服务的高压件
R00177,高压件未经第三方检测,严禁使用,禁止现场使用,86,严禁没有经第三方检测的高压件在现场使用
R00178,压裂施工高压区,安全风险,安装防护钢板,86,压裂施工高压区周围安装防护钢板
R00179,水平井井眼轨迹复杂、水平段长、工艺难度大,泵送桥塞 - 射孔联作施工困难,增加处理井下复杂情况与故障的时间,87,这些因素的存在，既增加了处理井下复杂情况与故障的时间，又延长了施工周期
R00180,张力突然升高且施工压力突然升高,工具串井下遇阻,试起工具串或冲洗井筒,88,张力由 4.8kN 突然升至 11kN，施工压力突然由 42MPa 升至 65MPa
R00181,反复试提无行程且压力不降,桥塞座封,点火丢掉桥塞或剪断电缆,88,反复试提 4 次均无行程，判断桥塞座封
R00182,井口溢流 0.20~0.30m^3/min,井控风险,关闭流程，带压起打捞油管,89,井口溢流，溢流量 0.20~0.30m^3/min；21:20 关闭流程，带压起打捞油管 60 根
R00183,注液压力 0.2MPa 升至 17MPa,桥塞状态验证成功,停泵后观察 10min,89,井口压力 0.2MPa 升至 17MPa，停泵后观察 10min，压力不降
R00184,泵送排量与工具下放速度不匹配,桥塞中途座封,摸索合理的泵送排量、下放速度,90,泵送排量与工具下放速度不匹配，造成桥塞中途座封
R00185,桥塞遇阻后,处理措施不当,不应反复泄压、打压,90,桥塞遇阻后，对该工艺技术认识不足，处理措施不当
R00186,丢手作业前,未能很好地进行技术交底,明确要求施工队每道工序前进行技术交底,90,在丢手作业前，未能很好地进行技术交底
R00187,压力上升很快，扩散的很慢,桥塞已经座封，但座封不完全,安装钻机,91,每次压力上升很快，扩散的很慢，可以初步判断桥塞已经座封，但座封不完全
R00188,下放钻具遇阻且悬重变化,可能捞获落鱼,上下活动钻具尝试解卡,92,3:30 下放钻具到井深 2500.08m 遇阻...悬重 500kN 降至 450kN...捞获落鱼
R00189,钻磨无进尺,磨鞋可能磨损或故障,起出检查工具,92,25 日 18:00 钻磨到井深 3133.2m 无进尺。26 日 2:00 起出磨鞋检查
R00190,遇卡且泵压升高解卡无效,存在砂卡风险,循环降密度并替酸活动解卡,93,27 日遇卡泵压升至 24MPa 解卡无效...30 日循环降密度...替 20% 盐酸...解卡成功
R00191,连接防喷管时未检查限位顶丝,高压下剩余丝扣不足以支撑井筒压力,及时对防喷管的内由壬母扣上的限位顶丝进行检查,94,没有及时对防喷管的内由壬母扣上的限位顶丝进行检查
R00192,内由壬接头未完全上到位且井筒压力高,上部防喷管被井筒压力突然顶开,确保内由壬接头完全上到位,94,当井筒压力到达剩余内由壬丝扣的极限值时，上部防喷管被井筒压力突然顶开
R00193,施工压力随排量增加而缓慢增加，稳压稳不住,验封失败,重新泵送工具串,95,施工压力随排量增加而缓慢增加，稳压稳不住，验封失败
R00194,工具串遇卡，反复活动解卡无效,需辅助解卡,通过针阀控制卸套压解卡,95,解卡无效，同时通过针阀控制卸套压解卡
R00195,上提过程中电缆出现大抖动，张力骤降,解卡成功,继续上提,95,电缆出现大抖动，张力由 11.0 kN 降至 3.0 kN，解卡成功，继续上提
R00196,泵入重泥浆后井口压力降为 0,考虑地层微渗漏,立即打开井口处理电缆,96,停泵观察，井口压力降为 0，考虑地层微渗漏，立即打开井口处理电缆
R00197,工具串以下重浆已沉淀,大部分通道被堵死,停泵观察出口溢流量,96,分析工具串以下的重浆已沉淀，大部分通道被堵死。停泵观察出口溢流量
R00198,泥浆的重晶石粉沉淀,冲砂较困难,未下到鱼顶深度,96,分析是泥浆的重晶石粉沉淀，内钩的槽片较长，冲砂较困难。未下到鱼顶深度
R00199,鱼顶以上有遇阻现象,电缆缠绕了打捞工具,捞获电缆,97,鱼顶以上有遇阻现象，分析是电缆缠绕了打捞工具...捞获电缆 33m
R00200,套铣进尺 0.16m 时憋钻,悬重升至 480kN 后降至 400kN,上提管柱,97,进尺 0.16m 时憋钻。上提管柱，悬重 400kN 升至 480kN 后降至 400kN
R00201,外钩插入到鱼顶的马笼头和套管的空间且转动管柱,抓齿变形,分析工具损坏原因,99,分析是外钩插入到鱼顶的马笼头和套管的空间，转动管柱时抓齿变形
R00202,遇卡且环空有铁屑,管柱活动受限,活动管柱循环洗井,100,480kN 遇卡，分析是套铣筒和套管环空有铁屑，活动管柱循环洗井
R00203,打捞时悬重升高,可能捞获落鱼,起钻检查,100,上提管柱悬重 400kN 升至 480kN，捞获 0.1m 电缆
R00204,连续油管下放遇阻,井筒存在障碍或摩阻过大,上提下放开泵通过,101,期间在 3862.0m、3957.0m 遇阻，上提下放开泵通过
R00205,底部加压遇阻深度不变,井底存在硬障碍或卡钻,循环减阻水洗井,101,4258.0m 加压 20kN 遇阻，复探深度不变...开泵循环减阻水
R00206,泵送过程遇阻卡,井下情况复杂化,切勿采取放喷泄压的方式解卡,102,泵送过程遇阻卡，切勿采取放喷泄压的方式解卡，以免造成井下情况复杂化
R00207,压井前,只有泥浆合格了才能入井,一定要调整好泥浆性能,102,压井前一定要调整好泥浆性能，只有泥浆合格了才能入井
R00208,井内电缆长度不清楚,不能套铣鱼头,根据打捞情况判断井下的电缆长度,103,对井内电缆长度不清楚的情况下，不能套铣鱼头
R00209,电缆从电缆头弱点脱出,直接下打捞筒打捞,打捞出电缆后判断脱出位置,103,能判断电缆从电缆头弱点脱出则直接下打捞筒打捞
R00210,类似事件打捞,避免压井,尽量采用连续油管打捞,103,做好连续油管打捞的技术调研工作，尽量采用连续油管打捞
R00211,每下井 2 次,线路绝缘风险,注入足量硅脂,104,每下井 2 次就对电缆头注入足量硅脂，确保线路绝缘
R00212,每下井 6 次,电缆头绝缘风险,重做电缆头,104,每下井 6 次重做电缆头，更换电缆头配件
R00213,上提电缆时发现张力异常,井下工具遇卡,确认遇卡并处理,104,上提电缆时发现张力异常...射孔队工程师确认井下工具遇卡
R00214,泵送压力有明显波动且位于水平段,井筒内沉砂堆积形成砂桥,分析顶替是否彻底,105,泵送压力有明显波动，推测是由于桥塞在水平段泵送过程中...形成砂桥
R00215,上提电缆张力缓慢上升且停绞车张力立即恢复,判断为软卡,检查桥塞周围是否有压裂砂,105,上提电缆时，电缆张力缓慢上升...停绞车时张力立即恢复，可判断为软卡
R00216,座封桥塞时电缆张力下降不明显,桥塞在砂堆中座封存在滑移现象,验证座封效果,105,座封桥塞时电缆张力下降不明显，可进一步验证桥塞在砂堆中座封存在滑移现象
R00217,桥塞未下到设计深度,需认真分析,采取合理化处理措施，避免盲目起电缆,106,针对桥塞未下到设计深度的情况...采取合理化处理措施
R00218,每段压裂结束,便于后续施工,采用过顶替彻底清理井筒,106,建议每段压裂结束，采用过顶替彻底清理井筒
R00219,张力突然降低且井口压力升高,工具串遇卡,紧急停泵、停车,106,发现张力突然降低...紧急停泵、停车
R00220,回油流量太小,遇卡原因是回油管线被堵,检查回油管线,107,检查回油管线，发现回油流量太小，确定遇卡原因是回油管线被堵
R00221,连续油管加压遇阻,施工压力异常,减阻水正循环洗井,107,22:40 下连续油管加压 20kN 遇阻，深度 4104.00m，减阻水正循环洗井
R00222,施工中发现出井工具串有带砂,防喷盒内可能积累压裂砂,冲洗回油管线并清理防喷盒密封胶芯,108,施工中发现出井工具串有带砂的情况，要在下次施工前冲洗回油管线
R00223,压裂完成之后,井筒内可能有残余压裂砂,尽量以大排量顶替,108,压裂完成之后，尽量以大排量顶替以保证顶替效果，尽量清理井筒内残余压裂砂
R00224,不同井段不同井斜下,施工难度和风险不同,泵送参数与电缆起下速度一致,108,不同井段，不同井斜下，泵送参数与电缆起下速度一致
R00225,泵送桥塞时 CCL 曲线异常、张力异常、压力升高,工具落井,起电缆检查,109,CCL 曲线异常、张力异常，排量由 0.4m3/min 升至 1.8m3/min，施工压力由 28.61MPa 升至 58.63MPa
R00226,电缆遇卡变形严重,电缆打扭,剪掉电缆打扭部分，重新连接,109,电缆变形严重，工具落井...剪掉电缆打扭部分，重新连接电缆
R00227,泵送桥塞遇阻且泵压升高,工具串可能受损或井筒异常,起出工具串检查,110,遇阻，施工压力 58MPa... 起出工具串，检查无明显磨损
R00228,射孔点火不成功,发射率不足,下连续油管补射孔,110,第一枪点火不成功... 下连续油管补射孔
R00229,发现 CCL 曲线异常、张力异常,未采取任何措施,盲目施工,111,发现 CCL 曲线异常、张力异常的情况下未采取任何措施，盲目施工
R00230,压裂车供液连接管线不紧凑,尾部流速降低而含砂,地面流程整改,111,压裂车供液连接管线不紧凑，导致尾部流速降低而含砂。对地面流程进行了整改
R00231,施工过程中有异常,存在施工风险,及时停泵,112,施工过程中有异常及时停泵
R00232,压裂地面管线流程和泵送桥塞 - 射孔联作施工共用流程,需优化管线布局,尽量缩短地面流程管线,112,压裂地面管线流程和泵送桥塞 - 射孔联作施工共用流程时，尽量缩短地面流程管线
R00233,不同的井斜、井深、井身结构,需定制施工参数,确定泵送的泵压排量及电缆起下速度,112,根据不同的井斜、井深、井身结构，确定泵送的泵压排量及电缆起下速度
R00234,泵送桥塞 - 射孔联作流程,防止砂入井,流程单独连接,112,泵送桥塞 - 射孔联作流程单独连接，确保泵送施工中无压裂砂带入井内
R00235,桥塞火药只燃烧了 20%,产生的能量不足以使桥塞完全座封,地面检查工具,113,桥塞火药只燃烧了 20% 就停止燃烧，产生的能量不足以使桥塞完全座封
R00236,试挤压力升至 77.1MPa,泵压异常,停泵,113,施工压力由 15.6MPa 升至 77.1MPa 后降至 44MPa，停泵
R00237,使用 600 级桥塞火药,存在事故风险,禁止使用,114,禁止使用这一批次的桥塞火药（600 级）
R00238,现场存放射孔器材,需防止受潮,做好防潮、保管工作,114,现场合理存放射孔器材，做好防潮、保管工作
R00239,上提电缆张力上升且未能解卡,工具串遇卡,初步判定遇卡,114,反复上提 5 次未能解卡，初步判定工具串遇卡
R00240,张力骤降至 3.0kN 且信号丢失,仪器落井,制定打捞方案,115,张力显示降至 3.0kN，地面仪器读不到磁定位的信号，最终确定仪器落井
R00241,电缆剧烈跳动且张力异常降低,电缆断裂,检查电缆损坏情况,115,电缆剧烈跳动，张力显示降至 3.0kN，检查电缆损坏情况
R00242,点火时张力下降低于正常值 0.4~0.9kN,桥塞遇卡风险,分析火药及工具状态,116,点火时张力下降 0.2kN，低于正常张力下降 0.4~0.9kN 的等现象，分析出现桥塞点火座封后遇卡原因
R00243,泵送张力变化范围加大且速度降低,井段存在不明物阻碍,判断沉砂影响,116,电缆张力突然变化范围加大到 2.9~4.0kN，速度由 32m/min 降至 22m/min，根据此现象判断该井段存在不明物阻碍
R00244,试压 10min 压降 0.2MPa,合格,继续施工,116,7:30 减阻水打压 70MPa 对桥塞试压，10min 压降 0.2MPa，合格
R00245,落井工具捞获之后,根据前期判断,进行解剖分析,117,落井工具捞获之后，根据前期判断，进行解剖分析
R00246,张力降低 0.2 kN,可能是推动工具上行过程中被卡,进行解剖分析,117,张力之所以降低 0.2 kN，可能是推动工具上行过程中被卡
R00247,密封圈光滑无损伤,存在漏气的可能性非常小,排除漏气故障,117,检查密封圈光滑，无毛刺、划痕、形变及其他损伤，存在漏气的可能性非常小
R00248,井口压力降至 15 MPa 且压力不能恢复,桥塞以下地层压力难以向上传递,停止上提,118,井口压力降至 15 MPa 时停止上提，压力不能恢复，说明桥塞以下地层压力难以向上传递
R00249,点火电流异常且无张力变化,点火没有成功,更换点火控制面板或再次点火,118,根据电流判定没有点火成功，更换点火控制面板，再次进行编码通信
R00250,判断桥塞座封失败,上提电缆,拆开防喷管检查,119,判断桥塞座封失败，上提电缆。14:45 拆开防喷管
R00251,井口试压合格且工具检查正常,确定桥塞点火座封成功,连续油管输送射孔,119,确定桥塞点火座封成功。联系连续油管队伍进行连续油管输送射孔
R00252,桥塞点火后,需验证座封状态,进行验封检测,120,没有在桥塞点火后进行验封检测，导致对桥塞座封的误判
R00253,遇到特殊情况,充分考虑施工风险,制定详细控制措施,120,遇到特殊情况充分考虑施工风险后制定详细控制措施
R00254,张力显示下降且井口压力下降,初步判断工具串落井,起出电缆关井,121,张力显示由 7.8kN 降至 4.5kN，井口压力由 43MPa 降至 22MPa...初步判断工具串落井
R00255,打捞加压后悬重下降,解卡成功或捞获,起出管柱关井,121,上提悬重 170kN 降为 156kN。捞获全部落鱼
R00256,井筒不清洁且油泥多,工具串遇阻风险,前期井筒准备时应清洁井筒,122,第 1 段压裂未能加砂，井筒不清洁，油泥多...前期井筒准备时应清洁井筒
R00257,桥塞上下端面形成较大正压差,电缆头弱点拉断,保证井筒干净,122,导致桥塞上部与下部形成较大的正压差...正是上述二方面原因导致上提电缆无法解卡
R00258,泵送过程中突然发生遇阻,发生遇阻故障,立即通知压裂车停泵，绞车停车,123,若泵送过程中突然发生遇阻，应立即通知压裂车停泵，绞车停车。
R00259,停泵后压力不降或下降非常缓慢,井内压力未平衡,尽快放松电缆，同时开井泄压到与井内压力平衡,123,停泵后压力不降或下降非常缓慢，尽快放松电缆，同时开井泄压到与井内压力平衡。
R00260,遇卡后停泵井口压力明显高于工具串入井前,可能发生桥塞座封或井筒异常,首先应降低井口压力，再进行提拉电缆解卡操作,123,若遇卡后停泵井口压力明显高于工具串入井前井口压力，且下降缓慢，则首先应降低井口压力，再进行提拉电缆解卡操作。
R00261,解卡时,电缆缆芯绝缘可能破坏,不推荐反复、大吨位提拉电缆,123,解卡时，不推荐反复、大吨位提拉电缆，以免电缆缆芯的绝缘破坏。
R00262,泵送时仍然遇阻,井筒可能存在障碍,建议起出工具串，处理井筒后再施工,123,若泵送时仍然遇阻，建议起出工具串，处理井筒后再施工。
R00263,第一次打捞加压 20kN 悬重无明显变化,未捞获落鱼,增加加压至 40kN 复探,124,加压 20kN，上提 3m 后又下放加压 20kN，悬重无明显变化...加压 40kN，复探两次...捞获全部落鱼
R00264,桥塞下放管柱遇阻且加压无法下行,座封失败,起出桥塞,124,加压 20kN 无法下行，反复上提下放...22:30 起连续油管带出桥塞
R00265,井眼轨迹上翘且工具串摩阻较大,泵送排量设置偏高易致工具串弹射,制定针对这种井况调整和细化泵送的应急方案,125,由于井眼轨迹上翘...因此泵送排量设置偏高...未能及时地制定针对这种井况调整和细化泵送的应急方案
R00266,泵送失败时反复出现张力异常,复杂井况认识不够,及时制定针对这种井况调整和细化泵送的应急方案,125,在前二次泵送失败时反复出现了几次张力异常后...未能及时地制定针对这种井况调整和细化泵送的应急方案
R00267,井眼轨迹情况复杂,掉枪风险增加,合理的减小泵送排量,126,根据井眼轨迹情况，合理的减小泵送排量，减少工具串的泵送推力
R00268,井下 CCL 曲线、张力异常,施工异常,立即停泵，起到直井段，分析原因,126,在施工中如果遇到井下 CCL 曲线、张力异常等情况时，立即停泵，起到直井段
R00269,地面张力波动范围比平常大且随段数增加,电缆拉断风险,分析泵送施工曲线,127,地面张力始终的波动范围要比平常泵送时大，且波动范围随段数增加而增加
R00270,加压 60kN 无进尺,磨铣受阻,起出工具检查,127,加压 60kN 无进尺；19:10 工具起到井口，检查工具无异常
R00271,张力波动超过 4.4kN 或张力绝对值存在增加趋势,张力异常,立即停泵并加速下放电缆，避免泵脱，起出工具串,129,如果发现异常（张力波动超过 4.4kN，或者张力绝对值存在增加趋势），立即停泵并加速下放电缆
R00272,压力波动或者压力绝对值过高,泵送风险增加,积极与压裂队等共同查找原因,129,如果压力波动或者压力绝对值过高，应积极与压裂队等共同查找原因
R00273,泵送 3~4 次后或视泵送施工情况,电缆头需维护,应重新制作电缆头,129,泵送 3~4 次后或视泵送施工情况，应重新制作电缆头
R00274,座封工具中有砂,遇阻风险,清理井筒,130,检查：座封工具中有砂；14:00 清理井筒
R00275,井眼轨迹上翘,泵送困难,加滚珠接头,130,水平段为上翘型...中间加φ96.5mm 滚珠接头 2 只
R00276,井眼轨迹上翘且井斜角变化大,泵送摩擦阻力大,优化泵送射孔工具串结构,131,该井水平井眼轨迹上翘，井斜角最大达到 106.8°...优化泵送射孔工具串结构
R00277,模拟工具串设计长度长,前行困难,缩短射孔枪长度,131,模拟工具串设计长度长...前行困难...缩短了射孔枪长度
R00278,大井斜角及上翘型井眼轨迹,模拟工具串泵送摩擦阻力大,增加滚珠接头,131,在如此大井斜角及上翘型井眼轨迹中，模拟工具串泵送摩擦阻力大...增加了滚珠接头
R00279,施工压力呈凸齿状波动且电缆张力异常上涨,井下工具串遇卡,紧急停泵、加快下放电缆速度,132,施工压力呈凸齿状波动...电缆张力随之异常上涨。操作人员采取紧急停泵
R00280,提放电缆未能解卡且通讯异常,释放桥塞方案无法执行,正打压冲洗或拉断电缆弱点,132,提放电缆未能解卡...无法与桥塞工具进行通信...采用正打压冲洗...决定拉断电缆弱点
R00281,电缆拉力超过弱点承受极限,电缆在弱点处拉脱,上提电缆到井口,132,上提电缆拉力到 24.0kN 电缆张力瞬间降到 5.3kN...判断电缆在电缆弱点处拉脱
R00282,压裂施工压力较高且排量下降,井筒内存在沉砂风险,避免超压停泵并及时泵送,133,为避免超压停泵，排量由 14m³/min 降至 8.5m³/min 下降，可能导致井筒内存在沉砂
R00283,泵送压力呈凸齿状波动,沉砂形成小砂堆临时阻挡,注意沉砂影响,133,泵送压力呈凸齿状波动，说明泵送推送中沉砂形成小砂堆临时阻挡所致
R00284,泵送桥塞射孔压力超过 75MPa,压力过高,停止泵送，重新挤酸及大排量冲洗,134,泵送桥塞射孔压力过高时（超过 75MPa）停止泵送，重新挤酸及大排量冲洗处理
R00285,压裂情况比较特殊的井,需优化井筒条件,进行挤注、顶替等处理，缩短等待时间,134,对于压裂情况比较特殊的井，建议进行挤注、顶替等处理，为泵送桥塞射孔提供更好的条件
R00286,泵送时电缆张力突然上升,电缆拉脱工具串落井,通知停泵,135,电缆张力突然上升，4245.2m 时绞车加速，并通知停泵
R00287,提高排量后电缆持续伸长且张力异常上升,排量设计偏大,优化排量设计,136,提高到 1.6m^3/min 后 2min 即出现张力异常上升，直到泵脱，说明在排量设计时仍然偏大
R00288,最大井斜 90.9°且电缆每千米伸长量 3m 以上,冗余量设计不合理风险,增加电缆冗余量,136,由于该井最大井斜 90.9°，又考虑到电缆每千米伸长量 3 m 以上，设计时电缆最大冗余量为 3 m
R00289,张力出现异常,反应速度慢风险,及时提速,136,张力出现异常 1 m 后提速，仍然没有跟上桥塞射孔工具串速度
R00290,压裂完到泵送间隔达 6h,井筒条件复杂风险,注意水平段沉积物,136,压裂完到泵送间隔达 6 h，且又是第 1 段压裂后泵送，水平段沉积物较严重
R00291,等待时间较长,井筒可能存在复杂情况,泵送前要对井筒先行处理,137,对等待时间较长的井，泵送前要对井筒先行处理
R00292,泵送排量设计,需结合井眼轨迹变化,结合井眼轨迹的变化，做好优化,137,在泵送排量设计上要结合井眼轨迹的变化，做好优化
R00293,提高发动机转速,不影响发电机及其他辅助设备,尽可能提高发动机转速，以提高应对复杂问题的能力,137,在不影响发电机及其他辅助设备的情况下尽可能提高发动机转速
R00294,试压 50MPa，10min 压降 20MPa,试压不合格,反复试压或检查工具,138,10min 压降 20MPa，试压不合格
R00295,管柱遇阻且活动解卡未成功,需钻磨或打捞,组下钻磨管柱或打捞管柱,138,活动解卡未成功；16:50 连接连续油管钻磨管柱
R00296,下入桥塞前,防止异物影响桥塞的座封,要对井筒进行清理,139,下入桥塞前要对井筒进行清理，防止异物影响桥塞的座封
R00297,张力突然上升且 CCL 信号消失,射孔枪断脱,起出电缆检查,139,张力突然上升...CCL 信号消失，分析为射孔枪断脱。起出电缆检查
R00298,遇阻且压降明显,套管可能存在变形,起出管柱检查工具串,139,遇阻...压降明显，试压不合格，起出管柱，检查工具串完好
R00299,泵送时电缆张力过低、张力变化过大,井况复杂,立即停泵，上提工具串到直井段处，重新泵送或处理井筒后再泵送施工,140,后续施工中若遇到井况复杂，如泵送时电缆张力过低、张力变化过大等情况，应立即停泵
R00300,套管内壁可能有油泥,风险,适当降低泵送排量和电缆下放速度,140,基于该井套管内壁可能有油泥，应适当降低泵送排量和电缆下放速度
R00301,条件允许,减少故障风险,尽量减少泵送的停等时间,140,在条件允许的情况下，尽量减少泵送的停等时间
R00302,上提电缆张力变化量不得超过 6kN,电缆遇卡风险,先采用压力冲砂对阻流管进行清洗，然后试提电缆,141,根据上提电缆张力变化量不得超过 6kN 的要求
R00303,电缆缓慢上提过程中发现张力逐渐增大,阻流管下端电缆整形处形成“鸟窝”,再次进行电缆整形,141,判断为阻流管下端电缆整形处形成“鸟窝”，遂再次进行电缆整形
R00304,张力突变,电缆断裂风险,控制起电缆速度,142,注意观察张力变化，及时做好现场应对措施
R00305,电缆携带压裂砂,砂卡风险,配备化学注脂泵,142,电缆上携带压裂砂...配备化学注脂泵
R00306,速度与排量调节不能消除曲线异常,曲线异常持续,及时停泵，进行重新泵送,143,进行速度与排量调节不能消除曲线异常，则应及时停泵，进行重新泵送
R00307,重新泵送仍然出现曲线异常,井筒可能存在杂物,将工具串起出井口，进行井筒清洗,143,若重新泵送仍然出现曲线异常，则应将工具串起出井口，进行井筒清洗
R00308,电缆张力迅速增加幅度达 1.50kN,张力异常风险,迅速提升绞车速度，立即停泵,143,电缆张力迅速增加幅度达 1.50kN 时，应迅速提升绞车速度...立即停泵
R00309,泵送排量设置,需优化参数,从 0.4m3/min 起，以 0.2m3/min 或 0.3m3/min 幅度递增，最大不超过 1.8m3/min,143,泵送排量从 0.4m3/min 起，以 0.2m3/min 或 0.3m3/min 幅度递增，最大不超过 1.8m3/min
R00310,电缆头张力控制,需保持低张力,尽量使电缆头张力在 0.5kN 以下,143,尽量使电缆头张力在 0.5kN 以下，在安全情况下，将电缆多下 5m 左右作为冗余量
R00311,张力突然上升,电缆可能拉断,及时快速下放电缆，发出停泵指令,144,绞车操作工没有及时快速下放电缆，泵送指挥人员发出停泵指令也较慢
R00312,节箍信号异常且速度排量调节不能消除,泵送过程存在风险,及时停泵，进行重新泵送,144,在进行速度与排量调节不能消除曲线异常，则应及时停泵
R00313,重新泵送仍然出现曲线异常,井筒可能存在障碍,将工具串起出井口，井筒清洗重新泵送,144,若重新泵送仍然出现曲线异常，则应将工具串起出井口，井筒清洗
R00314,泵送前,需优化泵送参数,泵送排量从 0.4m³/min 起，最大不超过 1.8m³/min,144,泵送排量从 0.4m³/min 起，以 0.2m³/min 或 0.3m³/min 幅度递增，最大不超过 1.8m³/min
R00315,泵送过程中,需控制电缆张力,尽量使电缆头张力在 5kN 以下,144,根据电缆张力和节箍长度等信息实时调整电缆运行速度，尽量使电缆头张力在 5kN 以下
R00316,电缆张力迅速增加幅度达 1.50kN,张力异常风险,迅速提升绞车速度，停泵,145,发生电缆张力迅速增加幅度达 1.50kN 时，迅速提升绞车速度...立即停泵
R00317,上提张力上升且绞车下放电缆无下行显示,判断为砂卡,解卡处理,145,上提张力由 6kN 上升至 8kN；绞车下放，电缆无下行显示，判断为砂卡
R00318,压裂加砂完毕后,减少压裂砂在井筒内的残留,加入适当的胶液并以大排量顶替,146,建议加入适当的胶液并以大排量、不小于井筒容积 1.5 倍减阻水顶替
R00319,电缆张力突然异常上涨,电缆遇卡风险,紧急停泵、并加快下放电缆速度,146,此时电缆张力突然异常上涨。操作人员采取紧急停泵、并加快下放电缆速度等措施
R00320,最后一段塞的加砂量,防止砂卡,及时关闭砂斗，严格执行设计顶替量,146,压裂指挥认真关注最后一段塞的加砂量，及时关闭砂斗，严格执行设计顶替量
R00321,发现枪串行走出现异常,泵送过程存在风险,可以上提到设计深度重新泵送,147,密切关注张力和泵压情况，发现枪串行走出现异常，可以上提到设计深度重新泵送
R00322,泵送排量设计不合理,影响泵送安全,在泵送排量设计上进一步优化，尽可能降低排量,147,在泵送排量设计上进一步优化，尽可能降低排量对泵送安全的影响
R00323,上提电缆张力升至 10 kN,判断射孔工具串遇卡,活动电缆解卡,148,14:40 上提电缆，张力升至 10 kN，判断射孔工具串遇卡
R00324,活动电缆解卡无效,需增大上提张力,上提张力至 18.5 kN 解卡,148,16:52 上提到 18.5 kN 活动解卡时，张力突然从 18.5 kN 降至 5.8 kN
R00325,泵送桥塞 - 射孔联作施工前,需预防井筒积砂导致遇卡,了解压裂和顶替情况，判断井筒内积砂,148,泵送桥塞 - 射孔联作施工前要了解泵送施工前压裂和顶替情况
R00326,电缆张力突升,电缆拉断风险,检查电缆头弱点处,149,电缆张力由 3.7 kN 突升至 9.8 kN...从电缆头弱点处拉断
R00327,连续油管遇卡,无法解卡,投球打压脱手,149,上提连续油管遇卡...11:41 投球打压脱手
R00328,井眼轨迹上翘且泵送过程中工具串推动砂子前进,容易形成砂桥,预防砂堵风险,150,该井井眼轨迹上翘，在上翘段泵送过程中工具串推动砂子前进，容易形成砂桥
R00329,遇到井眼轨迹上翘的井,压裂完成后,尽量将井筒内砂子顶替干净,151,遇到井眼轨迹上翘的井，压裂完成后，尽量将井筒内砂子顶替干净
R00330,打捞落物前,防止捞获落鱼后解卡不成功,先将鱼顶附近清理干净,151,打捞落物前先将鱼顶附近清理干净，以便于后继打捞
R00331,泵送设计,制定详细的预案,充分考虑井眼轨迹的变化,151,泵送设计应充分考虑井眼轨迹的变化，制定详细的预案
R00332,工具串过井口遇阻,工具串太短导致倾斜,调整工具串结构,152,现场判断由于工具串太短，工具串过井口时倾斜，无法通过
R00333,井下多次遇阻,井筒存在障碍,正循环冲下,152,用金属减阻剂配 20m³ 混合液正循环冲下，分别过遇阻点
R00334,未捞获落鱼,打捞失败,更换打捞工具,153,未捞获落鱼。10:50 更换打捞工具
R00335,下放管柱遇阻,存在障碍,加压抓鱼,153,遇阻，加压 100kN 抓鱼
R00336,钻塞完成,井筒存在碎屑,清理井筒,153,钻除；8:00 减阻水正循环...清理井筒工具
R00337,桥塞点火后电脑出现黑屏,看不到射孔曲线,停止射孔作业,154,现场未严格执行操作规程停止射孔作业，而是继续上提电缆
R00338,电缆张力从 9.0kN 上升至 10.0kN,桥塞未丢手,第一时间发现,154,电缆张力从 9.0kN 上升至 10.0kN，现场操作人员判断失误
R00339,连续油管射孔,造成重复射孔,对射孔工艺进行技术交底,154,未对射孔工艺进行技术交底，造成对井段 5043.07~5044.57m 重复射孔
R00340,操作人员电脑等重要设备出现故障,设备故障,严禁进行下一步操作,155,操作人员电脑等重要设备出现故障情况下，严禁进行下一步操作
R00341,桥塞到第一枪,需确认丢手状态,上提值大于 15m,155,尽量使桥塞到第一枪的上提值大于 15m
R00342,电缆上提张力异常下降 2.7kN,怀疑工具串有可能落井,上提电缆进行检查,155,发现电缆上提张力异常，怀疑工具串有可能落井
R00343,井斜角度超过 98°,工具串下滑压断电缆风险,采用不停车点火的方式,156,对于井斜角度超过 98°的井，座封桥塞和射孔应保持合适速度上提，采用不停车点火的方式
R00344,第 2 簇及第 3 簇射孔时,避免射孔工具串下滑,开泵用 0.5m³/min 的排量冲工具串,156,第 2 簇及第 3 簇射孔时，开泵用 0.5m³/min 的排量冲工具串，射孔时均采用不停车点火的方式
R00345,上提电缆张力升高且无磁定位信号,判断工具串卡住,泵注液体解卡,157,13:42 上提电缆，张力由 8.9kN 升至 15kN，无磁定位信号，判断工具串卡住。
R00346,点火极性接反,造成误射孔,复查点火施工过程,157,通过复查点火施工过程，检查发现点火极性接反造成误射孔。
R00347,张力降至 0.4kN 且防喷管拆开,工具串落井,计算落鱼长度,158,张力 0.4kN，确定工具串落井...经过计算，落井电缆长度 6.35m
R00348,点火确认制度执行不到位,误操作接反线路极性,制定并严格执行点火确认制度,158,点火确认制度执行不到位...制定并严格执行点火确认制度
R00349,CCL 无信号且震动不明显,射孔点火失败,检查工具串状态,158,震动不明显，CCL 无信号...判断工具串可能落井
R00350,井斜大于 98°,复杂井段风险,制定详细悬浮座封拖动射孔措施,159,针对井斜大于 98^{\circ} 的复杂井段，应制定更合理详细的措施
R00351,发现张力和 CCL 信号异常,电缆缠绕风险,第一时间上提电缆,159,没有第一时间上提电缆，也没有及时发现张力和 CCL 信号的异常
R00352,没看到 CCL 信号、信号不清楚,严禁进行点火,停止操作,160,在射孔施工中，没看到 CCL 信号、信号不清楚的情况下严禁进行点火
R00353,电缆拉力实验实测 45kN 未拉断,可用于正常施工,继续施工,160,施工所需要电缆拉力实验做好，实测 45 kN 未拉断电缆，才可用于正常施工
R00354,桥塞座封深度下调,距离第一枪点火深度超过 20m 为宜,调整设计深度,160,建议桥塞座封深度下调，距离第一枪点火深度超过 20m 为宜
R00355,张力产生波动,遇卡风险,停泵，上提重新泵送,160,张力产生波动停泵，上提到 2500.0m 重新泵送
R00356,钻塞期间多次憋泵且工具磨损,井筒存在碎屑,下强磁打捞器打捞,161,加压钻塞期间，多次憋泵... 下φ80mm 强磁打捞碎屑
R00357,施工压力持续上升且憋泵,井筒存在异物堵塞风险,打捞胶皮及金属碎屑,162,施工压力由 39.0MPa 持续上升至 48.00MPa，开泵仍憋泵
R00358,铅模底部被切且遇阻,井筒内有坚硬异物,使用强磁打捞或套铣,162,铅模底部圆周多处被切，到 3809.5m 遇阻
R00359,钻塞过程中遇阻,可能存在井筒杂物或桥塞残留,泵入胶液润滑并上提活动,163,加压 10kN 遇阻，泵入胶液 10.00m^3，开始上提
R00360,井下憋泵且重复发生,井底存在硬质异物风险,起钻检查工具磨损及打捞异物,163,多次重复下放，均在 3809.5m 处憋泵；检查：磨鞋边缘有轻微磨损
R00361,铅模单方向多处被切且遇阻,套管可能存在变形,加快对套变井的认定工作,164,铅模单方向多处被切...综合认为...套管可能存在变形
R00362,电缆及密封脂带有大量砂粒,砂卡风险,认真做好套变井原因的分析，制定对策,164,电缆上有大量砂粒粘附...密封脂也带有大量砂粒
R00363,压裂加砂后,井筒内有砂残留风险,保持大排量，1.5~2 倍井筒容积的顶替,165,保持大排量，1.5~2 倍井筒容积的顶替，保证将井筒内的砂粒推入地层
R00364,电缆上起遇砂卡,砂粒聚积卡死风险,及时注柴油清砂,165,电缆上起，若遇有砂卡时，及时注柴油清砂
R00365,泵送射孔枪时,砂粒带进井筒风险,采用专用的泵送流程，避免用加砂流程,165,泵送时，采用专用的泵送流程，避免用加砂流程泵送
R00366,磁定位信号混乱同时连续出现结箍信号,怀疑工具串有回滑现象,现场决定不进行第 2 簇射孔点火,166,磁定位信号混乱同时连续出现结箍信号，缓慢停车；检查磁定位曲线怀疑工具串有回滑现象
R00367,上提电缆张力升至 14.3kN,判断遇卡,反复上提下放活动电缆,166,18:15 上提电缆张力由 8.2kN 升至 14.3kN 判断遇卡，反复上提下放活动电缆
R00368,压裂流程泄压阀刺漏,泄压失控风险,更换旋塞阀及密封盘根，增加手动旋塞阀,166,整改刺漏旋塞阀，更换液控泄压阀后的 3in 手动旋塞阀为 2in 旋塞阀，增加一个 3in 手动旋塞阀
R00369,管件达到检测时间,需更换,立即更换,167,准确记录管件使用时间，达到检测时间的立即更换
R00370,操作旋塞阀等高压管件泄压时,风险,应平稳操作，严禁剧烈开关,167,操作旋塞阀等高压管件泄压时应平稳操作，严禁剧烈开关
R00371,泄压流程整改,优化控制,3in 液动旋塞阀后连接 2in 手动旋塞阀，由 2in 手动旋塞阀控制泄压,167,泄压流程 3in 液动旋塞阀后连接 2in 手动旋塞阀，由 2in 手动旋塞阀控制泄压
R00372,上提电缆张力突然升高,电缆遇卡,停车,168,张力突然由 9.1kN 升至 15.0kN，停车
R00373,阻流管内有大量压裂砂,砂卡,拆卸清洗阻流管,168,发现控制头自下而上第二根和第四根阻流管内有大量压裂砂将电缆卡住
R00374,电缆表面颜色发黑且绝缘层熔化,电缆断,计算落井长度,168,表面颜色发黑，缆芯绝缘层有高温熔化现象，经过计算，有 2932m 电缆和 11.44m 模拟工具串落井
R00375,开启 BOP 平衡阀圈数超过半圈,防喷管内升压过快，发生绝热压缩,正常开启 BOP 平衡阀圈数应为不超过半圈,169,正常开启 BOP 平衡阀圈数应为不超过半圈，而注脂岗为了赶进度，开启 BOP 平衡阀圈数为两周半
R00376,防喷管上端有残留密封脂和压裂砂,阻流管与电缆之间的间隙堵塞,清洁防喷管上端杂质,169,防喷管上端有残留的密封脂和粘附的压裂砂等杂质，防喷管上端空气柱在高压水流冲击作用下沿阻流管
R00377,防喷管内压力上升到 0.5 MPa 后，回脂口无气体溢出,压力异常,立即关闭平衡阀，查找原因并排除,170,当防喷管内压力上升到 0.5MPa 后，回脂口无气体溢出，应立即关闭平衡阀
R00378,防喷管内压力上升速度超过 0.1 MPa/s,压力上升过快,立即关闭平衡阀，再次开启更小的平衡阀圈数,170,当防喷管内压力上升速度超过 0.1 MPa/s 时，立即关闭平衡阀，再次开启更小的平衡阀圈数
R00379,有绝热升温风险时,存在风险,建议减少打开阀门圈数,170,施工中，有绝热升温风险时，建议减少打开阀门圈数以降低风险
R00380,打平衡压前,准备阶段,必须将防喷管内的柴油清洗干净,170,打平衡压前必须将防喷管内的柴油清洗干净
R00381,防喷器的开关操作,关键操作,由现场施工负责人、施工队长确认后，才可以进行操作,170,防喷器的开关操作由现场施工负责人、施工队长确认后，才可以进行操作
R00382,压裂施工井口压力过高,发生砂堵风险,放喷解堵,171,22:00 井口压力过高发生砂堵。因放喷解堵后
R00383,上提速度过快,工具落井风险,控制上提速度,172,上提速度过快，造成工具在井口挂脱落井
R00384,打捞工具未测试,打捞失败风险,进行现场测试,172,未进行现场检验就直接进行组装入井...测试成功后，连续油管入井打捞成功
R00385,计数器损坏,无法正确判断井下油管长度,检查计数设备,172,因电子计数器损坏、机械计数器存在一定误差，在上提过程中，无法正确判断井下油管长度
R00386,电子、机械记数器均存在一定误差,杜绝不当操作,采用人工标记、磁定位标记等方法,173,因电子、机械记数器均存在一定误差，为杜绝不当操作，采用人工标记
R00387,连接入井工具时,防止施工中发生脱扣现象,严格按照入井工具的连接扭矩要求,173,严格按照入井工具的连接扭矩要求，各连接部位上扣上到位，防止施工中发生脱扣现象
R00388,连续油管遇卡且变形,无法直接上提,拆除防喷盒上铜套卡箍,173,连续油管遇卡，打开 2 号闸门放掉井口压力，发现连续油管变形，拆除防喷盒上铜套卡箍
R00389,连续油管内外平衡压力不够,油管内外压差过大,根据工况确定油管内平衡压力的大小,174,严格执行施工前的各项准备工作，根据工况确定油管内平衡压力的大小。
R00390,施工设计无细化操作步骤,事故发生风险增加,严肃施工设计的编写和审批,174,严肃施工设计的编写和审批，加强施工设计的技术交底
R00391,施工人员对设备性能不了解,操作失误风险,对施工人员加强岗位培训,174,对施工人员加强岗位培训，严格按照操作规范和设计执行
R00392,钻塞期间出砂严重,钻磨无进尺,保持减阻水和胶液的黏度性能,175,在钻塞期间出砂严重...导致磨鞋不能和桥塞面接触...保持减阻水和胶液的黏度性能
R00393,碎屑未能全部带出,管柱遇阻,合理控制出口压力和排量,175,桥塞钻除产生的碎屑未能全部带出...导致管柱遇阻...合理控制出口压力和排量
R00394,造斜井段井斜度在 48°左右,易遇卡风险,控制起钻速度在 10 m/min,176,在造斜井段应控制起钻速度在 10 m/min
R00395,每钻掉 3 个桥塞后,防止残片滞留,泵注 10m³胶液并循环洗井一周,177,每钻掉 3 个桥塞后，将连续油管短起到直井段，泵注 10m³胶液并循环洗井一周
R00396,洗井时,防止卡管,活动管柱，严禁定点停留,177,洗井时要活动管柱，严禁定点停留
R00397,造斜段,防止操作波动,控制起下速度,177,造斜段要控制起下速度
R00398,井内有桥塞碎屑,需进行打捞作业,连续油管下打捞管柱打捞,178,带出部分桥塞碎屑，连续油管下打捞管柱打捞
R00399,地面关井,监测井口压力,记录压力 19.5MPa,178,地面关井，井口压力 19.5\mathrm{MPa}
R00400,套铣鱼顶,需清洗井筒,正循环洗井,178,套铣鱼顶...期间 18:25\sim 20:00 减阻水正循环洗井
R00401,钻磨桥塞时加不上钻压,钻磨工具串脱落,下打捞筒打捞,179,从钻磨第 7 级桥塞时加不上钻压的现象，可以判断连续油管在钻第 7 级桥塞时钻磨工具串脱落
R00402,工具连接配合间隙过大,易产生偏载和疲劳,优化管柱组合,179,"工具连接配合间隙过大 (卡爪), 工作过程中产生疲劳所致... 优化管柱组合"
R00403,钻磨桥塞过程中,防止工具损坏,严禁猛提猛放,179,在钻磨桥塞过程中操作手严格按标准操作，严禁猛提猛放
R00404,设备运转时,确保设备在施工中处于良好状态,专门的机械师对设备进行检查,179,设备运转时需有专门的机械师对设备进行检查，确保设备在施工中处于良好状态
R00405,自封失效,井控风险,紧急关闭防喷盒防喷器,180,"12:54 上提连续油管到 4088.79 m , 自封失效，紧急关闭防喷盒防喷器"
R00406,连续油管断脱,落鱼风险,关闭井口,180,14:30 经检查，连续油管断脱，关闭井口
R00407,试捞未捞获,工具可能损伤,起出检查工具,181,12:30 起出连续油管，带出打捞工具，未捞获，检查引鞋在内径 55mm 处有两处划痕
R00408,多次试捞未捞获,落鱼形态不明,铅模打印,181,10:17 下φ50.8mm 连续油管，φ114mm 铅模... 打印，打印深度 132.78m
R00409,连续油管断脱,检查油管质量及疲劳,分析断口及施工历史,182,本次施工最大深度 4300m，连续油管断脱点为 4088.79m
R00410,试捞上提悬重增加,显示捞获,确认捞获后起出,182,上提悬重 110kN 显示捞获，捞深 133.34m
R00411,防喷盒出现刺漏,存在密封失效风险,关闭防喷盒，观察,183,21:47 连续油管起到 320m 防喷盒出现刺漏... 关闭防喷盒，观察 15min
R00412,防喷盒密封失效,井口失控风险,关防喷器半封闸板,183,防喷盒密封失效，关防喷器半封闸板，不刺不漏
R00413,连续油管断脱,油管落井,下连续油管打捞管柱,183,油管落井... 24 日下连续油管打捞管柱
R00414,上提悬重升至原悬重以上,捞获落鱼,起连续油管到井口,184,上提悬重升至 101kN（原悬重 91kN）... 起连续油管到井口
R00415,遇阻反复下放无法通过,工具不适配,拆井口检查工具,184,多次遇阻，反复下放无法通过，拆井口，检查工具
R00416,闸门未完全关闭,确认为连续油管本体,割断连续油管,184,闸门未完全关闭，确认为连续油管本体... 割刀割断连续油管
R00417,夜间施工且光线交叉,影响操作确认,关闭闸板前开灯观察确认,185,主操手在关闭闸板前未开灯进行详细观察与确认
R00418,井身轨迹不规则且压力较高,易引起防喷盒磨损加快,及时对防喷盒内的配件进行检查或更换,185,该井水平段长且井身轨迹不规则...易引起防喷盒磨损加快
R00419,遇阻深度皆不同且上提无明显遇卡,连续油管遇阻是因为自锁,对连续油管钻塞管柱结构和施工参数进行优化,186,经过多次复探遇阻深度皆不同，上提无明显遇卡现象...可以确定连续油管遇阻是因为自锁
R00420,连续油管施工前,预判自锁深度,软件模拟连续油管在井内的状态,186,连续油管施工前做好技术分析准备，软件模拟连续油管在井内的状态
R00421,钻塞施工前,液体酸性风险,对液体进行 pH 值检测,187,后续施工在钻塞施工前，对液体进行 pH 值检测，发现问题及时整改。
R00422,打酸结束后,残酸腐蚀风险,立即用水稀释替换残酸,187,打酸结束后没有立即用水稀释替换酸罐和管线内残酸到井内
R00423,管理规定不完善,现场操作人员随意操作,修订完善管理规定,187,导致现场操作人员随意操作处理残酸是导致事件的间接原因。
R00424,突然发生憋泵，压裂车超压,连续油管管柱卡死,上提下放活动连续油管，尝试开泵,188,突然发生憋泵，压裂车超压...连续油管管柱卡死
R00425,多次开泵，马达无法转动,连续油管未解卡,采用地面流程快速开井尝试解卡,188,多次开泵，马达无法转动...采用地面流程快速开井尝试解卡
R00426,活动连续油管多次未解卡,卡阻持续存在,尝试注氮气或循环洗井措施,189,活动连续油管 11 次，均未解卡...液氮泵车开泵注氮气
R00427,放喷口点火未燃,返液无可燃气体,继续循环排液,189,放喷口点火未燃...减阻水循环洗井
R00428,连续油管未上行或下行,可能是桥塞的卡瓦卡住钻磨工具,分析认为造成被卡,190,用不同悬重上提下放活动连续油管，连续油管未上行或下行，分析认为可能是桥塞的卡瓦卡住钻磨工具
R00429,每级桥塞钻完后,清理钻磨碎屑和地层返砂,应该有足够的胶液循环,190,每级桥塞钻完后应该有足够的胶液循环，以便钻磨碎屑和地层返砂的清理
R00430,钻磨工具使用过程中,注意质量,应该定期更换,190,钻磨工具的选择要注意质量，使用过程中应该定期更换
R00431,钻磨过程中施加钻压过大,造成憋泵,上提连续油管,191,钻磨过程中施加钻压过大，造成憋泵；12:06 上提连续油管
R00432,钻磨 324min 仍无进尺,螺杆马达脱芯,起钻打捞,191,钻磨 324min 仍无进尺，起钻；连续油管底带打捞管柱
R00433,造成憋泵后,防止马达甩脱,不能上提连续油管，通知开泵，施工压力超过井口出口压力时即可上提,192,造成憋泵后，不能上提连续油管，通知开泵，施工压力超过井口出口压力时即可上提
R00434,钻磨过程中,防止憋泵,施加适当钻压，不能多加快加,192,操作人员钻磨过程中施加适当钻压，不能多加快加
R00435,超时工具,不得入井,建立工具使用、保养台账，入井工具有负责人签字,192,建立工具使用、保养台账，超时工具不得入井，入井工具有负责人签字
R00436,下油管遇阻,可能存在井筒障碍,上提油管，提高排量,193,遇阻；上提油管，提高排量
R00437,套铣筒内壁红色漆已完全磨损脱落,套铣筒套铣到落鱼,继续打捞落鱼,193,套铣筒内壁红色漆已完全磨损脱落，初步判断套洗筒套铣到落鱼
R00438,井内存在未打捞出的卡瓦碎片,井筒清理不彻底,继续进行强磁打捞,193,井内存在未打捞出的卡瓦碎片，决定继续进行强磁打捞
R00439,引鞋端部出现卷曲磨损,打捞筒未旋转或未套入落鱼,改变引导形状及外径,194,根据引鞋端部有磨损痕迹推断，下压过程中疑似打捞筒未旋转
R00440,预测抓住落鱼但起出未发现,打捞失败,分析工具磨损情况,194,预测已抓住落鱼，起出打捞管柱后发现未打捞出落鱼
R00441,探到鱼顶后加压且 Kick off tool 工作,套铣筒引鞋无法套入落鱼,改用低速马达 + 套铣筒,195,Kick off tool 的旋转并不能使套铣筒引鞋套入落鱼
R00442,低速马达已送出维修,5 月 9 日不能返回作业现场,决定下定向强磁,195,鉴于低速马达已送出维修，5 月 9 日不能返回作业现场
R00443,前几次打捞失败,需分析过程并调整工具,将打捞筒增加一节延长筒,196,分析前几次打捞的过程，决定将打捞筒增加一节延长筒
R00444,套铣筒端部出现深槽,鱼顶插入所致,下打捞筒 + 套铣筒组合打捞管柱,196,分析套铣筒端部出现两处深槽...经过分析讨论，下一趟管柱下打捞筒 + 套铣筒组合
R00445,落鱼顶部存在轻微变形,需打捞落鱼,下开窗打捞工具,197,通过讨论分析，总结前期经验，最终决定下开窗打捞工具，用以打捞鱼顶有轻微变形的落鱼
R00446,落鱼进入开窗打捞工具后未锁紧,落鱼脱落,下卡瓦打捞筒将落鱼推到底部,197,落鱼进入开窗打捞工具后，二窗距离并未恢复，致使未锁紧落鱼...决定下卡瓦打捞筒将落鱼推到底部
R00447,振荡器工作产生强烈震动且承受交变载荷,工具发生疲劳断裂,选择质量稳定且被认可的品牌,198,产生强烈的震动...导致工具发生疲劳断裂；选择质量稳定且被认可的品牌
R00448,钻塞过程中盲目加压,加剧工具断裂,严格按照施工设计规范执行,198,不排除施工中钻压过大等因素而加剧工具断裂；严格按照施工设计规范执行
R00449,发现异常,存在质量安全隐患,及时汇报、整改,198,作业人员提高质量和安全意识，发现异常及时汇报、整改
R00450,连续油管疲劳强度超过一定标准,存在断裂风险,严格控制入井,199,连续油管施工前，进行软件模拟连续油管疲劳强度，超过一定标准后严格控制入井
R00451,发现连续油管破裂,发生设备故障,立即打开出口阀门,199,发现破裂后立即打开出口阀门，加强坐岗和巡检
R00452,悬重达到最大且施工压力突然下降,工具存在异常,起出检查,200,当悬重达到最大 160kN 时，施工压力突然...判断工具存在异常
R00453,长时间钻磨无进尺,可能存在工具故障或异常,及时起出检查，查明原因后再进行作业,201,长时间钻磨无进尺，应及时起出检查，查明原因后再进行作业
R00454,工具入井前,需确认工具状态合格,检查工具，合格后方可入井,201,入井前检查工具，合格后方可入井
R00455,操作防喷器手柄,需区分半封与全封剪切手柄,建立工具台账，制订使用管理制度,201,建立工具台账，制订工具的使用、管理、检测制度
R00456,全封手柄未上锁,易导致误操作风险,单独上锁并标记红色警戒,202,"对全封、剪切闸板进行单独“上锁”,手柄标记红色警戒"
R00457,打捞筒牙块有咬痕且滑脱,打捞筒失效,更换新卡瓦打捞筒,202,更换新卡瓦打捞筒...打捞筒捞住落鱼
R00458,钻磨无进尺,工具落井风险,起出连续油管检查,203,6:00 钻磨无进尺。13:30 起出连续油管...检查
R00459,下放连续油管遇阻,可能探到落鱼,加压探鱼顶复探,203,下连续油管到 3875.3m 遇阻，加压 10kN，探到落鱼，复探 2 次
R00460,桥塞长时间未钻除或者进尺缓慢，进尺异常,防止工具掉井等复杂情况发生,须及时起出管柱检查,204,如果桥塞长时间未钻除，或者进尺缓慢，进尺异常，须及时起出管柱检查
R00461,入井工具管理,严禁螺杆马达超期使用,必须有使用台账、检测合格证,204,必须有使用台账、检测合格证（或出厂证明），严禁螺杆马达超期使用
R00462,购买连续油管时,质量不合格可能导致油管漏点,严格把控质量，必须要有出厂合格证书和检验报告,205,在购买连续油管时严格把控质量，必须要有出厂合格证书和检验报告
R00463,施工作业前,设备问题可能造成连续油管损坏,建立使用维护保养台账，仔细检查设备情况,205,建立使用维护保养台账，在施工作业前，仔细检查设备情况，严防由于设备原因造成连续油管损坏
R00464,钻塞作业时,井下钻屑可能损伤连续油管,严格执行钻塞管理规定，减少井下钻屑对连续油管的损伤,205,严格执行钻塞管理规定，减少井下钻屑对连续油管的损伤
R00465,操作人员技术不足,应急情况处置能力不足,加大对操作人员的技术培训，提前做好相应的应急预案,205,加大对操作人员的技术培训，要有相应的应急情况处置能力，提前做好相应的应急预案
R00466,卡瓦有裂缝,打捞失败,更换新螺旋卡瓦,206,检查卡瓦有裂缝，更换新螺旋卡瓦
R00467,下放连续油管遇阻且加压悬重恢复,判断油管出现自锁,开泵 30s,207,遇阻，加压 50kN，开泵 30s，悬重恢复，判断油管出现自锁
R00468,油管自锁无法下放,无法继续下放,上提连续油管,207,油管自锁，无法下放，上提连续油管
R00469,施工压力上升 1.0MPa,判断捞获,上提连续油管到井口,208,施工压力上升 1.0MPa，判断捞获。13 日 9:30 上提连续油管到井口
R00470,下探遇阻且压力迅速升高,发生遇阻故障,立即上提油管 5m,208,时遇阻，施工压力由 26.3MPa 迅速升至 39MPa，立即上提油管 5m
R00471,使用新型工具,存在使用不当风险,仔细研究和调试工具性能,208,在使用新型工具前要仔细研究和调试工具性能，能满足施工要求即可
R00472,施工中参数变化,防止问题复杂化,密切注意各项施工参数变化情况,208,在施工中，操作人员密切注意各项施工参数变化情况，准确做出判断
R00473,遇阻深度临近射孔段且井斜大,可能有异物堆积,分析井况选择合适工具,209,可见遇阻深度临近射孔段且井斜都比较大，推断遇阻深度可能有异物堆积
R00474,较大外径工具不能通过,工具选择不合理,采取合理的措施后再进行后续施工,209,较大外径工具不能通过时，要认真分析，采取合理的措施后再进行后续施工
R00475,油管表面出现裂口,刺漏风险,加强使用前自检,210,加强对连续油管使用前的自检工作
R00476,注入头夹持块磨损,夹持损伤风险,及时更换夹持块,210,对磨损的夹持块及时更换
R00477,油管起下遇到硬状突出点,刮伤风险,加强日常施工检测,210,加强连续油管在日常施工时的检测工作
R00478,雨水天气且数据线接口未保护,数据传输异常,接口防水保护及入井前测试,211,对数据线接口等重点部位进行防水措施保护，入井前要进行测试，确保正常后方可入井
R00479,出口不返液,上提连续油管造成遇卡,避免上提连续油管,212,出口不返液后上提连续油管造成连续油管遇卡
R00480,反打压过高,碎屑堆积后被压实,控制反打压压力,212,反打压过高造成碎屑堆积后被压实，上提油管遇卡
R00481,特殊井况和复杂工况,可能发生技术困难,认真研究设计，做好应对措施,213,对特殊井况和复杂工况的井，认真研究设计，考虑好可能发生的技术困难，做好应对措施
R00482,施工中出现情况,防止复杂化,及时汇报，认真分析，找准对策,213,出现情况及时汇报，认真分析，找准对策，避免盲目操作，防止复杂化
R00483,施工中,避免盲目操作,严格执行操作规程,213,强化制度落实，严格执行操作规程
R00484,震击器与螺杆马达扣型不完全匹配,工具落井风险,检查丝扣上下扣型是否完全匹配,214,上扣时检查丝扣上下扣型是否完全匹配，确认无误后...
R00485,存在气侵风险,马达损坏风险,通井前使用压裂车大排量压井,214,由原有磨鞋通井到井底大排量洗井脱气改进为通井前使用压裂车大排量压井
R00486,入井工具存在疑问,施工故障风险,坚决不能入井,214,特别的是对入井工具如存在疑问坚决不能入井
R00487,工作防喷器密封失效,油管挂上下巨大压差,关闭安全阀防喷器及工作防喷器,215,2 号工作防喷器密封突然失效...立即关闭 1 号安全阀防喷器
R00488,井口恢复正常,风险解除,关闭 2 号安全防喷器并手动锁死,215,井口恢复正常，然后关闭 2 号安全防喷器并手动锁死
R00489,工作闸板防喷器胶芯每 2000m,达到更换标准,强制更换 1 次,216,工作闸板防喷器胶芯每 2000m 强制更换 1 次
R00490,下入油管挂前,需观察密封,等待 30min,216,下入油管挂前等待 30min，观察工作防喷器密封情况
R00491,发现有轻微泄漏,密封异常,立即更换测试,216,如发现有轻微泄漏则立即更换测试
R00492,下油管挂时,需专人监控,防喷器远控台专人值班,216,下油管挂时防喷器远控台要有专人值班
R00493,16:00 没开始下油管挂,等到第二天,再施工作业,217,如果 16:00 没开始下油管挂就等到第二天再施工作业
R00494,安全监督需要离开,特殊情况,有经验队干部代行监督职责,217,如有特殊情况需要离开时一定要有一名有经验的队干部代行监督职责
R00495,发现管柱上顶时,发现异常,迅速关闭游动防顶卡瓦后，汇报现场负责人,218,发现管柱上顶时，迅速关闭游动防顶卡瓦后，汇报现场负责人
R00496,判断全封及 1 号闸门下无油管时,无油管风险,手动关闭井口 1 号闸门及全封/剪切防喷器,218,判断全封及 1 号闸门下无油管时，手动关闭井口 1 号闸门及全封/剪切防喷器
R00497,若有气体外溢,气体外溢风险,继续再关闭 1 号安全防喷器,218,若有气体外溢，则继续再关闭 1 号安全防喷器
R00498,未按照《带压作业指导书》要求进行试压,导致事故发生,严格按照指导书要求试压,219,未按照《带压作业指导书》要求进行试压是导致事故发生的主要原因。
R00499,施工人员对试压塞结构不熟悉,导致事故发生,加强设备结构原理培训,219,施工人员对试压塞结构不熟悉是导致事故发生的又一主要原因。
R00500,违反操作规程进行放压测试,导致事故发生,加强监管遵守操作规程,219,外方施工人员为加快工作进度，坚持放压，进行低压测试，违反了操作规程。
R00501,前期施工过程中风险未辨识到位,顶丝扣损坏,前期施工过程中做好风险控制,220,前期施工过程中风险未辨识到位，致使顶丝扣损坏
R00502,冬季环境温度低且井内产水较多，放喷泄压,形成节流效应，达到水合物形成条件,确保冬防保温措施到位，配备锅炉车加热保温,221,冬季带压作业施工过程中确保冬防保温措施做到位，配备锅炉车对设备进行加热保温
R00503,泄压后发现有外压情况,密封失效,平衡井压后起出油管挂,222,逐级泄压后发现有外压情况。按照操作规程和应急预案方案，平衡井压后起出油管挂
R00504,油管挂下行遇阻,管柱可能不居中,扶正管柱,222,油管标线齐平于基准面时遇阻...通过扶正后解决了油管挂下行刮蹭的问题
R00505,首次使用新油管头及新顶丝,厂家技术人员不了解自家设备情况,开工验收前技术交底会议,223,本井为首次对重庆新泰厂家新油管头及新顶丝进行下油管挂座封作业
R00506,下油管挂期间,座封到位时,厂家与我方共同确认尺寸,223,下油管挂期间厂家技术人员到场，座封到位时，厂家与我方共同确认尺寸后才允许
R00507,指重表管重有轻微减轻,操作异常,及时汇报给监督,224,主操发现指重表管重有轻微减轻，并及时汇报给监督
R00508,管柱不居中,存在故障隐患,起出到工作窗进行目视检查,224,主操将悬挂器起出到工作窗，以便进行目视检查查找问题
R00509,损坏金属物体卡在防喷器之间,需取出损坏物体,关闭其他防喷器，泄压后打开工作防喷器,224,关闭了 2 号、3 号、4 号防喷器，泄压后打开 1 号工作防喷器
R00510,甲供料有改变或改进,有变化就有风险,及时向施工单位和监督通报,224,当甲供料有改变或改进时，应及时向施工单位和监督通报
R00511,环形防喷器胶芯未完全回位,悬挂器钢圈挤断,检查胶芯回位,225,环形防喷器胶芯未完全回位，当悬挂器通过环形防喷器时，环形防喷器胶芯支撑筋将悬挂器钢圈挤断
R00512,坐悬挂器后压力无上升,坐悬挂器成功,完成管柱,225,观察压力恢复 0.5h，压力无上升，坐悬挂器成功
R00513,生产流速快导致管柱遇阻,管柱发生位移无法通过闸门,降低产量并旋转管柱,226,降低产量来减低气体流速，打开转盘，让管柱缓速顺时针旋转
R00514,管柱遇阻,需排查设备及闸门状态,检查设备水平及闸门开度,226,测量带压作业机水平状况...确认 1 号闸门处于全开位置
R00515,带压作业期间,存在交叉作业风险,降低产量，若有可能应关井,227,带压作业期间，应降低产量，若有可能应关井避免交叉作业
R00516,1 号闸门遇阻,管柱无法下入,放喷 3 次，缓慢加压上提管柱,227,关闭上工作闸板，打开泄压通道，放喷 3 次，缓慢加压上提管柱
R00517,管柱遇阻且怀疑密封圈变形,可能卡在闸板法兰连接处,下放管柱 0.4m 并开腔活动密封圈后上提,228,推断出遇阻可能是由于悬挂器金属密封圈变形...下放管柱 0.4m...活动悬挂器金属密封圈
R00518,实施坐油管挂作业前,确保油管挂顺利坐入油管头,采气树厂家人员务必提前到场，确认 1 闸门全开，确认油管挂完好无损坏,229,实施坐油管挂作业前，采气树厂家人员务必提前到场，确认 1 闸门全开
R00519,开工前,确保施工时油管挂顺利通过防喷器,要进行油管挂通过防喷器作业,229,在开工前，要进行油管挂通过防喷器作业，确保施工时油管挂顺利通过防喷器
R00520,试压到 50MPa 稳压 10min 压降 0.4MPa,合格,继续施工,230,试压到 50MPa，稳压 10min，压降 0.4MPa，合格
R00521,上提连续油管悬重 90kN 升至 195kN,打捞成功,工具起出井口,230,上提连续油管悬重 90kN 升至 195kN，打捞成功
R00522,井口压力 18.3MPa 升至 30.5MPa,桥塞座封,完成座封,230,井口压力 18.3MPa 升至 30.5MPa，期间给井内挤入清水 30m³
R00523,观测到一号阀附近有大量高压气体泄漏,井控风险,关闭高压管线上旋塞阀,230,观测到一号阀附近有大量高压气体泄漏...随后关闭高压管线上旋塞阀
R00524,试压 50MPa 稳压 30min 压降 0.1MPa,试压合格,继续施工,231,试压 50MPa，稳压 30min，压降 0.1MPa，试压合格
R00525,连续油管起到井口,检查工具状态,记录磨损情况,231,连续油管起到井口，经检查，磨鞋磨损严重
R00526,关键操作节点,需做好风险识别,设立监护人，剪切、全封手柄应上锁,232,做好风险识别，关键操作节点应设立监护人，剪切、全封手柄应上锁
R00527,泄压管线,必须按标准联接固定,接出井场，严禁使用软管,232,泄压管线必须接出井场，按标准联接固定，严禁使用软管
R00528,油管头内径与油管挂外径相同,无法正常坐入,加工油管挂减小外径,233,油管头的内径及油管挂外径都为 178mm，导致油管挂无法正常坐入
R00529,坐管挂遇阻,排查顶丝及设备居中,检查顶丝退出情况及居中测试,233,排除因顶丝原因造成坐挂失败的隐患...排除设备不居中导致坐挂失败的隐患
R00530,带压作业机设备系统,必须通过居中测试验证,防止再次出现类似情况,234,带压作业机设备系统，必须通过居中测试验证
R00531,所入井的一切特殊工具,必须有精准的尺寸规格，绘制草图,以备一旦出现情况后应急所用,234,所入井的一切特殊工具必须有精准的尺寸规格，绘制草图
R00532,遇阻遇卡,深度要精确到毫米,为处理事故提供精确的管柱数据,234,遇阻遇卡深度要精确到毫米，为处理事故提供精确的管柱数据
R00533,油管挂不密封,加大放压量,保证上下压差不超过 7MPa,235,若油管挂不密封则加大放压量，保证上下压差不超过 7 m{MPa}。
R00534,液压防喷器开关存在时间差,未能保证绝对同时实现开关,采用手动开关方式,235,因液压防喷器左右两翼液压开关存在短暂的时间差...因此采用手动开关方式
R00535,下入油管挂之前,1 号闸门未完全打开风险,确认 1 号闸门完全打开,236,下入油管之前必须确认 1 号闸门完全打开
R00536,施工前,井口倾斜风险,确认井口是否有倾斜现象,236,施工前确认井口是否有倾斜现象、如有倾斜现象及时汇报
R00537,冬季施工,冰堵风险,准备好锅炉等防冰堵设施,236,冬季施工准备好锅炉等防冰堵设施
R00538,销钉拧入深度不一致,堵头向一侧倾斜卡死,入井前进行两次拆解检查确认,237,人员在入井前未进行两次拆解检查确认
R00539,打压后无压降变化,堵头卡在定压接头里,带压起出管柱,237,分析有可能是堵头卡在定压接头里或者筛管里面
R00540,施工压力升至高位未出现压降,堵芯未完全脱落,大排量向油管继续累计打液,238,施工压力升至 35MPa，未出现压降...25 日 8:00 泵车大排量向油管继续累计打液
R00541,定压接头装配前,需测量销钉长度,装配装前对两侧销钉长度进行测量,238,定压接头在装配装前对两侧销钉长度进行测量
R00542,工具入井前,确保工具正常使用,拆开进行内部检查,239,工具在入井前除试压合格、表面检查无损伤外，还应拆开，进行内部检查
R00543,定压接头不够精细,存在故障风险,用破裂盘代替定压接头,239,改进管柱结构，用破裂盘代替定压接头
R00544,热交换器压力突然升至 10MPa,分离器安全阀开启,立即关井,240,10:00 发现热交换器压力突然升至 10MPa，分离器安全阀开启，立即关井
R00545,锅炉安全阀垫片损坏,蒸汽严重泄漏,更换锅炉安全阀垫片,240,8:00 锅炉安全阀垫片损坏，蒸汽严重泄漏...更换锅炉安全阀垫片
R00546,锅炉不能供热,不具备继续施工的条件,立即关井，维修设备,241,在锅炉不能供热的情况下不具备继续施工的条件，应立即关井，维修设备
R00547,设备出现故障,需及时做出决策,制定应对措施，现场组织演练,241,制定各种设备出现故障时的应对措施，现场组织演练并及时做出决策
R00548,岗位工人操作不规范,制度不落实,加强员工技能培训,241,加强员工技能培训，对放喷求产工艺及流程做到熟练掌握
R00549,锅炉供热效率低且出口温度满足不了保温要求,形成水合物导致流程堵塞,检查锅炉及保温措施,242,锅炉持续运转，供热效率低，出口温度满足不了保温要求，形成水合物
R00550,背压阀超过设定压力未正常泄压,造成分离器憋压,检查背压阀及安全阀状态,242,背压阀在超过设定压力 800psi（5.5MPa），流程憋压后，背压阀压力最高达到 1200psi 未正常泄压
R00551,分离器压力超过安全阀设定压力,安全泄压管线刺漏风险,设置分离器旁通管线放喷,242,分离器最高压力达到 17.58MPa，远超过分离器安全阀设定压力 14MPa 才开启
R00552,放喷井口压力、产量、液量变化,需对原设计做出调整,及时对原设计做出调整，以防复杂情况的发生,243,根据放喷井口压力、产量、液量等及时对原设计做出调整，以防复杂情况的发生
R00553,注脂枪枪筒漏气且漏点处结冰,存在高风险,不能冒然将注脂枪拆卸掉,243,漏点处开始结冰，不能冒然将注脂枪拆卸掉
R00554,发现现场的异常情况,需及时监测数据,全面及时监测产量、压力、温度等数据,243,保障试气过程中全面及时监测产量、压力、温度等数据，及时发现现场的异常情况
R00555,阀杆处密封受到损坏,阀门外漏,检查密封,244,1 号闸门在经过压裂施工后，阀杆处密封受到损坏
R00556,阀板阀座公差偏大,阀门内漏,控制加工公差,244,阀板、阀座在加工过程中，公差范围偏大...出现内漏
R00557,钢珠不复位,泄漏,检查复位,244,注入阀的钢珠不复位
R00558,更换孔板后测试气产量远远高于更换前,油嘴可能被刺坏,检查油嘴,245,更换孔板后，测试气产量远远高于更换孔板前，判断油嘴可能被刺坏
R00559,对潜在风险缺乏认识,耽误最早发现整改的时机,制定风险预案准备抢险装备,245,操作前没有做好风险分析，没有制定风险预案准备抢险装备
R00560,放喷初期测试天然气产量高且产液量大,油嘴高压冲蚀损坏风险,加强岗位技能培训及安全交底,246,该井放喷初期测试天然气产量高，产液量大，气、液同产期间瞬时高产天然气流对油嘴造成高压冲蚀损坏
R00561,井筒返出压裂砂和桥塞碎屑,油嘴冲蚀破坏风险,钻塞过程中充分循环洗井并打捞碎屑,246,钻塞过程中充分循环洗井并打捞碎屑，尽量清理井筒，避免放喷求产过程中因返出压裂砂和桥塞碎屑等对油嘴造成冲蚀破坏
R00562,全井筒试压 90MPa 压降 20MPa,试压不合格,找漏、堵漏,248,全井筒试压 90MPa，压降 20MPa，试压不合格...处理过程 1. 第一次找漏、堵漏
R00563,打压稳压压降明显,存在漏点,找漏施工,248,打压到 20MPa，稳压 2min，压降明显...进行找漏施工
R00564,技术套管压力升至,可能存在套管串漏,找漏,248,技术套管压力 20MPa 升至 32MPa...发现生产套管和技术套管串漏
R00565,试压规定时间内压降符合标准,试压合格,继续后续作业,249,15min 压降 0.4MPa，合格
R00566,生产套管压力降且技术套管压力升,存在窜漏风险,进行找漏作业,249,生产套管压力由 80MPa 降至 49MPa，技术套管压力由 0 升至 46MPa
R00567,压裂施工过程中技术套管压力超过 50MPa,技术套管压力异常,从技术套管放压管汇放压,250,若技术套管压力超过 50MPa，则从技术套管放压管汇放压
R00568,生产套管、技术套管窜漏井压裂施工,施工风险高,减少压裂段数，降低压裂规模,250,生产套管、技术套管窜漏井压裂施工，减少压裂段数，降低压裂规模
R00569,钻井下套管时,需保障密封性,建议进行气密封试验,250,钻井下套管时，建议进行气密封试验
R00570,张力突然升高且绞车抖动,工具串掉井风险,停车检查电缆及工具,251,张力从 3.6 \mathrm{kN} 升至 17 \mathrm{kN}... 绞车抖动明显，初步判断工具串掉井
R00571,油管头与闸门连接处渗水,井口密封失效,整改连接螺栓,251,发现油管头与 1 号闸门连接处有水渗漏，经整改连接螺栓
R00572,油管头钢圈内进入陶粒,密封不严发生渗漏,清洗油管头钢圈槽，换新钢圈和 1 号闸门,252,油管头钢圈内进入陶粒导致密封不严发生渗漏
R00573,井筒内有杂物，桥塞外径和套管间隙较小,工具串加速，电缆脱离,进行排量和通过性模拟计算,252,井筒液体中的固相...沉积...致使张力急速上升，工具串和电缆在电缆弱点脱离
R00574,压裂施工压力较高，排量较低,酸作用在钢圈槽的位置影响很大,加强风险识别能力，制定好应急措施,252,本井第 1 段压裂施工压力较高...排量较低，因此酸作用在钢圈槽的位置影响也很大
R00575,压裂完成后等候时间长,需冲洗井筒,泵送射孔前大排量冲洗井筒,253,如果等候时间长，则要求在泵送射孔前大排量冲洗井筒
R00576,制定射孔施工设计,需进行风险分析,对工具串通过性测试和在上倾段和低洼段进行风险分析,253,在制定射孔施工设计时未对工具串通过性测试和在上倾段和低洼段进行风险分析
R00577,试压观察期间压力下降,存在泄漏,找漏,254,观察压力 30min，油压下降 2.5 m{MPa}
R00578,下管柱遇阻,井筒不畅,大排量反洗井,254,遇阻，立即大排量反洗井 10 m{m^3}
R00579,封隔器试压失效,封隔器损坏,更换封隔器,254,封隔器失效，发现封隔器胶筒局部损伤，更换封隔器
R00580,验封油压 6min 降至 25MPa,封隔器存在漏失,更换封隔器,255,6min 油压降至 25MPa，封隔器存在漏失。更换封隔器
R00581,尾管中有大量水泥块,封隔器失效,更换封隔器,255,发现尾管中有大量水泥块。更换封隔器
R00582,井筒存在多处丝扣渗漏,为保证施工安全,降低排量，限压 60 MPa,256,井筒存在多处丝扣渗漏...为保证施工安全，降低排量，限压 60 m{MPa}
R00583,钻井下套管时,保障套管密封性,进行气密封检测,256,钻井下套管时，进行气密封检测，保障套管密封性
R00584,桥塞下入遇阻且油漆被刮掉,初步判断井内有落物,下铅模探查,257,起出后桥塞上面的部分油漆被刮掉，初步判断井内有落物
R00585,铅模凹槽内有螺纹印,落物为金属工具,下强磁打捞器,257,凹槽内有螺纹印，螺栓直径约 6mm
R00586,工具入井时未严格执行井口防护措施,工具落井风险,井口操作时对工具进行捆绑,258,井口操作时是否对工具进行捆绑，井口防落物措施是否到位
R00587,试气队井口坐岗未执行 24h 看护制度,落物未发现,派专人监管,258,对整个装枪到入井过程派专人监管
R00588,吊装注入头时速度不稳定,产生冲量导致超载,控制起下吊物速度,259,速度的不稳定性造成连续油管产生冲量...导致吊车侧翻
R00589,吊车司机状态不佳,无法判断安全工作范围,评估司机状态及安全系数,259,吊车司机状态不佳，不能及时判断出该车的安全工作范围
R00590,吊装施工前准备不足,存在安全隐患,做好吊装条件检查,259,吊装施工前，施工准备不足，没有做好吊装条件检查
R00591,吊车作业前,需检查资质,检查验收吊车和司机资质,260,作业前检查验收吊车和司机资质，查看吊车各项部件是否正常工作
R00592,压裂施工时邻井反映井口溢流,发生压裂与邻井压串,密切关注施工现场人员工作状况,260,正在施工时，正在三开钻进的邻井反映井口溢流
R00593,压裂设计方案中,应考虑邻井钻井进度,给出风险提示,261,压裂设计方案中应考虑邻井钻井进度，给出风险提示
R00594,发现气体中含有 H2S,存在安全风险,立刻关井上报,261,发现气体中含有 H2S，立刻关井上报，联系措施
R00595,责任主体部门,应组织相关单位,做好技术交底和风险提示,261,责任主体部门应组织相关单位做好技术交底和风险提示
R00596,发现 H2S 泄漏,存在中毒风险,佩戴正压式空气呼吸器,262,佩戴正压式空气呼吸器进行现场巡回检查
R00597,钻井过程井漏,可能产生 H2S,怀疑外来物在地层环境下产生 H2S,262,初步怀疑为外来物（漏失的油基泥浆或污水配制的压裂液）在地层环境下产生的 H2S
R00598,H2S 浓度异常,需强化安全意识,开展专项应急演练,262,组织开展 H2S 泄漏的专项应急演练，强化安全意识
R00599,现场应急物资管理,台账齐全准确,检测台账、检查维护台账、使用跟踪台账齐全准确,263,要求正压式空气呼吸器、H2S 检测仪等应急物资检测台账...齐全准确
R00600,放喷求产,制定合理制度,做好气样监测工作,263,制定合理放喷求产制度，做好气样监测工作
R00601,压裂最后一段顶替时,确保井筒干净,保证大排量和足液量,264,压裂最后一段顶替时，要保证大排量和足液量，确保井筒干净
R00602,桥塞质量问题,桥塞座封失效,加强桥塞产品的出厂检测,264,可能为桥塞质量问题，导致桥塞座封失效...加强桥塞产品的出厂检测
R00603,慢燃火药燃烧过快,桥塞卡瓦座封力不足,改进桥塞慢燃火药，延长燃烧时间,264,慢燃火药燃烧过快，造成桥塞卡瓦座封力不足...改进桥塞慢燃火药，延长燃烧时间
R00604,监测人员发现技术套管压力瞬间升至 65.0MPa,初步判定生产套管有漏点,停泵,265,监测人员发现技术套管压力瞬间升至 65.0MPa，停泵
R00605,黑墨水试挤出口见返出黑色液体,生产套管有漏点,关井监测,265,出口见返出黑色液体...12 日 8:00~16:45 地面关井
R00606,出口见返出示踪剂,存在漏点,估算漏点位置,266,出口见返出示踪剂停泵，推算漏点：地面管线与压裂井口内容积 81L
R00607,摄像头入井视频证实,双公短节本体有穿孔及纵向裂纹,判断漏点位置,266,通过摄像头入井视频证实双公短节本体有穿孔及纵向裂纹，漏点在一级套管头以上 0.26m 处
R00608,套管短节存在裂缝且压裂过程中破裂,套管短节存在质量问题,切割更换套管短节,267,现场初步判断套管短节本身存在质量问题，压裂过程中导致破裂
R00609,试压稳压 30min 压降≤0.3MPa,试压合格,继续后续施工,267,稳压 30min，压降 0.20MPa，合格
R00610,压裂施工,必须做好压力监测,采用数采设备将压力情况接入压裂指挥室,268,采用数采设备将压力情况接入压裂指挥室
R00611,采用示踪剂找漏,尽可能计算准确,计算地面管线和井口装置的容积,268,采用示踪剂找漏尽可能计算准确地面管线和井口装置的容积
R00612,换套施工操作,必须安全平衡,避免损坏下部丝扣和套管,268,换套施工操作时必须安全平衡，避免损坏下部丝扣和套管
R00613,临时封井注水泥施工,决定定点一次打完整个封井水泥塞,定点一次打完整个封井水泥塞,269,通过现场讨论，决定定点一次打完整个封井水泥塞
R00614,连续油管上提前水泥浆未出连续油管顶部,水泥浆超缓凝,进行原因分析,269,连续油管上提前水泥浆未出连续油管顶部...出现水泥浆超缓凝现象
R00615,固井车在低泵速条件下,计量误差较大,注意计量偏差,269,固井车在低泵速条件下计量误差较大，流量计计量不准
R00616,水泥浆实验温度过高,水泥浆出现过闪凝,降低实验温度调整稠化时间到 220~250min,270,降低水泥浆实验温度（根据实际井温），调整稠化时间到设计要求 220~250min 避免水泥浆出现过闪凝
R00617,钻塞施工井内出砂,长时间打磨直角弯头造成刺漏,安装时认真检查弯头,270,安装时未对该弯头认真检查，钻塞施工时井内出砂，长时间打磨直角弯头，造成弯头刺漏
R00618,发现管汇台油嘴下游直角弯头刺漏,立即报告并切换通道,打开备用通道闸门关闭刺漏通道闸门,270,15:58 坐岗人员发现刺漏后立即通过对讲机向值班干部报告情况，同时打开钻塞备用（测试流程）通道闸门，关闭原钻塞通道刺漏直角弯头上下游闸门
R00619,钻塞、放喷流程,宜采用加厚直角弯头,采用加厚直角弯头,271,在钻塞、放喷流程上宜采用加厚直角弯头
R00620,巡视和操作人员,严禁站在流程弯头的液流流动方向,禁止站在液流流动方向,271,巡视和操作人员严禁站在流程弯头的液流流动方向
R00621,弯头使用,需建立台账并检测,定期进行壁厚检测,271,建立弯头使用台账，定期进行壁厚检测
